Time,V1,V2,V3,V4,V5,V6,V7,V8,V9,V10,V11,V12,V13,V14,V15,V16,V17,V18,V19,V20,V21,V22,V23,V24,V25,V26,V27,V28,Amount,Class
111769.0,-1.76067171516873,1.1959531944563,-0.829503202970026,-1.53753679912828,2.69597439344744,3.66393883966364,0.117056934580893,1.11608039165316,-0.262895638881277,-0.515500048724046,-0.286481333046165,0.158643610775978,-0.359546733748042,0.542449380975957,0.417660148293192,-0.711734615377537,0.0151563194003519,-0.590747236256751,0.658154415473688,-0.229391633989794,-0.116939624544258,-0.7537084061235,-0.254028797487514,0.684130362249105,0.665852787592672,-0.387514317936819,-0.904246256845605,0.0402686193613263,6.81,0
55821.0,-1.4740188277418,1.7858977033341,1.37789189311175,-0.117006459161078,-0.223549792122658,-0.439301307232563,0.122994498702286,-1.56839010307883,-0.0761504586515718,0.375728922305196,0.512530345403142,0.931190865078483,0.955607101954397,-0.100280825190306,0.94307391623244,-0.327269262151874,0.12559403841454,-1.1144511817193,-0.641277413643266,0.0238089243709753,1.30635424160556,-0.861232315674627,0.295981965154194,0.582274171180768,-0.161837022888194,0.0867133675729727,0.577302249720616,0.271500644434961,5.99,0
133606.0,-0.407347911449524,0.820792570071054,-0.217682935456504,-0.16958445261377,1.08343869344426,-1.4581048536105,1.30848600141093,-0.567571392474729,0.0503143749874594,-0.568860498235676,-0.340496440943411,-0.189687169147392,0.343520284057746,-1.23780764392523,0.705521087986738,-0.0959264388136267,0.397521056184482,0.689528338345769,-0.111647566312869,0.118221425685941,0.237062685128356,1.14824454095903,-0.0462355287609519,-0.0147740182987801,-0.382498960289062,-0.179341050753557,0.209380176906297,0.0812940654261028,25.89,0
70206.0,1.2172921944711,0.614667517420866,-0.476507951505904,1.16524287687422,0.239201346547585,-0.748422548148296,0.154003009984543,-0.0370577319166281,-0.220713368156614,-0.491395474420558,1.40860523616898,0.087415381395891,-0.796177328412957,-1.01812897437395,0.490790112998591,0.921749960898074,0.564907322543157,1.2820054329305,-0.207464542382111,-0.121760582979367,-0.0457661991724984,-0.128089987484135,-0.16808211530812,-0.149583022703851,0.680813833692365,-0.322120563072582,0.0263616143436696,0.0424712090396943,1.0,0
112279.0,-0.0705225227207598,1.13308447290776,-0.558460964236585,-0.645310272981568,1.22251374179368,-0.742756167650874,1.16090078350699,-0.0978026124740039,-0.188534052278182,-0.914839691881711,-0.961105499068896,-0.695227103961295,-0.785687479967532,-0.850680783420515,-0.157010279415705,0.197462447168645,0.549923359476932,-0.0522008090011426,-0.163226301340487,-0.002232365373818,-0.242868510145265,-0.56437526652143,-0.132876115481985,0.313172198952066,-0.0399278941039276,0.339532979363786,0.229490774665899,0.115727091060174,2.32,0
66458.0,-2.28581442732906,2.28237867816655,0.174705033964873,-0.0418469697261185,-0.805990050043007,-0.827492848461615,-0.10383903261618,0.77840931439865,0.105684280025901,0.360254623117324,0.0909842324947137,0.404084940578387,0.073235271082278,-0.0820033422155951,1.1381502173974,0.140439633524914,0.692442969682429,-0.686323843857948,-0.661928458897613,0.159939171448561,-0.156396668041902,-0.624472722417047,0.181315456965217,0.333534549084512,-0.131554992417991,0.0461577114642472,-0.231413691421588,0.184985250626268,12.99,0
144519.0,2.0556183321953,0.682945750728604,-3.15016591134956,0.597499996970405,1.36769147794873,-1.24972376874738,0.746881721702827,-0.347441880394874,-0.323332285677019,-0.901914699573206,1.91236708857043,0.693447865787862,0.237617776390232,-2.32518480133235,-0.716571402835225,0.429765771573744,1.96358724752832,0.877313991878069,-0.101360353084873,-0.0874189920654619,-0.0037183838081795,0.193650811040067,-0.0507389291537546,0.550247081026189,0.370734586758526,0.662582370994492,-0.0785662302371669,-0.0220279190992459,0.76,0
78311.0,-0.805616611327124,0.999329933796317,-0.362907607751505,0.816663230380828,0.646733152777919,-0.353397814967427,0.372215558668864,0.38362207269199,-0.756660828236234,0.359058563321515,0.965277202308344,0.773205481093712,-0.0154583880541441,0.930745687833356,0.254910718040423,-0.430519868529952,-0.0977591368407432,0.0605903521659713,0.486908876328674,-0.273132982278802,0.203681837466435,0.805633151031229,0.384452549698615,-0.296134813557331,-0.680606529850506,-0.385997296721794,0.152748956679804,0.0826314898488715,0.89,0
43081.0,0.89867165703334,-0.575137510623192,1.01017269690152,1.6908936123116,-0.698218710899672,0.840010967045367,-0.425717352707758,0.152925745099496,1.26685003086217,-0.485146338396789,-1.8888792619413,1.34047248738186,1.37352631328585,-1.2066991462782,-1.88632334785768,-0.520497576289299,0.0390535333778116,-0.495278761214473,0.646253805020345,0.229742602049066,-0.241410496059343,-0.468090555639914,-0.252359658724371,-0.39484242575931,0.631623545633865,-0.376143363401925,0.070880822060481,0.053763024413965,150.0,0
46259.0,-0.778020440671134,1.11982041680544,1.8274952034746,3.55460153892027,-0.602588407466507,0.548214578159996,-0.0185877349089176,0.651024813384155,-1.30524916836723,0.389240707349728,-0.568124961364594,-0.249256905393967,-0.609455635121107,0.456643316871237,0.743422155924538,-0.948162357485797,1.24228158730586,-0.635104705425837,1.38833981511729,0.167008885001011,-0.0572394513552451,-0.258476497822407,0.212180870768157,0.370138838390643,-0.491912855797293,0.14928475339499,0.0376416947426228,0.0597065226785152,63.4,0
158854.0,1.98610199963371,-0.448108449933443,-0.256974498013999,0.461988034888212,-0.747536652900057,-0.428450721495168,-0.651414277288672,-0.0386700567983379,1.23955254179324,-0.007621825291705,-1.0310150154737,0.452782217562235,0.399737901263021,-0.310556813307103,0.379624668633093,0.29186249635317,-0.494274138938474,-0.0739662896390361,-0.283483974460038,-0.175385726141974,0.160899577049443,0.705196302686463,0.147778408112455,-0.104991618255236,-0.268592875727509,0.580311707899378,-0.0149165572307458,-0.0479875467019131,11.5,0
38307.0,-2.13843004697498,-1.02448185747503,1.05017867519502,1.60619226799649,2.91241309245778,-1.42741234546468,-0.950809059479393,0.418251549149516,-0.851318439240686,-0.613088820084618,1.50298543872975,-0.243104107254795,-1.08169560388195,-0.855803498807069,1.27041638261913,0.091798762602872,1.32400966569767,1.23789679944734,0.649219520464582,0.65247876196063,0.226933562956773,-0.0242466179847317,0.0188415354551641,-0.468018829592222,0.479939859558936,-0.110383811362475,0.0260310294138209,0.142021296294128,1.0,0
143750.0,-2.26989484854962,-0.674925489568279,0.334914312030333,-3.00719942713384,-1.10161010899588,0.14601114009726,-0.826236795005056,1.07737268214647,-2.31242050395713,0.535129732043455,-0.16321453601703,-0.568100246474143,0.0264511364957563,0.112688794512678,-1.18522809002976,0.317907253251601,0.208669599130879,0.803583394150461,-0.461379667660487,-0.189700215710183,-0.112404198869858,-0.185898206139079,-0.141751639504149,0.261938214637962,0.794370846389227,-0.134171343204372,0.242785493121942,-0.190499056835622,100.0,0
83452.0,1.18479094268326,0.126809140501773,-0.545774523486271,1.34483635854983,2.01154781682895,3.96402251843222,-0.782594178817044,0.985723168710691,-0.592803999519587,0.723995749392308,-0.368741569503734,-0.282627607746867,0.125304930902844,0.204805078168808,0.948641328302011,1.26006948624724,-1.26184372867896,0.542313589502256,-0.853450360167384,0.0247427260101925,0.0988869397244581,0.0859730548557269,-0.109697572078999,1.00521865585012,0.590301191450437,0.110444555303124,0.012153420084496,0.0262384643591162,22.7,0
36452.0,0.994913344633179,-0.19391806324564,1.34140146455025,1.8166584758728,-0.823981913115225,0.445101233796195,-0.427801319124499,0.208511183522216,1.10025617957566,-0.456504594072298,-0.674673609803017,1.53004424707651,0.507194988777127,-0.879959478790678,-1.81401807035973,-1.27605835407502,0.846614148436732,-1.55472996760089,0.0358239626346822,-0.100726720116248,-0.36503158701274,-0.608980979862005,0.0864235440702654,0.431959182663247,0.398422363477469,-0.536131910158403,0.0910160110984016,0.0394690439772532,43.0,0
125217.0,2.13501805399752,-1.2187164280735,-0.899963531534436,-1.10337933104297,-0.776106112116278,0.20761441873104,-1.23726290379805,0.209388439843303,0.151472153991736,0.943100223812887,0.0090259122707784,-0.905773554248772,-1.3601800007959,-0.0144734993342916,-0.258356213675416,1.63621488627471,-0.276042142709031,-0.21077525247946,0.989025052319763,-0.0341849519257232,0.320356840670023,0.81897537619116,0.0823628044083926,0.0843048565728775,-0.138950443677235,-0.0987047976372987,-0.0134694710410645,-0.0574152712773841,32.37,0
63431.0,-0.95628679068384,-0.263710090245279,1.66095510685585,0.238685569234608,0.444570456486951,0.65923880181162,-0.548236537404957,0.386338715585416,-1.2617147060039,0.747834490405154,-1.88714767527,-1.33149448909821,-0.204569676141253,0.0379452736571341,1.95442298841745,-1.4048506368661,-0.114649082577441,1.97429793107768,-0.0533416552300628,0.0415836479498554,-0.234573544975547,-0.310269167616016,-0.17142802837769,-1.3842819135419,0.367900456487254,0.0172839178481805,0.353544190774332,0.152045964232861,44.0,0
67332.0,1.19643336190831,0.194068075535682,0.244072460623819,0.661754576619812,-0.298663366140849,-0.628193906702759,-0.0605064330400046,-6.06737385429165e-05,0.207144150087118,-0.295826080686276,-0.0468442827103962,-0.309422805130613,-0.976751969873001,-0.0216216394567751,1.47685912038395,0.242747551135278,0.340976315849563,-0.601091348621001,-0.551362348839969,-0.171682814076792,-0.268634015163786,-0.816873110763945,0.165841419101936,0.0019157590292697,0.100198717101812,0.127213342837794,-0.0158821775914065,0.0262952077456808,9.99,0
142921.0,-0.396750612588699,0.225819842706445,1.85403670887599,-0.756955337372203,-0.349105932872906,0.268550243244448,-0.191326325700954,0.448215558921318,0.600713809018302,-0.627662310991499,-0.101581632345458,-0.608223604045358,-2.23227540204094,0.172524783973758,-0.270313041868349,0.839948697037491,-0.816456152670258,0.923069345535689,0.0296625983629978,-0.229406819321909,0.0926136168247418,0.236872252719781,-0.101263621025015,-0.433084596278512,-0.724701164657764,0.340947388737317,0.125535776719732,0.146805224812143,5.49,0
61816.0,-0.0732265934607521,0.295637740351361,0.970711899656737,-1.08945854830183,-0.568200408139488,-1.46774191986645,0.56801204559501,-0.262338623199028,-1.53879428808177,0.342544024717323,-0.602557080069863,-1.18500526910864,-1.41284427071942,0.5473583780131,0.545371468788928,-1.70670944905689,0.320573823469945,0.906401618607253,-0.614013063172858,-0.539992600907779,-0.334737874363637,-0.590866109213471,-0.0776584785225813,0.71169526397151,-0.0923503833195833,1.01689944968846,-0.0728134656256118,0.0009047124024191,9.0,0
169902.0,0.143149013888684,1.08746478113227,-0.39745645977541,-0.553104891367667,0.998010241256127,-0.808531274586563,1.02920721137042,-0.155801274100374,-0.169586720375593,-0.858402876550565,-0.573293329717728,0.308809849095995,0.828061775321481,-1.18090417358211,-0.326842894265632,0.30045664036759,0.310650560398304,-0.307691159610548,-0.225251318513231,0.0754343839469171,-0.332902557325337,-0.772805365655192,0.0858097146653739,0.581261747774005,-0.389448267976597,0.110944768234795,0.227154716346675,0.0860607838807704,3.99,0
154447.0,-0.281605676932993,0.831822521383431,0.629929826568746,-0.751585473893867,0.976441270247409,-0.859799949208502,1.85772060400717,-1.04906095455749,0.434132690186532,0.47135407253375,-0.574508886936429,0.338613084442314,0.759669902601398,-0.781611233835337,-0.662100192051548,-0.68391329707014,-0.643671694514427,-1.04158997761736,-0.0158492463036733,0.140751031659866,-0.263247905436198,-0.0400008504074348,-0.0219126610341315,0.0260108839659956,-0.915169884968775,0.0324180699903325,-0.479813658833915,-0.386297174723797,27.96,0
79336.0,1.20287569683682,-0.476892246063818,0.859602858632059,-0.764192605557713,-1.12184341108391,-0.381245481625844,-0.725240178682359,0.168047744313093,1.9847560060771,-1.09154511570169,-0.405206425909019,0.239495008148671,-1.16442268279557,0.0991945573791573,1.6451487540463,-0.683241304000028,0.196628259927018,-0.125876737077201,0.205015274661347,-0.228215072161215,0.0026040069261153,0.238343502544169,0.0071124257140102,0.0678604860697972,0.39000817650161,-0.65318825472933,0.102917655168067,0.0295151215286039,1.0,0
75167.0,-1.14297788927709,0.931093143951593,1.50830532296944,-0.0167509924015044,0.175115642043727,0.38782906557351,0.213700289905183,0.645778549777927,-0.845738225206605,-0.896592517582749,0.828103939785812,1.42002616069198,0.818011383422116,0.18059770800247,-0.91431827632125,-0.338064912385854,0.123008977373333,-0.441992748794169,0.510814907068051,-0.0100487687635256,-0.0481594807758577,-0.175356789153005,-0.234940345404949,-0.241135923691931,0.364465997079193,0.331623927377578,-0.0919129990964013,-0.0382009863582308,18.98,0
129200.0,0.292192745247388,0.723728178742476,0.367974015130278,1.03744966126178,0.499149159570069,0.105712730168977,0.775235046096733,-0.39691067337547,-0.114245792593045,0.399136777586094,-1.08057464854111,-0.276738468424826,0.0683307705624149,-0.1056998024889,0.603515345218074,-1.6785732369578,0.743418284048434,-0.0094477405725093,2.90200125739988,0.278253548611512,0.205457334150356,1.08158662290322,-0.261284628432296,0.79108819431246,-0.591513404761461,1.00811838595025,-0.0926090654085481,-0.0250574901699845,18.08,0
46058.0,-3.50744614807942,2.88491791570712,0.0810953381521924,-1.8434917176931,-1.15087585560706,-0.652346784479147,-0.346901553153411,1.18879169205749,1.25173483785187,1.92831048079417,1.50199461564133,1.01286310254119,-0.333972398555776,0.148633804272852,0.149617583091966,0.463198093581865,-0.333684587572679,-0.413435547642088,-1.11103722407207,0.970094131510022,-0.231694053686954,-0.125063876748143,0.168176339851181,0.209088575536296,-0.0016102945688545,0.710620888916365,0.507312622504032,0.0733644864956389,1.46,0
48961.0,-1.15776636269914,0.546858962412978,1.28554357362893,0.402164902427607,0.216261087753037,0.0613131845843077,-0.175789498971737,0.680783999286345,-0.54006271009205,-0.57767042333122,-0.126343800496556,0.0743383361622402,-1.06936865274947,0.59239407301216,-0.517380381114547,-0.0528171667791912,0.0297787481304698,0.500367124227862,1.71082693157531,0.0395712815674964,-0.110790737432613,-0.533014371855617,-0.331084466324258,-0.486039063491152,0.338098608619192,0.438293583341222,-0.0912485410507055,-0.0882827000253581,1.18,0
79276.0,1.20388613203431,-0.377067088188537,0.888252869287065,-0.777582370086827,-0.998869574957762,-0.348461721367827,-0.63175404905092,0.0897651789979545,1.77611605576112,-1.1320162497947,-0.170218444240045,0.972333378884075,0.213511436828541,-0.175031419578765,1.49396575807974,-0.747877394197567,0.117887052699202,-0.294932696181426,0.195712029713206,-0.139930122756655,0.018446907408992,0.351193158444904,-0.0094268537435135,0.105587128185519,0.436631324093857,-0.657805809708013,0.111925546633422,0.0324744806747048,1.0,0
5966.0,1.25726259657624,0.780264277151495,-0.28739346889901,1.15362042465719,0.029069580307391,-1.5975938449305,0.327098824657183,-0.421443007555208,1.09064570814521,-1.08460475487025,1.43887449803714,-2.52526987490196,1.52589080899273,0.150808671302576,0.203379744448469,0.424793095930199,1.88601607550045,0.428924015903155,-0.692664470123511,-0.122074012935071,-0.282608833730626,-0.509340794036976,-0.0316538699416234,0.539632439266214,0.505149890606356,0.309972632813526,-0.0567822074928086,0.0398392783360866,0.76,0
48778.0,1.21700734839826,0.522158029663263,0.303668422454612,2.08960184068066,0.40706738385441,0.461155099065415,0.0003287720650332,0.121787549932465,-0.915258587622681,0.83997293766459,0.169049999502657,0.252062135433459,0.158369761574555,0.415708742962218,-0.0534681078308804,1.31305622648052,-1.32359922703553,0.406649635573256,-0.193229227002766,-0.095840454872975,-0.272026360147387,-0.902147845867393,-0.0144960677494768,-0.884157475265735,0.372477392017586,-0.211658658425138,-0.0129112669145256,0.0074072244396936,7.04,0
59266.0,-0.998027905731733,0.138850471187414,-0.384122544415245,-0.9359877250463,2.96322009187484,2.9839734993008,-0.0563535514590404,0.907828425205304,-0.387108479005634,-0.300946161993376,0.0062980453130632,-0.31974819190495,-0.0289545638390558,-0.313155059632321,1.15081545770495,0.732564361345303,-0.509341680834176,0.33919623176277,0.347611857666077,0.109689692761262,-0.351632569016999,-0.945427252294949,0.573723422306838,0.922985155223153,0.138660629591981,0.102089155975018,0.203646273502442,0.0173272546124882,0.89,0
125487.0,1.87892014360557,-0.454829038881892,-0.48030732591678,1.27363916833292,-0.575419481992563,-0.154898131051833,-0.625166642344337,0.153052614224273,1.24632920088461,0.26467745545057,-1.38980561374017,-1.05549349806192,-2.18788546142051,0.461547251053457,1.08666400453822,0.617695781197081,-0.696200203256561,0.693912568228278,-0.731212988781603,-0.271968407708619,0.21730967587099,0.523951388407941,0.154253098733478,0.65441966917247,-0.160285113275074,-0.592043419659659,0.0277073463453767,-0.0199828264980515,53.55,0
69861.0,-8.3181689352311,-10.2714239852658,-0.471956436501479,1.09787615098763,4.06587415990955,-4.5966188302598,-0.479744924153901,-0.396476682095897,1.13600974191761,-0.771470289465713,0.139265741226767,0.869051829883387,1.01290900881097,0.268374234011042,2.28564405396537,-0.546074661535699,-0.0457981537858775,-0.199462579477203,2.15405885290696,0.606880615302328,-0.485948163749661,-0.899669541450839,4.96094099495699,0.329988400125378,0.61954575043456,-0.320801921886344,0.551443821089589,0.750918578457971,706.0,0
118528.0,2.06397926227837,0.0259549087698235,-1.03895986400928,0.408072537635713,-0.0572420611068818,-1.19531939310177,0.252457583675028,-0.392849113191316,0.387862152496589,0.0439536200166132,-0.560663057946508,0.979472370277527,1.07382847808754,0.0744726943402012,-0.0717218501138844,-0.155352304866765,-0.342653122907686,-0.996807715042589,0.136193768987898,-0.161531748685629,-0.277539380710323,-0.614185414155044,0.329886352025009,0.0739624757542555,-0.265053964756487,0.192078974742694,-0.0639569461713876,-0.0578143659108864,0.99,0
121548.0,2.00178070361698,-0.4496753592436,-1.16239016320404,-0.387539086860923,-0.26953149193801,-0.946673074503176,0.0329221032719261,-0.331449524924403,1.02284942435635,-0.36866109449193,-0.443266878856357,1.29902581425164,1.17797916504876,-0.248340414030226,-0.494554717350801,-0.741653432192815,0.0891576422013686,-0.868917342790771,0.383276794492457,-0.0316602510961771,0.102036115438625,0.562524563132996,0.106026925659852,1.29059435076097,0.0273968292687762,0.93447636722354,-0.0902445727210879,-0.0552681918424952,39.83,0
135170.0,2.00156505781137,-1.04847490370235,-0.456428970576727,-0.490904317974195,-1.07742536909092,-0.25268816384232,-0.913755875757561,0.0387872412148317,-0.231806146432157,0.964038379769892,0.37386404301681,0.562627990007864,0.136400262542244,0.0299334982336821,-0.282626827596188,-0.787543614054063,-0.591109862050817,1.47662921682971,-0.401192838898525,-0.494011028955284,-0.567693967355456,-1.21804143046,0.433131186278146,-0.395688141766151,-0.771832524408472,0.230183993742844,-0.0283407965512467,-0.0442546539256624,56.84,0
133444.0,1.96273745947304,0.135844884480759,-1.7353551428787,1.17977289897914,0.736323120615735,-0.407882921396206,0.520694110624213,-0.194348144460344,-0.106639984630057,0.405489867510001,0.76849514060801,1.09396799171637,-0.114644754609484,0.678292235287978,-1.19805899434305,-0.530810675974183,-0.404065334501236,-0.160255417873299,0.0613875747544413,-0.213806384790051,0.109911947021723,0.443380713182197,0.0077857255404387,0.715568850957358,0.444538078917873,-0.545215111713373,-0.0251231721128871,-0.0615771686617493,24.99,0
124448.0,2.11473397908021,0.0290933629549092,-1.90637661002521,-0.224831589915748,0.763427092901747,-0.666415515690516,0.466548939041017,-0.389580847811289,0.320617090947705,-0.10278862098937,-1.01643974655223,0.782625326560804,1.47852737436659,0.28249099674602,0.636098162583512,-0.0391423949246361,-0.776429191286159,-0.491182598766666,0.396678571185184,-0.050742909810859,-0.176892191476366,-0.442395078119155,0.150950903127337,0.0608344774764751,0.0799420760226484,-0.152738798314406,-0.0560187681150865,-0.0541071911837874,24.0,0
139719.0,-1.87620047581367,0.400508385517158,-0.960014689220291,-0.894858088674536,1.59563559999115,-1.47335242067473,1.19514199370369,-0.0309532655968436,-0.571870211927461,-0.593843754030531,-1.01555361765038,-0.0978892996860652,-0.134836223125056,0.895021249452986,0.180869528570284,-0.513392124261762,-0.202127084696987,-0.363243034487007,0.121897777662922,-0.492541706531912,0.0825086259146711,0.661654203465537,0.305471615051494,0.660573290056973,0.799056615556066,0.256378911794546,0.107198898636797,-0.0280738302402713,21.22,0
56685.0,1.13320440682332,0.0254158792177636,1.29911773243593,1.33941088144174,-0.881022850317597,-0.166787848636128,-0.461779198643563,0.0178031788595373,0.702273669162447,-0.243206437612714,-0.577759341892231,1.14321252449159,1.27709757623516,-0.604377766400157,0.0434121496010052,0.0209609753259617,-0.318560878317545,-0.21284850662262,-0.223357752751583,-0.0327959160967737,-0.0416721589061788,0.12282120373581,-0.0284324747977579,0.430562742181715,0.453043327467093,-0.414560235070351,0.0785822760594713,0.0428618122943963,20.0,0
148946.0,1.55698724488711,-1.92678279299693,-1.23468596727729,-0.56705766207505,-0.717030880560206,0.693871373500941,-0.647208142022861,0.122746641514938,-0.203833857803409,0.838910776914587,-0.340548831160802,0.212254266860162,0.207391581979467,0.0549844378010242,-0.135475483295928,-0.49796534597105,-0.875969835470867,1.83017070287391,-0.186536713064398,0.0886545935463903,-0.465479057012287,-1.56417840097712,0.1449481998257,-0.401399564084098,-0.752775816584637,0.215381049307847,-0.0848709245121431,0.0006253509277533,319.9,0
162376.0,2.0536958020594,-0.207174229745538,-1.26995734023359,0.200866856869122,0.0280675076432022,-0.648667403338763,-0.0200145775518184,-0.0814921537246246,0.516296028790688,0.282405787967289,0.304571846598264,0.26160685149721,-1.26963263410576,0.7083754634121,-0.479584305228858,0.292423104632607,-0.635772905075778,-0.0556869264091818,0.624348264340332,-0.285102200316435,-0.284731258003377,-0.782917036457351,0.285715504766309,-0.529192738914455,-0.309708392198437,0.2125549204144,-0.083713215127601,-0.0779610266005646,0.89,0
160513.0,2.12914240233211,-0.052328581929601,-1.49528709303327,0.157752870950203,0.439003112345714,-0.51876250034875,0.176788835934616,-0.267023463107135,0.544697946295679,0.0536708842004135,-1.55258519778638,0.348766185365868,0.687711781169729,0.129631263769691,0.11522178666292,0.121018823261347,-0.638210668891395,-0.671178613815926,0.466619529467696,-0.169892481729449,-0.347695169546711,-0.831733114154246,0.212723141146979,-1.05108295303461,-0.158213479822843,0.264671075955236,-0.0658781710537319,-0.0703146266965297,0.99,0
70410.0,1.35049613842901,-0.39974033949018,0.248807668640103,-0.659415949608542,-0.876831278463437,-1.22159729323564,-0.17488008301842,-0.319493787766633,-1.07635823330636,0.591259795034193,-0.04031752876822,-0.27568032308482,0.560759043890106,-0.0534407584816055,0.609024653401034,1.0590689275709,0.282596036116638,-1.96692775198089,0.773019545134641,0.166909684110664,-0.258845004318237,-0.971740949122985,0.173653050993052,0.34162187798882,0.198157947624976,-0.647675758664336,-0.0121793838841294,0.0266745912078553,47.9,0
67198.0,1.1589674884127,0.104368021164598,0.576217672706642,0.510226458221903,-0.399120643867471,-0.331659812570423,-0.162662708080303,0.107543055204235,-0.124280616165286,0.0796082637826374,1.76483138656853,0.830808646801718,-0.539005684030198,0.6185873493002,0.646748114608477,0.180761177084616,-0.28040158328945,-0.474840438003268,-0.259924995424183,-0.165912254767183,-0.172793911117555,-0.538540720415093,0.187179911938042,0.199368401609415,0.0630622838259066,0.0965542237888603,-0.0208265095009647,0.0059985928575324,1.98,0
63113.0,-1.42410772325327,0.385743107530246,-0.25420592325837,-2.17875199094065,-1.46837230375263,-0.518644954128035,0.394524647648151,0.710741838267993,-1.2326443255519,-0.355660128887993,-0.401491135430753,-0.641244913447477,-2.28207203808888,1.01902785476667,-1.83677718982548,-0.548948718287382,-0.30697211903874,1.53620976630512,-1.66722315226305,-1.12984921123912,-0.229524926903744,-0.563208748873972,0.0290805701078952,-0.0219887262116801,-0.47891505788893,0.657030416828423,-0.392791082225973,-0.0558430465717883,163.99,0
41046.0,0.952235968459088,-0.377816825795026,0.656236476250706,0.796406495635881,-0.818500390655559,-0.564964584404489,-0.012930782340051,-0.181766498000098,0.360045058536742,-0.271340713694535,-0.361219750624027,1.00596457715273,1.31199194150447,-0.326683886170746,0.305879394378629,0.0586541923457512,-0.268874960549871,-0.444107521353765,-0.103263659945068,0.269176549083838,0.050469691626371,0.0246401418824088,-0.160196924518733,0.487346977443749,0.371454651043156,0.458313648978024,-0.0356289253556595,0.044346469833616,148.9,0
63283.0,-1.68951161432821,1.22880166098428,0.804221767237043,-0.324418630612132,0.177403971351421,-0.143295364523526,0.705852593446378,0.329445944628923,-0.933962019841409,-0.195254988103231,0.603510521673885,0.748713634519874,0.540300797583447,0.535502778006594,0.0809328026252305,0.600120380160605,-0.704768104023726,0.023707669681822,0.909216694168678,-0.0272085660764987,-0.436736092833162,-1.46484090593962,-0.105045991609729,-0.525394934289793,0.162161277662389,-0.0787900342702041,-0.264005530291126,0.0851746447739074,66.87,0
85291.0,1.31336424365759,0.0785074050277037,-1.29161017715527,-0.484039748617382,2.14033192024224,3.18117166924895,-0.506491527233482,0.805143169124163,-0.0739424458503442,-0.216917872898073,0.131560596266759,-0.0281910447578133,0.0112654570903958,-0.113167885293165,1.29987001707385,0.812663649777901,-0.495515788576404,0.166249784711215,0.175524358966493,0.0305143826062908,-0.343336709300022,-1.14792826774824,0.0962395414951102,0.9460653035335,0.370113137780001,0.110741922333798,-0.0216306540039611,0.0234485892419911,0.89,0
36180.0,1.1230393118729,0.254109443435229,0.366060359417406,1.21295149892176,-0.103101700191237,-0.372496046706244,0.157857871059166,-0.118208643575637,-0.150610518183915,-0.0199772991953349,-0.0515385139686369,0.709044342973147,0.879522193360028,0.19419515503565,1.09981015108137,-0.178275337522785,-0.242130576448098,-0.615949731631298,-0.850301635653259,-0.0464500722074453,0.1291484755397,0.4184826321876,-0.120857972114903,0.115712927891062,0.616883078957594,-0.257988357527079,0.0335922711800235,0.0267102406454663,39.7,0
128426.0,1.97466217253158,0.167209364420962,-2.33180587525692,0.722935212112671,0.581418627897771,-0.681770617152344,-0.0025895585840385,-0.0018831697119409,0.622293509499166,-0.873236142949413,1.25804646083074,-0.0526821097683262,-1.49235981794955,-2.21640821725872,-0.876622325977768,0.548152710652929,1.89630129006821,1.19814719396531,-0.0466792155858241,-0.183041350742852,0.0243156592334931,0.27140149099208,-0.0007842282831215,0.533647970283178,0.134525478953674,0.679777027812521,-0.0504463408147336,-0.0172722300568971,12.31,0
134516.0,-1.85987590228739,-0.355008848562602,0.567213064199359,-2.40289686633329,0.535067229226803,-0.300727824045565,-0.196586602196301,0.566679896401351,-1.3734479150877,-0.107917791886394,0.0503195846994939,-0.46601623387614,-0.284175731746661,0.0783617664577076,-1.21190007080606,1.57259985478317,-0.248269587530341,-0.613810950454915,0.608252741663775,0.0390990613135467,0.172865841232116,0.379618991236491,0.0434626770020956,0.196861146708195,1.07471087142352,-0.11457828853393,0.0425097252488078,-0.0389851964391677,23.13,0
79818.0,-0.61746874015863,0.646198937484999,1.40227681332818,0.946330487691677,0.881569937488197,0.753702824130933,0.302237578908409,0.309124537204947,-0.272753677301197,-0.323967655058296,-1.96685833372434,-1.29399847905826,-1.51388210145046,0.36976877703014,1.13415175744235,-0.423689289899846,0.0793072379312073,0.0514694392401348,1.24964098775401,0.0516716360880968,-0.211685124686884,-0.626980518198914,-0.317607372326624,-1.3766834255264,0.381587057183965,-0.195135007271023,0.0885942811611556,0.0667855869830621,11.4,0
47208.0,-1.32995341758154,0.933837608164703,1.42316556253432,0.0546163164508383,0.453702992982013,-1.02958430051141,1.22025690290906,-0.331136784864814,-0.504453810168198,-0.400011568916163,-0.409388441954525,0.194552162904049,0.219270815008697,0.11786654803861,0.252494877819103,0.265905619160027,-0.708275706228836,-0.673523727643488,-0.568377170282338,-0.453884212594268,-0.432671608292015,-1.17830277639833,0.268240547306137,0.31800336053968,-0.0672381782910639,-1.02441861580088,-0.181067450785087,0.048699569456875,41.14,0
62330.0,1.14086473658976,1.22131743135767,-1.45295546048243,2.06757505760281,0.854742052227546,-0.981222507744598,0.325713913670098,-0.0377214068783676,0.113219371615132,-2.12697274994354,0.915947028928619,-0.468571538051367,-0.523377293666349,-4.86186658087283,0.421013353871263,0.866440624739209,4.08248488419359,1.1963181517001,-1.10076358353881,-0.0677120411898438,-0.377597095255037,-0.79345965987036,-0.132333171548173,-0.33158626897425,0.664877856718148,-0.309312434134138,0.099941947375597,0.122988311929089,1.0,1
25254.0,-17.2751911945397,10.8196653713117,-20.3638859739149,6.04661174671427,-13.4650333517322,-4.16664724489873,-14.4094479851747,11.5807967244857,-4.07385571204177,-9.15336803834587,6.21088301172371,-8.77857203246194,-0.0613674966661798,-9.57466229922106,0.0492885399107771,-7.41848727872681,-14.1027718764864,-5.01642333521081,1.39031436050276,1.54497046707519,1.7298040916597,-1.20809608165502,-0.726839224163999,0.112539673508366,1.11919347248491,-0.233188990129274,1.68406299250578,0.503739738280361,99.99,1
123093.0,-1.00241223099445,1.85722444516358,0.516008277385425,0.342126257670052,1.15233749784954,0.0150093699172306,1.45691623975946,-2.17922147826707,1.01901942709019,2.83484700979089,0.0678382452413482,0.0596162827886199,1.46773843417896,-1.15020783515261,2.12881662285898,-1.88290554499854,-0.164708188649537,0.123987831987371,2.44499396114882,1.09996120810503,0.712479456119023,0.979649223461719,-0.372058069002861,0.741589959249354,0.133614123602525,0.155933227905246,-0.311870383839273,-0.6484857877376,0.89,0
93888.0,-10.0406314557065,6.1391827154247,-12.9729718943545,7.74055544506762,-8.68470452840193,-3.83742916671056,-11.9077019040753,5.83327300056002,-5.73105424359056,-12.4389449056023,6.98988561330738,-16.218610393127,0.25330336584704,-8.72864506518152,-0.147529091109699,-14.1298545174931,-20.6850275533272,-8.48444905730181,4.85125513655685,-0.0822752254211996,2.82343143164188,1.15300501339169,-0.567342849673059,0.843011621641402,0.549937644887907,0.113891875585392,-0.30737499959267,0.0616306406149363,1.0,1
76175.0,-0.72721900512434,0.0542764655042311,3.0266350581148,1.66626079989353,-0.698085185000298,0.90455961260517,-0.495591695239661,0.46288069925873,0.852017986594108,-0.735025690842218,-0.902178891008594,1.20128219805492,0.782937468579558,-1.28352157476907,-1.3496307673083,-1.33054929855489,0.905923739854058,-0.613827807047586,0.499981541822653,0.144566100078277,0.152852396074461,0.90127097457122,-0.0133307660419801,0.470855919987319,-0.281022824958663,-0.193628092522467,0.2507727577235,0.173378132364688,42.42,0
59130.0,-1.07785477306471,1.3351697976573,1.1492003529609,-0.0006958329265308,-0.56768791064698,-0.638885303780271,0.334208309815971,0.509128119109704,-0.30270733281622,-0.272198240400795,-0.124127225154213,-0.0593785245951747,-0.661522776109991,0.568203604900909,1.13202333605685,-0.0441275988359778,0.197259801100533,-0.797828326764667,-0.498476546430392,0.0268412723256172,-0.179157491822563,-0.504860507259259,0.166875100869571,0.357522447637823,-0.24732297301469,0.0917031089527436,0.273874875476568,0.107024747464993,30.99,0
35982.0,-1.58495181161986,-0.780667374502113,1.56449733350147,-2.54086416793639,-1.27244456236169,0.36232828065708,-0.295249098187365,0.333156923672366,-2.45469863670112,0.955316979227752,1.00132515528483,-0.135393301279012,1.18948683121528,-0.532716392305157,-0.171616451109417,0.0721638087793597,0.0626964841255344,0.478472535291232,-0.9242770488602,-0.168437351932443,-0.0025789820216588,0.449148447231812,-0.372504819508359,-0.2739506647984,0.34873502163284,-0.179397058519471,0.0578902555985261,-0.346974010094456,171.0,0
62330.0,-3.28952699833602,-3.4163000798923,0.736789048538488,-0.356564308419263,0.985735362308792,0.104633424414946,-0.964086666161406,1.0900220494521,0.607524686930332,-1.36261360525344,-0.705668303830325,0.280714355558683,-1.01548431601094,0.170398856238016,-1.11632898582584,0.665473547466856,-0.352597098221177,0.289374930155321,0.0882749568543761,1.15472711692794,0.263417921874109,-0.755818586797108,0.44948858242452,-1.3277278279844,0.0610714524613428,0.849401236581331,-0.214521371431072,-0.513784800294079,288.96,0
58302.0,-1.26877022905558,-0.194355295206271,1.97672639882989,0.815735550481643,0.909819060188366,-1.47146197837749,0.0852097355386131,-0.0158631065926174,-0.0765089875023339,-0.687840767301693,-0.50392556677317,1.0061706052482,0.732656038352191,-0.395658265375016,-1.28508645849879,-0.479599753524847,-0.121377791749254,-0.563273141826589,-0.819343812560118,0.132450052179239,0.197750081614459,0.484394218974082,0.0485297433943458,0.949536405974771,-0.0117205737446602,-0.531606220039901,0.124129586302334,0.181378276203067,9.99,0
22111.0,1.36196982778813,-1.08021012610311,0.936676369160001,-1.32877638527404,-1.28518318417402,0.526791393062188,-1.55550844582583,0.167022644632764,-0.675437583377857,1.11551119874442,2.69146245069873,-2.21306299598425,2.73836887437238,1.06515293127249,-0.160340855959988,-0.602378583621306,1.38179593267406,0.0929698267043762,-1.08529044628332,-0.364375815725295,-0.0928825419569662,0.447774941632782,0.0473598321748965,-0.325601096358711,0.159480079218191,-0.103157605176224,0.0576882582582178,0.0062478279065832,17.4,0
49802.0,-0.430275133488004,0.721827518716562,1.65544129173174,0.381568292594421,0.361671569304451,0.582721127376198,0.449431890749816,-0.0654370966340362,-0.223166937980853,0.165238872980088,1.11554077826876,1.10282746208086,0.663821707829644,-0.355393200289742,-0.319487066839164,-0.833918239935144,0.126243915821898,-0.428382114515705,1.43022219247119,0.127010751654795,-0.119874711951358,-0.0327010291254572,-0.0808378843294415,-0.240996142185156,-0.655254697435961,0.335635038794394,-0.284912629926563,-0.0770566605985484,3.35,0
67237.0,-1.01503746008611,1.14456760984477,1.00897410284738,-1.01753533201371,-0.0770815003932968,-1.36324761414182,0.867842052178773,0.0635756625588589,-0.266031930493088,-0.488030755561272,-0.684476463349927,-0.752164842491717,-1.55851828659837,0.623285340667348,0.414629744607123,0.336999169825616,-0.285778755364322,-0.727056751195338,-0.209047945990692,-0.0920068866180567,-0.417757282985105,-1.29753474095845,0.0438736761940954,0.345230897605274,-0.278961651489974,0.463112860990425,-0.221000802749269,-0.142292262424806,9.99,0
15832.0,-2.56322999988417,2.71232121697911,0.803940317004296,1.57028797840088,-0.815455858041678,3.38712613587382,-3.68656504881747,-9.13959112740663,2.76586580670751,-0.0888094373980555,-0.840523796130321,-0.921168134258751,1.88697397422882,0.94196819961359,-2.15368188956243,-1.26265417450315,2.28241292006521,-0.580548740641142,1.00568919861179,-1.95149438628884,8.53801894005176,-4.18295736358044,1.01988940606168,-0.953458080274288,1.24987449248174,-0.190112213565644,0.591710368624904,0.270873055100063,22.5,0
122363.0,-0.0090676542104471,0.770868158761428,0.336043173110609,-0.684367309341827,0.396242517333705,-0.777590827079544,0.854052361591083,-0.0042233931938869,-0.215654126704037,-0.231739327363823,0.790067506801438,0.53759871126772,-0.725843557962554,0.445161455300029,-0.993406935022454,0.0495883966602503,-0.536196952799694,-0.292422310290148,0.106389139336083,-0.0803927529420475,-0.20560585461894,-0.471170015721009,0.0789327820260075,-0.006164947387887,-0.567659739574423,0.122872179964013,0.242993644238479,0.086013170127781,2.28,0
71546.0,-0.115851073614823,-0.532334554061638,0.87775225842273,-1.780391455323,-0.520532279376643,0.823630060305609,-0.122639630269184,0.0849792355565483,-2.95900734523625,1.28761682381016,0.462852264516337,-0.446742250749889,1.45904564580603,-0.289708838275672,0.435613070291212,-0.683266056732883,0.42314137187317,0.609878961670409,1.22042833414924,0.142929574353388,-0.024926461860469,0.205146264128678,0.0391426617897833,-1.1530084931424,-0.283275060713473,-0.0500328123887221,0.154673809487961,0.129754399709167,110.4,0
134894.0,2.06085719977202,-0.309604319102449,-2.78711956838738,-0.77702389462162,2.49942154386652,3.16362003694162,-0.399589171214286,0.715788082663455,0.448396998176256,0.0329913665543571,0.0621015407512133,0.284965322082865,-0.144002799811777,0.694686268809288,1.16589514273011,-0.286094968240568,-0.586891468765074,-0.179995470551944,-0.355715771710758,-0.170403924400095,0.242259084850254,0.745183787966546,0.0398792255539504,0.737407408031283,0.303789318539103,-0.0876140079103988,-0.0007108834675501,-0.0653523548098582,1.51,0
766.0,1.26731892220738,-0.359598676402608,-0.0895763359587728,-0.301883223299853,-0.473654902397441,-0.659993508703451,0.0021525542015127,-0.208702032828225,-1.54824343569076,0.884235573603245,1.03736302745929,0.795131451777577,0.734162423259876,0.432179978698657,-0.107412789858585,-1.19668543443892,-0.388453722431747,1.02548221542564,-0.257922715532956,-0.345448461111189,-0.677392397307749,-1.65905341321414,0.121323100824507,-0.0310094347329662,0.184082203685154,0.135480571113593,-0.0500139914855735,0.0114385541495676,62.85,0
128241.0,1.99713315220785,-0.1762363588449,-1.67422002796287,0.467217534818001,0.174017076030407,-1.11161210499767,0.43305350598527,-0.327145301376299,0.471077207465743,0.102932843982533,-0.68524335518163,-0.0239894537709395,-1.04286331084756,0.607331605868118,-0.280702081450328,-0.658135695499313,0.141497697293801,-0.901571012363536,-0.0004410790319637,-0.210919843995232,-0.0007264597142613,0.0573652291193482,0.143457019955421,1.12500023227259,0.0926013504587115,0.506868750317787,-0.110402562752522,-0.0624633936158874,39.99,0
48286.0,-0.698113698979973,1.27220165861403,1.70855426369864,1.44209615066769,0.506560846373524,0.270650980822772,0.454201599677265,0.390912955137753,-1.1871913828794,-0.414210180202882,1.31443905746857,-0.362360302893404,-1.05852292506679,-1.01791371782236,-0.124176154072355,1.48041423362422,0.0934013426114809,0.909608358996104,-2.02494875127225,-0.191041854144795,0.20505068681035,0.459168283959581,-0.179782466688356,-0.141114218561697,-0.268855514815002,-0.109341359081798,0.123657488591077,0.149447995890636,12.0,0
53424.0,-2.71086590792716,1.87191157465985,0.783685468292237,2.13262823837268,-1.86401158426344,0.0254080272287807,-1.27000996801425,1.4151766115584,-0.159507416583496,0.10238148862178,-1.19198481560392,0.415939416445465,0.172581331802367,0.615507552797924,1.217830477645,-0.728948045131856,1.25435437983694,0.537429339511095,2.26558228454775,-0.193074838106603,0.280146090280565,0.67378090284353,-0.212040578840158,0.454604033699551,0.320656672850348,0.0948071105243041,-1.03435149425268,-0.326673521172534,15.93,0
31254.0,1.08902435334797,-0.384705471051036,1.07420226606902,0.337910903559855,-1.13106057053285,-0.46086583743511,-0.494489437073696,-0.0664188027040917,0.757269630715068,-0.360043445416766,-0.374979376714842,0.976095654873507,1.33930728217561,-0.556782990668015,0.59572499035148,0.265277321465781,-0.329400382577642,-0.197431070863279,-0.0905241684629655,0.146603056393293,0.134411348517456,0.456882768058378,-0.114309510426881,0.49931511323218,0.275158745158724,0.898556352647071,-0.0250746454355247,0.0323213942237144,75.56,0
58491.0,1.4048254139036,-0.958300567970432,-0.613276738756037,-1.79772850557249,1.00996807686894,3.53584129105133,-1.58252629205005,0.926628439751115,-0.544848796937436,0.659979220001508,-0.0767214473274458,-0.760482590549226,0.358028000857607,-0.322372700541405,1.29390674137263,1.80274319509161,-0.44837511245764,-0.417148765192964,0.590548726444051,0.246881089615398,0.337121695899968,0.752708497826854,-0.150505911648514,1.049895657954,0.584839537192504,-0.0357428263151143,0.0380023971607938,0.0215553839816764,25.0,0
139078.0,2.04796043554337,-0.76940338349485,-0.502686066644999,-0.0863152822571601,-1.30931446500945,-1.45434891891322,-0.475783312549544,-0.389920990031889,-0.380336820576236,0.856981153531173,-0.217721841877319,0.666393422171875,0.991213760086359,-0.187100980656052,-0.071555493314233,-1.81681837324654,0.168525890047522,0.847655063485374,-1.32684438429979,-0.537519742908258,0.036296942501708,0.787252795683425,0.147417780198704,1.01309126925135,-0.128495917102852,0.85464296374361,-0.0366791961028488,-0.0460124887284875,31.94,0
138942.0,-2.35634817171224,1.74636046414013,-6.37462362059635,1.7722054455123,-3.43929379640843,1.45781106507128,-0.362577080151496,1.44379091605937,-1.92735886131488,-6.56465926230671,2.4507521592725,-5.69407428254804,-1.15546908515323,-7.13215063894307,-0.059627810007784,-4.59657658277775,-5.5220880540876,-3.5290655977144,-0.663370800920003,0.194809814636999,0.857941843268412,0.62120338692579,0.964816561119457,-0.619437275613569,-1.73261275172715,0.108361134584802,1.13082816380553,0.415702789405836,727.91,1
72906.0,-0.61275540231736,0.672541588755466,2.46560828761743,0.819384988887775,-0.237131584905721,-0.124645163808679,0.457945441452822,-0.11204817484854,-0.514714432658555,0.0958520141677637,1.63706929987074,0.807961028273822,0.47804457529558,-0.10568688768025,0.810258907612439,0.181565800581545,-0.644876137217501,0.625203238449591,0.554203386255232,0.156950771331839,0.0177503357013497,0.14072987043894,-0.1393429055795,0.51904257810477,0.159808781498211,-0.446149129326518,-0.256344855850753,-0.208092143694335,39.99,0
51102.0,0.815374041696981,-0.706998812948911,0.670535567901565,0.609584355271714,-0.63262023547731,0.730753431448475,-0.502174099998053,0.372296490370936,0.449978676985788,-0.136651451526311,1.44484314097401,0.892602475406752,-0.566373029242445,0.212796456549511,0.36783886168671,-0.208589935472686,0.110939510072059,-0.445539670999329,-0.624915046206697,0.105677961983374,0.273525584322816,0.639792860274878,-0.164226955771435,-0.212913987037105,0.207251044994716,0.635298913236454,-0.0119185250358053,0.0234504041653556,149.0,0
67948.0,1.1787117320179,-1.24194215603636,1.60263232397351,-0.378543751636214,-1.61529144659965,1.36286051242986,-1.86491920479138,0.688650270246516,0.560053774745934,0.363808053994963,0.859234707511236,0.358882807335306,-0.881573381696454,-0.98570745651316,-1.48238407233734,0.200146171072237,1.24919261180323,-1.68088555779399,0.558994287646701,-0.0722391327406455,0.238665220060738,1.04610512998349,-0.0346406343583389,-0.237792491174709,0.275716312191102,-0.0010095385950051,0.110508762308384,0.0086654270740194,4.6,0
71854.0,1.6028842674412,-0.733585545505031,-0.357184703829165,-1.45933298994548,-0.824847022991227,-1.06053039113439,-0.413284135743133,-0.430419083164475,-2.26675563035934,1.4793159586921,-0.79467208617197,-0.738399494915721,1.13456548900308,-0.195626155798888,0.235976268320355,-0.663510616695366,0.446612801284279,-0.174583046682164,0.0586564760962806,-0.292386719500592,-0.199482886801903,-0.126333270502884,-0.148211683415438,-0.0982402446089043,0.771886501235677,-0.0539122512797013,0.0014460923024155,0.002290869017069,10.0,0
60364.0,1.12209265538075,-1.09735027891676,-1.68574572235648,-1.43066087077776,1.48721786566908,3.23616757438404,-0.81791986399956,0.756838159419129,-0.780757812371656,0.106337881826841,0.0880568146543549,-0.758746129748236,0.0438002644423465,-1.18351863001118,0.266874863162939,1.45661248184244,0.812662925243556,-0.776566687710047,0.986093737836541,0.553298106327876,-0.0327241349692051,-0.598938241915523,-0.194005089748417,0.938516805720886,0.57582121898871,-0.303710105604828,-0.006938908543089,0.0603548157966547,178.75,0
165622.0,-0.549668343297712,0.861017104864308,2.12487883577232,-0.397253139233079,-0.0010373106098255,-0.317873707521515,0.6286743726598,-0.121292647118028,0.417636464513393,-0.559927441151747,-0.870051168686912,-0.344110731973867,-0.339100956841607,-0.155256407067599,1.3957565138605,-0.192381943975639,-0.469631686940765,0.331327923134147,0.769993784776268,0.206871201819328,-0.22732692696732,-0.323578366659652,-0.337192115232022,-0.166105078586734,0.355411896721194,-0.663128206919885,0.190203948414703,-0.0812727701117086,1.0,0
79718.0,1.34040404096828,-0.564937282982721,0.538738156951911,-0.629065877139623,-1.1888940018991,-1.03915380814515,-0.527702527211805,-0.184562670764073,-0.71927751463759,0.59975650575063,-0.241757059769388,-0.698023791801424,-0.128782160439544,-0.0941599063567661,0.821481218980644,1.24199645038094,0.248023732972149,-1.54179618876856,0.608267672985849,0.115679381919354,-0.0802138591365598,-0.439150693304119,0.108300344822497,0.352629536656642,0.208820606823355,-0.482151334179346,0.0023085659926687,0.0278008923664724,42.48,0
70656.0,0.965926951970852,-0.182786865479263,1.17695735882349,1.11785166307882,-0.0965158556102721,1.85907141346245,-0.840542674352707,0.644775891026047,0.751467870180855,-0.417176517688066,0.301904618394492,1.28570477890787,0.770440774333622,-0.400753512753687,1.1793037670273,-1.22458919527504,0.907650667819284,-2.10436934891354,-1.76605019659773,-0.217354075602911,0.0665602999437295,0.587595631350963,0.112366969833534,-0.935196343803905,0.128158516250362,-0.283104590071634,0.149068883910692,0.0253797641948645,9.99,0
34861.0,-1.3996664053834,1.21530472555388,1.68655088371979,0.740948405753781,-0.443554318986783,-0.162413338190778,-0.0192020836664381,0.492055524875555,-0.279549776097659,-0.217310946235226,-1.08761078630894,-0.395174947932546,-0.178900039808861,0.31076172938207,1.60990133043926,0.383851201766427,-0.323649694734384,0.542662669847707,0.58034688034272,-0.0293501717987207,-0.0429441341234394,-0.149226308392056,-0.0142083149003668,-0.159596825658992,0.314651989424079,-0.341457449131572,-0.0111202589044739,0.0749008433603303,19.66,0
114392.0,0.44206287197322,-3.59801323601268,-1.99719802638603,0.383096608797782,-1.65605216097324,-0.586963617861605,0.674017197296988,-0.545425575757683,-0.379176363008755,0.473486418211059,-1.2164553459681,0.122305625588732,0.898813211121727,0.0545893053759951,0.124875441561264,-1.4283439010019,-0.142357369153722,1.43172232883246,-1.21594686726758,1.24273541439932,0.532374888760767,0.229122808819627,-0.781393925212543,0.0137442856825303,-0.258664250025807,0.880204141008929,-0.208979240387493,0.0920135299387997,903.5,0
84245.0,-1.11598537770479,0.476284593882464,1.89415668511658,-1.42329825535107,-1.25913789020361,-0.573375687272259,-0.625522156870851,0.638543517307303,-0.650624090487874,-0.742927713268566,-0.840069996017117,-1.05480770419691,-0.647568640953129,-1.49468749201196,-0.5246127055814,1.62044290435559,1.19228686071077,-0.67103043721581,0.0121710974095601,0.114218913222943,0.10877800381009,0.263919083543237,-0.242997039880135,0.314337570861489,0.440705361464682,-0.258872549023557,0.19279311557848,0.081628988253494,17.99,0
80197.0,-1.58537819289867,0.772780719733288,0.513565873148648,-1.60952031901837,-0.994113086004368,-0.720008696587022,-0.259914693786397,0.742656318714805,-1.55854858164865,-0.0793581343035502,-0.72141763939768,0.119500683199044,0.492265223211169,0.52214647659113,0.413055364836289,-1.18258198051754,0.320688705609742,0.376267983237549,-1.55771932275621,-0.641549954700839,-0.396660387516053,-0.95561731504835,0.112974465232919,0.0787174608496745,-0.514558040955254,0.660421404500823,-0.182945907465254,-0.0103827612650582,37.53,0
76353.0,0.478184460337348,-1.25681586140617,1.54820338752538,1.84111403263605,-0.96531609358382,2.38696868959551,-1.09570275807166,0.878293556583109,1.73009036261085,-0.654875212793052,-0.333005973140028,0.881165782929163,-1.04825504466257,-0.736892513234714,-0.444183445826104,-1.83765037201686,1.69647040311797,-2.17498825041681,-1.53943277495237,0.060921637502333,0.169820012503644,0.633812770362276,-0.0946636708078402,-0.593989099282871,0.0940431132576306,-0.153949751629917,0.134567436655432,0.0617899531118539,218.0,0
135875.0,-0.168016963743896,0.595570318117658,-0.321149396906094,0.147095297483466,0.617860926300346,-1.16956918708165,0.812802019501298,-0.467028183216688,0.0762648397808099,0.093570004451975,-0.693244757008191,0.153684003880614,0.445072858065702,0.268783600474131,0.914945334612141,-0.704305366957746,-0.244897940192341,0.0531734699871639,0.61488007489295,-0.333801001327148,0.367263633254228,1.37274071133949,0.167534377678196,0.0433382486413775,-0.648624855046494,-0.124194903589833,-0.118161959407432,0.064300984869312,1.79,0
61897.0,-1.60412940096158,1.25753809616632,1.05217707126546,1.21508955144258,-0.14196109462947,0.456000821679025,0.276948074125274,0.392275983415136,-0.602569828798756,0.128303039454202,1.04626679788043,1.14121820864718,0.182705585744675,0.300595185820088,-0.447180727137901,-0.933542785666159,0.505835417929159,-0.231045223503787,1.10271750795376,-0.287865004410332,0.116311008052162,0.322853403804644,-0.225093770849939,0.0666044700473454,0.068419476394554,-0.267825396208864,-0.602031776184242,0.0459408394215595,44.52,0
52167.0,1.16651122713589,0.491374176408942,0.0478106042581293,1.17335034230229,0.254328889502774,-0.619071069196186,0.556614943657126,-0.239109232767005,-0.503107808055152,-0.0278828045443352,0.117144013430399,0.97498745185367,1.11175419949797,0.359185523959831,0.799171609058587,-0.397138572006162,-0.124198446790543,-1.26863285005427,-0.523243289803491,-0.0617706420219233,-0.275531951642282,-0.77479946934322,0.0853307954909402,0.0656865816935189,0.459816029979697,-0.623680251864435,0.0156233409238995,0.0235241863235253,27.97,0
166889.0,2.27765465924719,-1.53275463186367,-0.878158283352767,-1.75225397262741,-1.1951335453231,0.0141433202950321,-1.48255628634196,0.104318041066829,-1.12297839266715,1.74872128434738,0.145635771352392,-0.786380789408104,-0.566529079888733,-0.182472111869691,-0.589476445734933,-0.0612579701745943,0.0900851994296558,0.786357147639697,0.231252790664216,-0.457688846785124,-0.136657195153102,0.0265354129371784,0.252328806688584,0.301325079242774,-0.277929706093696,-0.202643162564463,0.0114042434008358,-0.0541581608885166,12.0,0
79951.0,1.04813941642058,0.257659103841496,1.29233535564944,2.34624456133016,-0.444925191596711,0.594009003553877,-0.57720982669817,0.368082641918914,-0.549641067318878,0.77739901958625,1.27853004835859,0.471150127141937,-0.349312860052066,0.296777173754357,0.480599556369439,1.02655554261777,-0.768929726953412,0.1451402239454,-1.26722658106939,-0.166590373265176,0.0771204278570406,0.145121927356201,0.0858933876608869,-0.0111582355029151,0.0934784772755651,-0.0713144973713361,0.033581788451992,0.0243415235203225,11.41,0
10913.0,-0.775398130650736,1.74708900392805,1.27280154586281,2.98768550818517,0.206917972135454,0.0742256852981856,0.489330906822381,0.392031898668459,-0.627345397074659,0.0242455522567667,0.216713407103595,-3.75178894378116,-0.0196847883008681,2.65172784704434,0.662505603059391,-0.537102101934194,1.46524102113166,-0.0428572027556308,0.408433500995136,-0.108810807875795,-0.040695319698921,-0.0848431840892368,-0.205189316334711,-0.0072427141566408,0.305392606167893,0.351215697050347,-0.106204340761026,0.0006853347069969,25.06,0
53149.0,-0.94842760862264,0.585714374463284,0.365694999790366,1.27365970422356,0.555519541276695,-0.0936388805059043,-0.114166910525495,0.70628410189669,-0.594776045802964,0.0799773211757802,0.492632079950185,0.201064654751376,-1.32796961657828,1.01199752938788,-0.0890907780898678,-0.688242156150645,0.370573592266829,0.219493743165814,0.955958065714621,0.0849625364915178,0.213537213684754,0.543485064299552,-0.086926078283356,-0.32302032309972,-0.502695749845833,-0.228752009900021,0.357508391554768,0.0841434090741947,1.0,0
112785.0,0.0316459086636041,0.520851849189557,0.677274935749222,-0.196790746017471,-0.746552323067867,0.0214896703889141,-0.700949108100226,0.551428431765574,0.656576921928926,-0.456210784042191,-1.66279915695165,-0.0850694262655044,0.6078962142889,-0.160645858142608,1.26407902039798,1.21200682697323,-1.02539957985894,0.917978592586526,-0.288822926339952,-0.223205593074725,0.347933628759803,0.921755514400013,0.118915477803153,-0.634148028811975,-0.979622179963793,0.285127416404616,-0.173988313078395,-0.0611983438042623,15.44,0
26101.0,-0.099900574646548,0.386652926177746,0.705269001755985,-0.204105732063233,-0.220490473854078,-1.00639559611132,0.242921600350673,-0.154989741987687,-2.12243001369248,0.4874819145458,1.80118178137031,-0.688690539012618,-0.448020692545986,-0.546751145550837,0.552500570660001,0.459379624917057,1.60224035542948,-0.237085927756423,2.4647894021428,0.398438200551225,0.380430219279628,0.988298660385645,-0.205789908028923,0.5052692885257,-0.126143657052881,0.112200092412249,0.133910457972717,0.147376823532173,24.95,0
71993.0,-0.995587842740864,0.903517156279356,1.05812147962209,-1.36706084540021,-0.171070320446423,-0.461011392994589,0.205470486648629,0.557705959184823,-0.491192028927976,-0.854981795178329,1.12335164314876,0.380166202282444,-0.992087237754667,0.780594767485189,-0.006145665355374,0.515632982817996,-0.375680247442876,-0.227449412847008,-0.682555616390637,-0.321526413470978,0.124794713879844,0.0661375437765474,-0.0312384204056878,0.0383892205387469,-0.471196815810044,0.750137428837873,-0.245013274823974,0.034147694541772,4.53,0
141805.0,1.67497120973093,-1.023775263291,-1.01983785798646,0.281034510201908,-0.439797211830387,-0.0641058490871089,-0.305357775326027,-0.0464074715533688,1.50712125668945,-0.285367242835208,-1.77996115571927,-0.151957238054363,-0.153354744206282,0.103869052971971,1.27200918416604,0.455053521026385,-0.958142696056872,0.726883423096652,-0.0683697907539016,0.16670860092226,0.278513660721758,0.539452557275791,-0.168203767216849,-1.06531321797935,-0.0294841875530909,-0.513376102209184,0.0201991806568113,-0.0101488974237002,204.49,0
81829.0,-0.555998640961263,1.10106385535664,1.69755720469118,1.08142987373185,0.415115470192746,0.103294035236987,1.12336609038817,-0.465841864826342,0.69767990936166,1.18305859068566,-0.49850515238218,-0.69923507779494,-1.36978892939635,-0.525911316935823,0.461181500933024,-1.45854897336009,0.366342648936993,-0.658824985888966,0.683575709245257,0.512411867805754,-0.26848110842405,0.213942098393242,-0.252175196471307,0.0613331924320325,-0.10844157688186,-0.295777768037777,0.14697831924027,-0.346280922983553,6.99,0
136652.0,-0.124241936544117,0.535282831658349,0.43326980462898,1.24333673889606,-0.045317966025474,0.113221546422155,1.29967916644044,-0.253882444024967,-0.571879647895025,-0.34241428100914,-0.374620617386785,0.745071083234842,1.24546994548253,0.0713950789186855,0.752195673870914,-1.96367498226691,0.973427668291686,-0.311383214060513,2.74701783985129,0.636498591609957,0.181994993266641,0.611808852603274,0.226140608588079,1.15649653843485,-0.236487492822582,0.0508291456776491,0.172817703534131,0.200624181587429,167.05,0
156524.0,-0.0092995556321861,-1.15340672338027,1.04362551196671,-2.36866237538995,-0.265276353806399,-0.221361079307579,-0.29345859933531,-0.374792488143683,-1.57528462021504,1.73028542382285,0.194552810288677,-1.20740523034521,-0.523000641182575,-0.69560515104488,-0.735924082084127,-0.536013023589333,-0.006485797810086,0.826980361049884,0.54695862360955,-0.308267883502179,-0.101317594466742,0.567284369044018,0.234230788689249,-0.509237874133345,-1.02136038770214,-0.27766363908539,-0.161506361264013,-0.26189691112848,8.0,0
119872.0,0.14111126616585,1.07773293194551,-0.999624199566171,-0.0932284830752838,0.293833905451171,-1.11954825352744,0.438050917784304,0.302844023409313,-0.344035477578271,-0.987665963032225,1.10388800445756,0.348366305801297,-0.644308464311455,-0.305416257500592,0.0599226323822091,0.379796090196754,0.536635860549893,1.20512686343474,-0.0772413444192843,-0.274676169754437,0.378920364899003,1.03759615756792,-0.0813877903131913,-0.0759723822529207,-0.344703007503364,-0.167572105714561,-0.0715614596936984,-0.0555109776067023,10.0,0
80315.0,-1.31272784227113,-0.03717865081998,0.925945605067557,-1.44599458710187,1.63006312750028,-0.764899919156348,0.87049433525898,-0.0488714933623446,-1.00983583581541,-0.848239219327088,0.429836131036725,0.786635972496724,0.941951761526729,0.296125354366145,-0.510398920322999,0.672443185862432,-1.1296725927166,-0.112780811473914,0.444117876693424,0.380597136893333,-0.244679431059242,-1.18442909542955,-0.0275421521152516,-0.796896734208169,0.45059828557986,0.681894110869622,-0.147663821000166,0.0394173911280998,69.9,0
49017.0,1.16104004189325,-0.0414662411470475,1.28300107399706,1.34261637342222,-1.007639200708,-0.209890775259776,-0.589206230644076,0.111724032674768,0.943977582134143,-0.189673516742062,-0.848210571275159,0.29983015545319,-0.310202743498699,-0.292416097086299,0.215384345129903,0.0933127420243099,-0.228453492917209,-0.0215095115464338,-0.207864973582713,-0.16489087661318,-0.0689865163914304,0.0009661983032562,0.0038175030952388,0.386406903462687,0.404938011641572,-0.407649196013876,0.0710592945978977,0.0368450420628874,4.99,0
127517.0,-1.9891278031037,-1.2800462681231,0.508149438456741,-1.07874844090046,3.62969262667302,3.30009146674434,-1.11565742617892,1.36566350270144,0.0597404074549442,-1.42217866350513,0.0579751395742325,-0.265012802232692,-0.14382581130125,-1.35119288495671,1.04794010840394,0.895114024589751,0.214626558051035,0.712414175066119,-0.715943542978917,0.676701327212163,0.136635260590391,-0.316324111042682,0.213864197039904,0.589922149952269,0.408745730340313,0.308989359458978,-0.0211472837465949,0.124820934702013,100.8,0
81500.0,1.33186303334334,-0.0641462982492329,-0.120428449236193,-0.272668352962702,-0.0160067162177767,-0.11057726657493,-0.195389392038825,0.0069853845109949,0.0946995432648029,0.0601303901226176,0.301599254838327,0.291703955725188,-0.087029440121099,0.384873040106476,0.462766094736173,0.790672042092181,-0.96784726184305,0.589816655102844,0.656356540661432,-0.0432773509189483,0.0330580819817966,0.103955606478502,-0.22412282240852,-0.759002287128058,0.519317370328786,1.17107267535973,-0.0885755136986734,-0.0215868382837483,3.37,0
146342.0,1.75588247256545,-0.655760283922462,-1.80884041222056,0.0814636685942114,0.99290432170917,1.50017091342163,-0.124398437669003,0.388322342028556,0.77667512896554,-0.138304849307511,0.608819152135884,0.966352560577206,-0.595127677714744,0.530069757685507,-0.197109616235783,-1.09020411708193,0.241188132134737,-1.06865524888554,-0.287891260579304,-0.143842481128587,0.0768201962748023,0.315745025885501,0.0534085744048141,-0.936477885642,-5.0518466498839e-05,-0.221298231942137,0.0108069445142021,-0.0631604212535727,94.8,0
132507.0,-0.133082434223371,-0.261534226645826,-1.94290480068705,-0.784001813317773,1.72275984771882,-1.65812332892362,1.66318512664821,-0.418927672378137,-0.410092514535256,-0.307690310331528,0.131991545254159,0.0112504172288967,-1.41908050308027,1.27689115595288,-1.32943245588296,-0.729981825175867,-0.544017432581157,0.283925339081777,0.189295697882567,0.0758086183270243,0.67634465117837,1.68879044365185,0.263596567650011,-0.347630143300498,-1.10700755265295,0.0988371755235304,0.20582073242673,0.327247911794798,127.0,0
50541.0,0.660037739166291,-0.8065194316856,1.05717337952168,1.33746417735498,-1.07805033216403,0.443524208377281,-0.492584265873157,0.308943673374022,0.561300429101502,-0.0939461449699075,1.31392323865475,0.913271377058721,-0.559625473446237,0.136461859520928,0.243960898889603,0.13948489943208,-0.266456711195323,0.299006049649552,-0.641406105816749,0.236306581384908,0.339559406591101,0.648679077011891,-0.229385735144777,0.237468679166476,0.285795386426639,-0.279171052711843,0.0386325013346458,0.0599789017414752,217.66,0
74957.0,0.19553645920667,0.748380564788926,1.29337909059356,1.26215476773739,-0.35572283722707,-0.665480898207164,0.390946072531734,-0.0411252031693395,0.142932120814832,-0.19669719878955,-0.651542302758916,0.226431719952709,-0.402177583250358,-0.0286105490331415,-0.177406834122648,-0.685725721883272,0.227114018963226,-0.367954957856111,0.599532433934173,-0.133814124599651,-0.0756851419561296,0.0074304135792916,0.237071969772427,0.693399506886268,-1.18253449967172,-0.700792192264945,0.244978417413748,0.187667888939698,1.0,0
64839.0,-0.414262849901688,1.02930010882101,1.563974818054,-0.02871598475919,-0.0825006071694277,-0.911184236590703,0.679230375794507,-0.0523281400301121,-0.35916423670397,-0.303003748037131,-0.437835015394273,-0.171714189169399,-0.201166803803481,0.188459102702541,0.873472856780222,0.208420539046005,-0.379223337646049,-0.324908743326751,0.015460766057401,0.0795462462420676,-0.231167356979226,-0.613675172538528,-0.0222253018990816,0.360142472489984,-0.202566522989694,0.0719981444816187,0.264216038083388,0.120492360190254,0.99,0
144664.0,0.43912653720472,-1.86893087001843,-1.51502806043782,4.25852695153489,-0.415927593045694,0.0424838015609524,1.14320135215639,-0.234537661866577,-1.343957286957,1.38308601209346,0.568107873754974,0.0115145154715077,-0.596422738361528,0.894396723947996,-0.820991583829077,1.24333140783418,-1.09400906178395,0.52129604366273,-1.74764428518207,1.20993503269885,0.749678840014682,0.390771980976087,-0.595304737883442,0.0874939546016019,-0.230995283056663,0.0356630817512924,-0.193330654958425,0.0697631669514445,758.58,0
122660.0,2.01691281176203,-1.21968959971845,-1.05544086150581,-0.56720805206389,-0.676718619235537,-0.149719378091807,-0.602194312479012,-0.0876075651315245,0.322530811514254,0.488507732561396,-1.34722440395254,-0.0838082709837163,-0.0130047076867669,-0.728151254883752,-1.85282391892385,0.0861591143952551,0.92030261599139,-2.20341051281128,1.2988648506538,0.108331273601021,-0.125608340143124,-0.269122718921566,0.189138517155085,0.628028498721393,-0.0608340675401219,-0.355296301353329,-0.0179593639901127,-0.0391482732223003,90.75,0
122086.0,2.3469899222005,-1.26160947144584,-2.14584469020111,-1.66509308749042,-0.564863423197099,-1.08752629667696,-0.449487830191822,-0.317823064903351,-1.73222067514417,1.89917026986305,-0.0734255157995366,-1.39105148507461,-1.78903353723846,0.615329659182931,-1.22129718828985,-0.871895715884064,0.49867475375495,0.428587379125883,0.534369587849352,-0.56278712590307,-0.042449474748407,0.304187949185101,-0.0591098993714183,-0.51602530904132,0.349478512928302,0.126782405754336,-0.0644875240616539,-0.0951401963916648,20.7,0
111201.0,1.9138129740773,-0.159999813741455,-1.06917867819171,0.644356955330142,0.249109476125073,-0.324692092447527,0.0851297401296484,-0.318186066433205,2.09176620929084,-0.624313967128453,0.13691608418256,-1.18691999248179,3.07562011080207,1.25397278317136,-1.10512041632618,-0.618411562209134,0.493006167551587,-0.484709297457253,0.0009307272937748,-0.045891266135773,-0.25427398213513,-0.328423165152776,0.162380395409123,0.580495344074455,0.0326163175019099,-0.500648162317608,-0.0300353051354927,-0.037057080520558,71.02,0
117757.0,1.8225852295933,-1.31207397127154,-2.12971862813566,-2.09271479654424,1.44120792020825,3.43624413335751,-1.09771740108979,0.907105528421006,1.6651617794337,-0.651531361790175,0.135940113547919,0.584007612397955,0.065599683515942,0.185573571191804,1.77429038085044,-0.0564439880738344,-0.56111243922299,0.0831536114138347,0.082868041568475,0.13912214052146,0.261974391826196,0.594888872435952,0.0913746636952714,0.770501915442783,-0.240642996271768,0.321272911498743,-0.008336867422357,-0.0344258788029101,120.76,0
79230.0,1.219171711114,0.606315552098525,-0.541427188498273,1.22525440104957,0.37134231034149,-0.58823245097441,0.169316242486882,-0.0358474198055975,0.0578985531834208,-0.700356471174312,-0.120116442810291,-0.598417319258227,-0.861068080555965,-1.16135428242335,1.46032251532966,0.448421533598809,1.09028913770245,0.364590778320373,-0.842560826666231,-0.172243180349378,-0.0734706801945203,-0.143051978203883,-0.128395643777323,-0.442735483231381,0.637728180040404,-0.272551988546819,0.0457374104491301,0.0486272138099328,1.0,0
31085.0,0.431641405883149,-1.65281559567104,0.647110539049792,-0.583931453707845,-1.53036464762922,-0.201420185979806,-0.288654937135022,-0.007039662823058,1.6346966225671,-1.25489900584061,0.0915341017414312,1.03846434548138,0.902819523571417,-0.114001473093553,2.47072977112728,-0.223472539791164,-0.266101898166757,0.292998062118894,-0.370088791240894,0.72515997820973,0.542254580303944,0.898267740389915,-0.440508964973836,0.154310302241098,0.293869820437297,-0.566493924931198,0.0507029958779206,0.108168445361924,400.0,0
84834.0,-1.48990959035852,1.36463740313,1.89388840069176,2.60524527859894,0.516785125540069,-0.0979022251053158,0.310615599015249,0.498409969568963,-1.96729723946996,0.280970830428521,-0.351574637794302,0.617487762924904,1.42744673038231,0.050791425177247,-0.499545175102199,1.16800574873524,-0.750635546327702,-0.905577295347567,-2.91246983059008,-0.314943604220538,0.135085291997937,0.0993546985536579,-0.0727237042079407,0.383793424979008,-0.470754855037143,-0.397036840833497,-0.0578402982634247,-0.0175426566300354,14.16,0
88098.0,2.03244790510437,-0.0227211619555894,-1.42982223609906,0.132412643145587,0.351458860670568,-0.541265257466297,0.121326934856903,-0.170955546657947,0.236003642325074,0.152011197092054,1.15567224072331,1.27229336011661,0.556026384564199,0.564521225432166,0.0680808109100941,-0.0852505444549224,-0.744407425065454,0.300095615619507,-0.0154834286526086,-0.176510439562655,0.304589540238601,1.00616094430647,0.0270980107399969,0.756043575662445,0.257735254736072,-0.160604286534444,-0.0213775935171168,-0.0609785753575501,0.89,0
125345.0,-0.714604101807042,-0.630028978107818,-0.922145376475707,-0.204752920441051,-0.311403725971066,1.91550825637957,1.1152853408016,0.780411462524768,0.134150495630575,-1.09575539996452,0.458666204280398,1.48618664445763,0.609245857327088,0.420551216338534,-0.453686683656303,-0.705588952155952,0.142826403100776,-0.898673476704334,-0.18747085603837,0.527204115269187,0.236304219300587,0.160806597649271,1.49692481312675,-1.71863371363954,-2.34777703657793,-0.934860746120298,0.216008862587935,0.302188008076442,397.36,0
75643.0,1.23568219491967,0.091975791304862,0.246827337219037,0.47021170844151,-0.145707256652494,-0.257734375404966,-0.0816095225376205,0.0180412385501854,0.221770644376248,-0.0843576140940899,-0.606138328249727,-0.226913951384139,-0.588523023617758,0.433146026736748,1.42795760162971,0.202400367856931,-0.270013084766091,-0.707651685220509,-0.285493573102223,-0.154489309512538,-0.268802088300367,-0.805788176599595,0.108828750998824,-0.457583537147722,0.175231222236082,0.157591078019951,-0.0211334213856089,0.009891459795967,9.99,0
108332.0,1.45167626785857,-0.855728851891583,-2.40847469919878,0.612835966519707,0.441058301183631,-0.908269281362955,0.960027702064373,-0.476496579688256,1.28809096868182,-0.26314509737484,1.82536845176027,-2.13681117660255,0.451445470357902,2.74201365183571,-0.895590664415839,-0.389027275558653,0.248140726656544,0.520295008223859,-0.0154284120079504,0.333376129202753,0.245398489271228,0.236405183867199,-0.293800782116404,0.730003895501563,0.316571093368444,-0.223595309176277,-0.164514402972292,-0.0279736618555675,331.2,0
11025.0,1.26013840641129,-0.166667905932284,0.476571719436703,0.158746750510315,-0.53825137827145,-0.376978630617934,-0.490456911494956,-0.099715096155828,1.94190317861639,-0.500361022620694,-0.276995409697374,-3.17081092251177,0.946840549917907,1.62793280542706,0.752661081848755,0.780978225914049,0.0473794284966234,0.555072137268407,-0.0881800650189103,-0.0708496258443679,-0.119016915656809,-0.17826474385591,-0.127676113308184,-0.464639164908664,0.276534884797895,1.08417840065167,-0.101336844962648,-0.0008248319126988,39.0,0
157044.0,0.340988105969977,-0.730121635416051,-0.51094227047696,-3.02097950191339,1.81296081561585,3.80351322786367,-0.633123324736492,0.664034316575273,-2.2332372733943,1.35168955178149,-0.26774200606478,-1.28348072287994,0.223103850763068,-0.410476995431081,0.416001333903873,-1.2563974753112,0.659079578327007,-0.0044282493994336,0.757179705763904,-0.0811765286466931,-0.109911749718364,0.263089236359854,-0.0476854548172525,0.699675228241437,-0.648187915466932,-0.0713722843237505,0.0753385469100379,-0.0380170514284494,15.0,0
40894.0,1.05005941195182,-0.786857313022082,1.57628258050475,0.622320573203926,-1.63704873748616,0.321620265384991,-1.1180792810403,0.41567977830992,1.66533558396188,-0.37339904655338,0.391528919998428,0.909871041099077,-1.50171143345243,-0.623487855469923,-2.17513557652988,-0.345809853429503,0.431536665808157,-0.167371044121675,0.927101827086852,-0.119073158264553,-0.170203256597635,-0.173437540331541,0.0162432349651824,0.619604953977695,0.138659856038107,0.999760899640876,-0.021272513612006,0.009824011588936,36.85,0
26738.0,-0.400305038789614,1.01923992634406,1.14965360109363,-0.180555690964281,0.42551650267162,-0.0083662762993564,0.505981062309844,0.242961985023185,-0.61169899761827,-0.379741771196262,1.38853252330142,0.504704191791043,-0.0842105494806595,-0.193531108421386,0.486097272110718,0.388941487448221,-0.0742051211679831,0.0328912708107496,-0.0346121768909805,0.0886744886461351,-0.20918746687318,-0.535274891767644,-0.0420199985200109,-0.363437746656591,-0.225934511888432,0.105071187247589,0.257690556789848,0.0808685063283461,0.89,0
58802.0,-0.234114499426729,0.180026575284449,2.13064651562693,-0.839438392259691,-1.08372639706441,-0.754974267326994,-0.100669924367946,-0.0718918354384704,0.927441512362271,-1.22075871476303,0.120622282461538,1.16353425404133,1.3472634998964,-0.421037957539165,1.87334437736978,-1.30158467952976,0.588874928240992,0.192201221049232,2.4017405547693,0.337608223588716,0.158323160532675,0.737825597115695,-0.0212450739580287,0.811678552879951,-0.502228467798103,0.10886970201753,0.208733080702439,0.167037764697191,27.83,0
35721.0,0.773582132684461,-0.596462174282111,0.443748425469235,0.586559645634645,-0.708880737283561,-0.237311015209354,-0.0005426033279082,0.101305403527116,-0.0281267738167207,-0.030196832757585,1.72595833293745,0.676030534761562,-0.827358370896051,0.683763453737133,0.753164376236357,0.291737248225086,-0.261906681258633,-0.42907276459315,-0.281198283562238,0.222851150901261,-0.109207981582236,-0.831508976979217,0.0667028054865995,0.195732188320423,-0.126187076138739,0.119803319072836,-0.0632264248970583,0.041144295609172,200.0,0
102055.0,-3.93895464312122,1.67223209658117,-1.50894934429846,-0.864128136275602,-0.817009219057725,-1.27065968084934,-0.104431683004674,0.914202234318776,1.83591145657554,-1.13100070407935,-0.909061436607038,-2.45778276431815,0.132034218877462,2.68924120112558,-1.68088533397014,0.401685021373427,0.677532754400479,-0.2724192772241,-1.25581196104494,-1.53510978088471,-0.105053962575991,-0.748886268890983,-0.0556569771490101,-0.120672054382092,-0.354293361032548,-0.97433605515136,-2.03769328864981,0.183094672479055,51.58,0
154067.0,-1.66621037428826,-0.615034438499464,1.73218206981241,-0.842378678620055,0.383882559217896,0.0852618473063761,0.662996943111025,0.248871570501143,-0.380172116307432,-1.03859592945294,0.69308188663817,0.530392945644322,0.140889120074799,-0.0019148349669449,-0.379936415026534,0.913611471411966,-1.1639087022436,0.823627815484081,-0.773811311935787,0.583424891333522,0.420848570224182,0.543043940370295,0.183442426848206,0.773362414393471,0.692956927524998,0.332353579896241,-0.11132470949845,0.0788306310312478,218.0,0
57278.0,1.17973864306794,-0.489831768016077,0.957577762473506,0.0462214050644574,-0.961376944514258,0.193953382618464,-0.829413469165449,0.257181453926377,1.2579730553565,-0.408492107486282,-0.911134200506521,-0.0906568204236272,-0.852797974188409,-0.247952099777236,0.681516978265987,0.0207804056153458,0.128561101985315,-0.601558457746954,0.0126468333076365,-0.125899199030714,-0.119421976007178,-0.183056096105244,0.0488409259946355,-0.223505420702912,0.0511721800185903,1.04406836310258,-0.0262629711292627,0.0090213011200068,18.39,0
147077.0,-0.621147324252633,0.819848329699104,-0.885860941399545,-1.47359006056079,1.24240704645815,-1.32433405383088,0.935188161142992,-0.272769735581308,0.825012202238101,0.24104038397693,-1.71659310956613,0.247242717197642,0.358561990096665,-0.170322680542357,-1.29270475851367,0.467704855500812,-1.25848792946738,-0.720057326803636,-1.13692359286664,-0.144459524761236,-0.232188780332282,-0.240546236579099,0.211241319536022,-0.655620770655099,-1.8100585619692,-0.289811037926695,0.674416686784675,0.514321970167604,4.88,0
54514.0,-0.611519264137103,-0.320324481555065,1.43058796585913,-1.6161825227701,-0.145601209251587,-0.434022508415642,0.0842035483710306,0.142538605683028,-1.34410262116186,0.0417499718914216,1.32880337148916,0.0751147633545733,-0.328979939275221,-0.156988681469577,-1.23855706673584,0.742396300238606,0.371602627266566,-1.56680794012851,0.0786204483010226,0.132576124623473,0.273589088636695,0.58978278453171,0.0925286228433904,0.233543732317261,-0.377576628305453,-0.488153917978437,0.118564197910312,0.145752848470566,49.95,0
100298.0,-22.3418888868038,15.53613332478,-22.8652284959099,7.04337354768731,-14.1831291919342,-0.463144880408286,-28.2151120538009,-14.6077905214735,-9.48145633401495,-20.9491915543611,4.73958247105186,-11.9249546896802,-1.50141102577851,-3.83678146634435,-2.72032883823594,-8.88010567222989,-15.8251362851177,-6.75042522352437,-0.129188144339879,4.10001904830367,-9.11042257588182,4.15889482041313,1.41292844456256,0.38280067392155,0.447153952515532,-0.632816336434319,-4.38015425911661,-0.467862869164174,1.0,1
120074.0,1.87620804510688,-0.314384673049357,-0.422922235310534,1.41723520116812,-0.294267495307791,0.204960881840649,-0.398651319416425,0.20476152419518,1.07598326434794,0.171820117994538,-0.0063203960005075,0.85060711954836,-1.14980638442974,0.0997391735764855,-1.74429072220361,-0.148665918644824,-0.309146727953017,-0.25705650112222,0.554612324059275,-0.307549657039712,-0.489928841446922,-1.2149516199273,0.389907592551442,-0.504503695117697,-0.356561257697036,-1.09774407295726,0.0449641982783184,-0.0436120388409815,22.48,0
116067.0,0.949240654782111,1.33351901279168,-4.85540201400676,1.83500588341825,-1.05324529225553,-2.56282606985029,-2.2869856262026,0.260906489976679,-0.895365545923127,-4.54261203828437,2.45371037821171,-4.92519869522976,-1.20041197086128,-6.42437211273331,1.01489749133407,-3.12942132163446,-5.14703878335167,-1.81543652928925,0.520496923051347,0.424608328846183,0.306598169644708,-0.854626651528392,0.101176995923819,-0.281497410249515,0.0244439388949186,-0.107944111820021,0.625288550407281,0.315677390712111,65.0,1
73768.0,-0.904632446215174,-0.268199848734427,1.40257792548774,-1.83955745228785,0.65523322248032,-0.107163519200916,0.051920735826551,0.227966918647709,-1.63541724569088,-0.0859506828922776,1.4556557810407,0.294179383689923,0.100112601180947,-0.150586983364458,-1.18260048267714,0.317987641418744,0.618622576093478,-2.03019824713028,-0.313954473502909,0.101351461590134,0.375977449620757,0.964450169863137,-0.255542192200917,-0.24135609365002,0.377831046036945,-0.188982067101554,0.0566396011313279,0.0702483013626797,10.0,0
158594.0,1.70978581263891,1.00750934964206,-1.75413651983748,3.95538301222843,1.80303991682472,1.26395698125491,0.179941391918929,0.388057334704514,-1.1810310122073,0.0988895249914997,0.65655559604875,-0.0212264546672144,0.279307728682593,-2.48602212520562,0.432812194413569,0.392406878816648,2.56868799484593,-1.59637775673637,-3.27593781542759,-0.308640958543649,-0.299799309748112,-0.666117634440562,0.421406182452673,-1.67689238581311,-0.546951754982515,-0.213417801290952,0.0702101982940693,0.0047078027253064,11.37,0
42398.0,0.92388715148754,0.043203588109632,0.540365026776796,1.46172592829715,-0.607774861160277,-1.13422303705143,0.458192924325849,-0.33134852041348,-0.279352500008243,-0.0557234892569568,0.310327222944202,1.01864892504541,1.0798222481884,0.200628133502239,0.746890596952941,-0.0192006761481743,-0.316757598457182,-0.625799491360026,-0.584360387881981,0.195267632233799,-0.043328703898877,-0.38313715970916,-0.0226860397248948,0.918016200133444,0.381647779583374,-0.587646058104106,-0.0007395353456631,0.0583724392966076,144.0,0
163999.0,1.97054751776093,-0.760623421427038,-1.67157026037189,-0.637687109696004,1.6652902680225,3.92653078274165,-1.30440982698839,1.05872763846903,1.11058953814946,0.0237403500193585,-0.216871341471088,0.371081672934286,-0.0223005581197026,-0.0622073906825891,0.76694010262227,0.244276330096594,-0.566969378451654,-0.127845508391831,-0.393274463401349,-0.110734387951164,0.160351657608665,0.564189165496309,0.202586142725311,0.759792872726705,-0.245286156758252,0.589136426517134,-0.0002525065755098,-0.0529491958647838,11.5,0
153844.0,1.77555891583685,-1.0716570529666,-0.330758043399302,0.585845702928265,-0.614912121139407,1.06851174641328,-1.0496352166972,0.437296244431305,0.0311245475341679,0.824372219459972,-0.688606908257488,-0.251113058214339,-0.851180277133692,0.161826698270488,1.24038575939009,-1.99927360969197,0.544486480784747,-0.0699332121065221,-2.3735530265597,-0.684442511934301,-0.413626901714489,-0.706976315444359,0.485361707758333,-1.17896842067901,-0.781409823000559,-0.844312807173313,0.11540539871494,-0.0202486934353446,83.01,0
47714.0,-0.467581379420526,1.19592432422764,1.34977583097179,0.918969708490944,-0.447384849581733,0.0097951092840318,-0.120738062420017,0.46834982960486,-0.481422899664727,-0.400206135107803,-0.162211043803889,0.957923412515997,1.60409225853438,0.059437398375492,1.45976457461849,-0.0757080483105952,-0.0376791469154545,-0.311554988563057,-0.145521993352567,-0.0911644042265587,0.145183544525486,0.372735200170688,0.109903783716436,0.0906695908441314,-0.540409936497142,-0.499295877116506,-0.114254224246211,-0.0064630448129926,10.0,0
141172.0,0.268448369135544,1.12488793571475,-0.783509848821229,-0.112809083143404,0.704654024065823,-2.22196203656336,1.6098339592481,-0.585331610240304,-0.434301501025029,-1.05819954360248,0.206600878917768,0.205547965642071,-0.222872062937655,-0.666140677599169,-0.366320950616818,-0.920267952777514,1.24595785752228,-0.231476551528074,0.0107715901589139,-0.132812801749336,0.229652594795977,0.872619887101743,-0.146692249573726,0.902413943036801,-0.263459313870248,0.1565963251456,0.0848905033153336,0.117805666683781,10.3,0
63573.0,1.21374019498068,-0.387834124831359,1.05314538271855,-0.0334148736463083,-1.03233999107146,0.0386196490503923,-0.836409734576527,0.233345439764168,0.908503238700465,-0.205130608901236,0.699569795839321,0.850911849420361,-0.308908971118681,-0.204869306382148,-0.343242924646877,0.469060660775183,-0.424925345800004,0.252918734316963,0.650360568344236,-0.0819673737937833,-0.0973155479901441,-0.118890703307778,0.0195746434854682,0.0819077281055215,0.117328292344713,0.994844979896032,-0.0390112708063449,0.0006990468906015,0.0,0
150433.0,1.08345967492644,-2.80955071190795,-1.11533330278355,-0.583549660839668,-1.59612507628208,-0.065258920689942,-0.472897261952872,-0.0989773570950355,-0.144317523332565,0.686768606658372,0.520395034487503,-0.0415300926002391,0.289803941902638,-0.160380456666591,-0.0101280509436554,1.78907558104857,-0.421711926152962,-0.179694295198206,0.569929446657557,1.12176371409833,0.751703949441356,0.927465608350125,-0.421434531676701,-0.429114186463452,-0.375598372914994,-0.114644939952552,-0.0933023313835624,0.0364930312155418,564.3,0
13645.0,-1.35803668835822,0.500959203971914,1.95829569974553,-0.771023979275541,0.92104463063417,0.863956499263265,0.615123028348333,0.140062657917972,1.79751101018575,-1.13695789044979,1.28400587929536,-2.41461867107222,0.0893916902980957,1.20952472215028,-0.96634394726728,-1.24249915398827,1.45363441274947,-2.4983807565621,-3.25494421718413,-0.619519542469585,-0.18519525587965,0.0129309563038236,0.140723381678128,-0.501700510865881,-0.407839112550202,-0.0688000690864856,-0.468248171066734,-0.122600342137343,9.99,0
4924.0,1.26153325298797,0.382736190077272,0.263120492672773,1.25150681211332,-0.111036812789536,-0.735765591738449,0.0609233257408671,-0.238474373462392,1.43498338810666,-0.329736719184182,0.07170875449162,-2.94054416439149,0.7539190216226,1.99204789951752,0.312984544322701,0.169423751707855,0.230075672423941,0.355990969310908,-0.433967799806523,-0.225281381990678,-0.154234279832331,-0.206087770381498,-0.124980012228277,-0.0490277208011588,0.678392996039189,-0.342133377586534,-0.0206763910350697,0.0092165145509259,9.77,0
48609.0,-0.527161344665401,0.200910628153376,1.82105932825707,-2.06801970542634,-0.0251814819659754,0.0933883750680932,0.0357316828369644,0.0281206215263147,-1.26950415702438,-0.212136691579706,-1.54334587128334,-0.808113762036732,1.43649821642832,-0.798890588521038,0.4283101235818,1.89825796610336,-0.640890833878039,-0.762333395155555,0.501655452896515,0.24516087081657,0.101646842318076,0.146677213290973,-0.410605293895433,-0.983874479622718,0.500040303939668,-0.28918388237853,0.0485040445241135,0.0578027702992773,19.86,0
38142.0,1.25692385571904,0.32490538232739,0.297771376444449,0.697304171201575,-0.409749043675312,-1.08378686344074,0.0569472045621891,-0.179302001938726,0.0976393553301394,-0.269810970457607,-0.139269227302724,0.0063606851823649,-0.204145564681338,-0.202042696091774,1.14104344773026,0.498575705443142,0.0193508782960351,-0.246604622389754,-0.195416345425769,-0.109318601673213,-0.292836906179013,-0.864834860950535,0.13497318441247,0.333573047485009,0.201706302851773,0.095896556065892,-0.0257895486838441,0.0298150173024789,1.29,0
61972.0,-0.428813218983763,0.970524267607743,1.44283066208745,-0.224148445970178,0.124285034273602,-0.393019524841658,0.567389588516811,0.120722860068014,-0.58289185082485,-0.131551302156491,0.946826241179851,0.358500918391526,-0.317236332309135,0.382545258744207,0.20702128265631,0.506612403828486,-0.74640933421863,0.290221242862821,0.431462143618022,0.0937083037052519,-0.203078903842447,-0.569653964547538,-0.0764319209381277,-0.030129998960141,-0.191467964569304,0.0755537512657296,0.259653125453094,0.10659079421332,0.89,0
149009.0,-0.86033134332039,0.734313557739027,1.26836882847484,-0.464335417898605,-0.600219130340545,-0.236526478026256,-0.233389710489163,0.725992744556384,0.200054682009221,-0.598700034034498,0.206829021152243,0.152448108199697,-1.3122226482936,0.412608799138243,-0.655073656251971,0.589876553262304,-0.535968335342471,0.862897676444485,-0.133855242846877,-0.138893040231709,0.293448276698904,0.864101566029318,-0.153802526419667,0.0887966982707674,-0.356483073414147,0.35768619618177,0.249082410558159,0.140570977229828,10.0,0
111764.0,-1.85444418681989,1.84558306124492,-4.18120243281598,-0.505845394552232,-0.990878673385279,5.59083812467877,-0.727734558954069,-0.346263780275359,-0.245973329437254,-2.34398009302558,-1.06274935886256,0.701355958185618,-0.415313771182444,-0.03074486294362,-1.11973706874423,0.371380102048172,1.72341954608094,0.378102092874822,-0.146465202777787,-0.378673490587931,-1.00115826517702,1.37926809673641,0.186770894478847,0.720399801384397,-0.24124344730063,0.617871787878421,-0.496610386814203,-0.410348478296939,463.2,0
149805.0,0.473562651178382,0.405781625630894,0.635202020821363,-0.580593776391866,0.244270144377152,-0.699825605478077,0.612085532517761,-0.372820066494888,0.714948530043675,-0.418222024173049,-0.795932625624911,0.846062248855991,1.54143398475347,-0.559475908817831,0.148948877967455,0.0639643644745137,-1.04649343045203,0.158888432408821,-0.792356812980338,-0.103021721702799,0.434459597348285,1.6936474982228,0.188860446803176,0.0383289365687838,-2.03097001026773,-0.641959993156404,0.26581079357903,0.155511520238892,6.78,0
65367.0,-2.35274501832683,-1.3840874968869,1.71236413091552,0.022532148960211,1.29160632163887,-1.05063787343895,0.128194174254115,-0.0725304358642073,-0.0805466302920847,-0.695016745318883,-0.962737182843175,0.642029657481499,1.36745451528842,-0.595615487136137,-0.190134341836649,-0.123968596707143,-0.173329838777669,-0.615337402104562,1.00327603251084,-0.0033471115165828,-0.353419513405735,-0.5894626681808,1.07374338147951,-0.0774863527947059,0.557678508361204,0.92476900359788,-0.0077653785297417,0.0215783110909542,49.99,0
148456.0,2.14176131857803,-0.732102971353828,-1.50612283679791,-0.75389675632165,-0.367296037787715,-0.49852482888329,-0.792792268702363,-0.169046901412246,-0.0010746116162496,0.0423631778513242,-1.11687635964034,-0.63385356551527,1.2369864541775,-2.33495817988171,0.314291292772486,1.9293335690356,0.950116514576513,-0.214954322988022,0.574803671918291,0.19359823064203,0.203068282319521,0.647944167566934,-0.0667717110289656,-1.07588580831618,0.0048775103150806,-0.0322891969763663,0.0265620513419067,-0.0136100388203056,54.95,0
53708.0,1.3781090309709,-0.759917713010361,0.341032613518639,-0.627808557001366,-1.07922738183261,-0.355743823009633,-0.815243240755639,0.126652533077065,-0.345049969211117,0.7266706157362,0.430164593758823,-0.931011284206404,-2.19478335573545,0.148517037375456,-0.922878477954864,0.973552066731434,0.434122491719612,-0.89444896602543,1.37034328132035,-0.0798040103158904,-0.0188585077422998,-0.0973408059675012,-0.0572246008009571,-0.0233731725542007,0.498312581332072,-0.233754316347368,-0.0043141644256875,-0.0054820662882906,7.0,0
44420.0,1.17629384431568,-0.186787598704973,1.23664909892601,0.868423086858358,-1.11650005069328,-0.308474502247103,-0.639011373018175,0.087301998628873,0.969589250873135,-0.23377246298857,-0.776211868272673,0.303366685239887,-0.213826918166591,-0.354973077399005,0.228546513218925,0.175247795094824,-0.159404614162488,-0.203640222941624,-0.0396440993461749,-0.111812085542615,-0.0931779029343969,-0.0927415631530821,0.0325090731442974,0.427142221062597,0.244748959319853,0.316969376886681,0.0147079080775199,0.0272317814346773,11.5,0
84232.0,-8.71900803382552,-5.72827152726222,-1.61289637259998,0.495706862700145,-2.86024488180689,1.66374962706467,-0.413907216722372,-8.63402929823506,1.28845352563318,-3.08486135792164,0.86202650319748,1.51332768749964,-1.45016901251164,0.714536685742945,-0.357577350302649,1.09754681122125,-0.131883468873917,0.406880430947709,0.812927193096105,-2.9831292522073,-5.56033146045002,1.82397930493766,2.38416927635799,0.747410957808977,0.523613866755528,-0.709882530189193,2.42365290924923,-1.58034045128498,994.92,0
36998.0,1.23069265503963,-0.365260512501669,0.742047664938485,0.487720494162169,-0.63283969753924,0.641506471556386,-0.893742059351175,0.408261490626452,1.04900397379932,-0.0092239959396261,-0.413207565073601,-0.300236706327329,-1.79958129083248,0.108782016534469,-0.20056269269154,0.791209203180584,-0.73772963027658,0.880253997917227,0.7043973349237,-0.189229341057165,-0.142991999898769,-0.330542696468092,-0.0964657926764189,-0.843308197677339,0.315985662668738,0.378565346244381,-0.0001894081689525,7.84376274124425e-05,3.07,0
168240.0,-1.26349413977402,0.0725959376890612,-0.496294909705229,-3.31977138424101,1.26722038757245,-1.47149960396699,1.77694392350956,-0.626925941780797,-1.52531144618707,-0.5294559228458,-1.20165888502392,-0.533414907365646,-0.116699799409914,0.398199942279521,-0.885368165235805,-2.15334136387658,-0.177065974287886,0.604641258277303,-1.3375101788057,-0.822477899066988,-0.165816136811375,0.169111327226973,-0.369214804473735,0.686942104754474,1.57414631021523,0.988238893036953,-0.292454005808338,-0.0455302697492733,47.75,0
145584.0,-8.45745210283551,-4.47705537481548,-2.9210655478078,0.801952013540921,1.89975442846883,-1.66167500699534,2.10224978207985,-1.46759831898982,1.97380724307294,2.47628996551041,-0.642846031050513,-0.124492137146704,0.460881094300591,-1.04880156770751,0.0748211203915169,-0.0045701512334895,-0.850076296519212,-1.07432927767924,0.886301561039066,-4.92155339468822,-1.71666779977209,1.0536908590494,1.90809449893036,0.881495028745912,0.562988762953741,0.304394751159264,-3.23817129293497,1.47044849670023,2.88,0
118095.0,-0.47953602908113,0.892496303967527,-0.578135721510563,0.19996201416605,-0.159929967393723,-2.06164374292139,0.599816013804438,0.175313498953421,-0.0088708064512656,-0.981399236653756,-0.117033782396678,-0.551983999242302,-1.54093957111602,-0.166021789434724,0.751524442037614,-0.0392175692292775,1.01353892713547,0.636950594170868,-0.544175263763146,-0.0362701778976958,0.393685323001624,1.02180353207159,0.077247002256211,0.823310661442963,-0.45466075606088,-0.19342758511139,0.245973326216785,0.0947063551764688,47.19,0
37076.0,1.19868093663122,-1.12871901310047,1.02121513828558,-0.477133551188249,-1.66171730023538,-0.0593747906160875,-1.27453641628669,0.235407890112688,0.174854960851567,0.491107519552863,-0.655633226663401,-1.36673729423219,-1.63229324595139,-0.301738022709264,0.821383403816386,0.985417196348444,0.699298131027338,-1.2357024159906,0.0941412743641016,0.0424178103279094,0.349651217413704,0.895471705927079,-0.103629841486073,0.0783238473265759,0.299021925401353,-0.0165953480881663,0.043169832698357,0.0284128860367713,69.0,0
77085.0,-1.49895320690155,2.44592053389238,-1.57365284993069,-0.152649717117367,0.626305859259622,0.543780898122319,-1.05905903438962,-1.60633063145915,-1.19237215621031,-1.37583605329145,0.542995950459604,1.04399818392087,0.890793280689878,-0.535472958146297,0.0924920754763903,1.10999350576443,0.953968996707735,0.886637797357186,-0.0917407838674314,0.720112917661384,-1.29853847682011,0.277410855874807,0.0701030475019405,-1.46570382230625,-0.024585254264995,0.363513801422839,0.101662793676863,0.0742038043670072,0.76,0
90205.0,2.04110446203897,0.261797588839452,-1.35136354562648,0.745564484869605,0.210638293496133,-1.13673086105255,0.0831815232280787,-0.332693456981414,1.79031624658691,-0.740534407810954,0.788477429493351,-2.35421681330453,1.30514818854907,0.682670440655327,-0.536070022780713,0.151232134082971,1.41097272038093,-0.164692887165242,-0.342748438897372,-0.235274590922443,-0.484626627370394,-1.06129290452239,0.418855278000042,0.982630810351255,-0.360595232077105,0.102078320589825,-0.0908126818370416,-0.0322588677426512,1.98,0
68634.0,-1.25321853146672,1.55865129579482,0.0903881197698719,-0.385748418021871,-0.834900259356422,-0.370276396036699,0.842621444091627,-1.45885314242377,-0.271455434870615,-0.686875866616325,-0.905420311984931,0.567038537158976,0.333767154050316,0.286713061589307,-0.793406321879425,-0.0044176101385593,-0.0742313943752505,-0.521728699027042,-0.542441845811402,-0.528119453294928,1.5671170572034,-0.149620651642624,0.189998641416574,0.432681786290994,-0.281162217153444,0.311209064005635,0.401640028682466,0.133970938010535,159.79,0
37520.0,-0.602496109067853,0.782253212183551,1.50235293427805,1.10121673680151,0.310445679672552,-0.14472109790152,0.286728519947534,0.250063373737481,-0.746392076162326,0.260804225079483,1.47983147818538,0.31365224069172,-0.768798350004512,0.658544326935004,0.856846199708152,-0.478638023986892,0.0342224286404367,0.295577794361155,0.470217818633564,0.180443026692867,0.24915459000877,0.790103965699723,-0.0947496076532197,0.213103263212102,-0.272191915841475,-0.198642912022758,0.413968760015087,0.20863590379502,7.98,0
78600.0,-2.04853755631739,1.68248042961777,0.940949383433574,-0.875279614862819,0.823738544855676,-0.118475503059211,0.83533403703017,-0.109640375558159,0.122841451055345,0.247331333683316,-0.530881671486074,0.271176684914896,1.24506894498813,-1.02892759751969,0.813739287728288,0.439940515640539,-0.370138681632883,-0.592018646040798,-0.794115256561377,0.188563764143772,-0.321438667066011,-0.803017829966494,-0.147197491247861,-0.800199191662974,0.437128434534524,0.0565544396275614,-0.218312718440557,0.346603241140377,4.49,0
77416.0,-0.776205615241239,0.601262464329472,2.03957741338504,2.71382534503209,-0.0636663972796048,1.41322667869198,0.527580885216177,0.481805770989314,-1.65579408166846,0.587402805262803,1.5175617435884,-0.0351722041724397,-0.699349954430873,0.617600279996223,1.33157031939233,-0.160817646103958,0.271936878481803,-0.204694625160135,0.353015326473691,0.4040821642941,0.0781689679518921,-0.121068290883986,0.408510008451036,-0.366855802624999,-0.560593578790686,0.0115651038040869,0.100873324197463,0.126507502281823,154.99,0
161917.0,1.98984846834229,-1.05219434652632,-1.36986908090503,-0.613873531614666,0.113337988399951,1.18571366913969,-0.763085574789716,0.320829719280351,-0.330324300514376,0.847714218998657,0.41828436540884,0.71122811069259,-0.0734473162916249,0.144135071382307,-0.599089936000133,-2.40602312067702,0.56061383553777,0.142617324019576,-1.13918840754112,-0.666929258665003,-0.20392489807776,0.192740410538347,0.127889145865739,-1.59734920648115,-0.223415084662271,0.864199656308777,-0.0048216989549791,-0.0883077414306079,28.26,0
71026.0,1.30667169246675,0.309398873570613,-0.0530313834223758,0.501021376612921,0.0227876095780676,-0.593841612043211,0.0670105522240927,-0.144711254340258,0.106871809771661,-0.280161379670081,-0.836528975750018,-0.102911314431622,0.259074413173338,-0.31402990676355,1.16848726390618,0.729351469270935,-0.303802093540236,-0.0102813145357988,0.117371032354962,-0.0517661427904802,-0.341408136601528,-0.996295314786953,0.0229912028698791,-0.498598680064455,0.322616903081798,0.146384925222728,-0.0257702860080028,0.0228429372363452,6.27,0
64616.0,1.10455057719121,-0.380612513119502,1.49649169992743,1.00604115568859,-1.16160447691628,0.470542241081327,-0.915743395738897,0.288630390701516,1.12642478037641,-0.260446464571176,0.594209557235037,1.82511908260522,0.672991166308848,-0.889789931100647,-1.99625793449828,-0.28676929785917,-0.000954383993829,0.0872541085925227,0.553816499024889,-0.0574019825304686,0.0821599202205515,0.695859800847359,-0.16390458184225,0.448671158612395,0.536936392602614,0.56637630299097,0.0393666165697508,0.0137604427998818,9.8,0
73687.0,-0.4568336739634,0.412066571090047,1.35814636433799,-1.22528811139613,0.714635723700677,-1.03853382272607,0.880302620729091,-0.569669754247688,0.314371910491739,-0.0155964127803531,-0.637590360016263,-0.185991193697305,0.347491854848965,-0.497245417125408,0.594276543801492,0.373092965955874,-0.970574340455371,-0.370989037199503,-0.306700673248937,0.144521371677671,-0.205284025113516,-0.178415045748729,-0.261898858985446,-0.0554569418049547,-0.201739329310658,0.765770426516886,-0.231268398884867,-0.38315579576221,1.54,0
126165.0,2.02793187193626,-0.524277439692949,-1.19736523442487,-0.366186765861525,-0.424334135177505,-1.15348244846338,-0.0026831666078362,-0.333391173273431,1.24134694985341,-0.324540780417024,-1.0040905639445,0.581455260271035,0.0665769610179989,-0.0281872206312008,-0.380614165306237,-0.591271436551279,0.0254888709584351,-0.624562090100797,0.540522174233257,-0.130970139761662,0.0642239819148181,0.447973948170577,0.034987260954979,0.0891207208772494,0.0272899738712894,0.999343298019166,-0.0927043235206551,-0.0697899588553329,36.0,0
163369.0,0.763025025336667,0.844326126097955,-0.532572544134962,1.20870096945456,0.639756580523353,-0.331442159000197,-0.261945345962547,-0.972985691072961,-0.515704179852067,-0.0580322518390808,1.14432014105647,0.464770473674227,0.301527092738699,-0.320008796920222,1.56922349200037,-0.478807862104675,0.980641180876179,1.45916969872264,2.50061411679601,0.0923368822476013,0.996450483453895,0.542263794280135,-0.844310163592618,-0.491805570075848,0.641389574005273,0.404246469341337,0.287761925895917,0.289793647656928,7.44,0
157001.0,2.18784427923521,-0.837593791603827,-1.46999777943892,-1.0283618841926,-0.370906571661488,-0.762495842462793,-0.4506651082146,-0.268085604747351,-0.416369527353932,0.846706752773566,-0.936368378623546,-0.849440240978596,0.0900256845614896,-0.0130744004933628,0.505002795988375,1.12730366904779,-0.0165480633474303,-1.14947219392012,0.546023168620769,0.0571543025522726,0.342794772675998,0.879191985942967,0.0370428013607093,0.511301331489275,0.10591751214426,-0.0570248839546027,-0.0429896479758633,-0.0517641202498078,44.0,0
33772.0,0.506773686645069,-1.40530657713306,1.1142079985692,2.00256709916309,-1.67520859614198,0.327764814762664,-0.542156866844787,0.263289535589503,1.71892987230253,-0.38932827970177,-1.70759711107406,-0.49519589310055,-2.31626998362978,-0.350854005041517,-0.973370021717459,-0.336678056624286,0.347169106245532,0.206398634547985,-0.0382657929230453,0.336191401559837,0.212762500752086,0.249118855876889,-0.423459373338395,0.40321567850905,0.50089821639569,-0.149373174620672,0.0175132154845944,0.0830874838472706,323.99,0
41877.0,-0.476796490341495,1.72422731188576,1.06067725072672,2.17590291184803,0.545121856371628,-0.550378048027613,1.33008205922775,-0.278612205034036,-1.68871954188557,0.745481752282642,-0.471636360830433,0.0739079895413952,0.970511720827876,0.204993271149513,0.222700488039073,-0.103090168383295,-0.302081623815875,-0.372431943556153,-0.111616310241392,0.165124591399598,0.0840185969802505,0.351343767894006,-0.195194232156309,0.421061137192337,-0.0417222975118113,0.0793106347192258,0.233687063851267,0.198212546690499,28.33,0
140037.0,1.83164548864913,-0.190357149399078,-1.76313200446193,0.512021124816651,0.0296724133757489,-1.15716358162691,0.206452345800976,-0.195001672562205,0.463927554859055,-0.322771090006519,1.30758270920943,0.277024167386295,-1.0819362540015,-0.304618017192399,0.358064475091903,0.373596342230129,0.292047532243161,1.01779999898861,-0.267657328758774,-0.0916461706022527,0.299758370412945,0.766302201612055,-0.0801154976623294,-0.0684659289530766,0.131563020597357,-0.126932853742332,-0.025718987480888,-0.0280555547689357,90.0,0
3746.0,-1.42839511947544,-5.0363113759412,-0.949783734049741,0.668181438739433,-2.3472720596609,-0.0243369777439261,1.15311825840224,-0.471084525986834,0.44449086391616,-0.457039166296511,0.886483039976713,-3.28680242621996,1.33821733080392,1.78087289959887,0.590829774594392,1.13921495598829,1.31238098707794,-1.37080675704248,-0.410220986909356,2.89291841575071,0.649882314492112,-1.29145294327737,-1.08939095662775,0.0535890783991437,-0.421518718821893,-0.642375178987812,-0.278170145501578,0.2632458458254,1455.37,0
139125.0,2.06462459578913,0.205539722419956,-1.67888236675242,0.408387700095213,0.504149344191642,-0.79140633702496,0.224241557619304,-0.256224521736777,0.37372624681761,-0.409512637443117,-0.364298369017449,0.585687835767373,0.829608440516441,-0.99116968814645,0.166047918447576,0.214684121438907,0.494281301625919,-0.499170723126003,-0.0332183569522432,-0.113004346993566,-0.348162259970033,-0.853455475501172,0.339980536593275,0.529734567279971,-0.25024379656471,0.172699220326737,-0.0544782046929541,-0.0290728378412306,1.98,0
78859.0,-1.48876234545183,1.34321146135959,2.23677815776874,2.68274828032886,-0.677214212450785,0.9135471173262,-0.343068390696846,0.69984742511892,-0.557751845532383,1.43660148050288,0.436980226771497,-0.161355526367478,-0.643754611563186,-0.027963877517143,0.395151409520317,0.375650554708126,-0.190039657113825,1.124394017255,1.11390087340243,0.494567979089096,0.0649591438876813,0.537930416843544,-0.319775136383362,0.0026707044143178,0.243159613002001,0.396533872154837,0.286218626814076,0.0047888691348368,37.83,0
97028.0,-1.08240751078996,0.410062955258134,0.242020055872235,-0.513907202548751,0.0298538078027467,-0.721067144697863,0.49669979296635,0.369799917278956,1.39431655183586,-1.25727214581009,1.12036032907132,-1.98525853647778,0.419721206209359,2.10935398737956,-2.27263647597425,-0.356664549532028,0.582083799408007,0.652417193088607,0.113418880354951,0.051683539197576,0.158575556621756,0.581192761818613,-0.0145823508104731,0.0419431164976031,-0.111229334447748,0.0631439534359123,0.205887025102802,0.100282489328922,95.0,0
33004.0,-0.405202374588214,1.07539895164214,1.40258899554462,-0.003011233427182,0.0012164945061506,-0.786873492676072,0.598255945007118,0.0634836685121799,-0.664093711203282,-0.33995216166575,1.66581735677034,0.667442307377339,-0.0223516641996661,-0.216077568927197,0.181065223216484,0.519844800287292,-0.166743616487649,0.292523335663597,0.122287224912797,0.117253881217887,-0.198680065572321,-0.54155819008559,-0.0027434000179537,0.483901715836527,-0.21858084336996,0.0419165131919069,0.241995268119341,0.0902930919855881,1.79,0
161225.0,1.45254718592548,-1.35413485379339,-0.925751787940443,0.374232240685683,-0.675320982759419,-0.0757434339963593,-0.213922564689143,-0.0947729606268647,0.993262791264411,-0.0985381859145069,-1.02686671904706,0.301248275344817,0.668315570844324,-0.116910744721703,0.940472520841771,0.672078513507913,-0.78849995448078,0.211863236174755,-0.350274449825528,0.50211042318644,0.340873012621585,0.412267233596331,-0.0834512593772721,0.550707020091288,-0.391238542676068,0.600823201663508,-0.0963558955919464,0.0095548891131059,312.96,0
11041.0,1.22663571887879,-0.0698653919803089,0.751213278904859,0.133679340286185,-0.626864231664236,-0.324736000617893,-0.557587871691646,-0.024906697709472,1.5234073222276,-0.346155555355974,2.01959195570601,-1.87180357452781,1.60339232768996,1.68359728037991,-0.0787125514340997,0.7869511298566,-0.0667147034588768,0.777594482161541,0.0110099056508887,-0.069217661110781,-0.0382558369205209,0.107590430287411,-0.0660853210454358,0.0284997564078817,0.215380227471597,1.03410738354584,-0.0947696014258176,-0.007919637966574,15.95,0
69079.0,-0.600966940432411,1.03504259029208,1.62702671238499,-0.111036467821943,-0.142421973049021,-0.6902957903239,0.592418796516109,0.0400569871333859,-0.573131100636673,-0.0289901531199135,1.45863784125331,0.606917096808245,-0.270423355468199,0.35141136099219,0.161321302659597,0.33258612568038,-0.566645709222868,0.0920081685492983,0.231966371855262,0.0718915175224881,-0.148578863544106,-0.458500860973794,0.0174008595349726,0.510249966416579,-0.26494245487783,0.0295278922302132,0.126981420181038,0.108418084842745,4.49,0
147385.0,2.10581313207089,-0.121083936878618,-1.6533276846212,-0.0680331178818452,0.722677424699011,0.154506746222181,0.0174782224582246,-0.0362135513657249,0.30668784266866,0.229159114543564,0.0166107908734912,0.857355812849042,0.429412941242414,0.344701313178966,-0.563611718460516,0.421953561272519,-0.968804027684442,-0.0157374717559528,0.852280967190943,-0.132324030169644,-0.311510326317302,-0.822473348313867,0.227507467774071,-0.345070105642317,-0.157676388839856,0.210306497201537,-0.0793763130140286,-0.073485464191989,1.79,0
151250.0,1.98820185982699,0.693033678202118,-2.63470461891104,1.49857884224298,1.24375670724029,-0.813011789532851,0.617002154362172,-0.195964907605408,-0.180122812678222,-0.573518828884695,1.47296016171743,0.556884137825339,-0.39213865229541,-1.74746229286915,-0.936996201143982,0.25663101789959,1.48883149413638,0.921162540437363,-0.294480824680335,-0.197699246285022,-0.0391300378559839,0.0824626373675735,-0.0090237128594147,0.501453854297753,0.449748191102455,-0.541155125958553,0.0077156062508716,-0.0122171125738646,2.0,0
46874.0,1.29525730992347,0.40023495026007,-1.83261628017532,0.133846130915669,2.55145233792616,3.06013530222508,-0.285335459245507,0.756222477632341,-0.209661164491373,-0.504605995167711,0.263594185729275,-0.24198676296053,-0.102880743827448,-0.906357671820697,1.24929876707359,0.831598952688335,0.174897120873209,0.914020937041026,-0.210347367835386,0.0166303976154862,-0.105513209895159,-0.385454407721567,-0.154807647194638,0.881590642449145,0.849887574532662,-0.311819090710884,0.0340991809634442,0.0443435419495852,1.0,0
33512.0,-0.232631522407033,0.0115248731669929,1.44933021446981,-0.894225307282445,-0.289883894526791,-0.559034637497153,-0.101282706219657,0.0030431123061617,-1.44053130803738,0.363787107835258,-0.125929039504144,-0.858449333484189,0.0317209050440788,-0.089257670637602,1.14715133213456,0.508656662746855,0.765877782708641,-1.72793779474416,1.0487386461228,0.229930477903003,0.129272810537844,0.225111978642486,0.117458150879566,0.0696763497081656,-0.696952390892266,-0.39544067838886,0.170788085511063,0.163896800462712,14.95,0
33454.0,1.09392723513377,-0.305088905009567,0.628876352005103,0.879072004313301,-0.835582031333236,-0.37613124343612,-0.291256531557094,0.107751308564209,0.888324924389703,-0.233086109934181,-0.582261068883853,-0.337914212329861,-2.02002635100271,0.233650934786183,0.0473635967416408,-0.654647405589468,0.609383413915802,-0.906190490693529,-0.259732395147765,-0.20979165649089,-0.0438064874635688,-0.0168978351038596,-0.0226130442491163,0.417702344831,0.369666427427865,0.556132649774777,-0.0259785446307991,0.0111927686842105,42.01,0
153251.0,-0.0315250394699772,0.624698290667219,0.257435153090425,-0.549619825518296,0.361220534967825,-1.14738174416816,0.803741804344697,-0.0672829065549015,0.244571328184793,-0.355490427718751,-1.19538140635915,-0.827212302926262,-1.85668384294511,0.493459108219176,-0.147666282707627,-0.0666958822550384,-0.243768012908132,-0.605878667917846,-0.142302932948356,-0.140684413265943,-0.268572392959897,-0.706251544386738,0.115998812063287,-0.0715227002663929,-0.563482332845578,0.149714325072068,0.234897354937086,0.0947223254472089,2.68,0
36996.0,-0.644319097844396,1.35250046232155,1.03877790567491,0.942509357855662,-0.0838774749829125,0.0027295189047433,0.0483857659386091,0.535723541713407,-0.482520666682153,-0.162414547241525,-1.57913051745977,-0.618620617694394,-0.276367710782725,0.537580739324342,1.51076976734453,0.297175985942871,-0.331145110158755,0.621646068714008,0.993452178153157,0.0674481173032065,-0.0477363981774579,-0.137445700069252,-0.153783235952639,-0.614289235452962,-0.154669802782311,-0.315299027505442,0.288442763572151,0.139323458535148,2.0,0
160444.0,-28.6233529617822,-19.2629826194308,-13.0426655162684,11.0277699180124,-14.7102393319891,9.04265925023846,12.1433912977344,-2.81831823210455,5.37642728917174,6.55698315649945,0.838451297169254,0.162702683999956,2.22639374977299,-2.96756493335095,2.41315454956519,4.62275568126249,-0.921336328059575,-0.567710513867883,3.07697906050972,-15.2515472921575,-6.51178881652256,-0.416771304789433,-10.2885512797678,1.31517744821041,0.274091251801008,0.189538722166088,-6.00798110316348,14.9291328030101,2074.69,0
152802.0,1.32272425078878,-0.843910597775511,-2.0968875375015,0.75975906867787,-0.196377115172222,-1.16635257897589,0.482534011071884,-0.349790812508124,1.04500741682416,-1.47497416110315,0.0110374511201705,0.483019027615191,0.665272820090391,-2.33279338224807,0.820578433757924,0.461206283587447,1.46805197816555,0.891705535237246,-0.45793403989618,0.585434736822602,0.133814675110081,-0.121562328444589,-0.208573690328062,-0.254751784229223,-0.0983244022531656,-0.613874016689451,0.0026541572433407,0.0723858076215552,357.95,1
161006.0,-0.456299336181446,1.33218994245642,-1.37649343365232,0.101720490307629,1.34882260145893,-0.956080912534992,1.73322207529344,0.0164750170720495,-1.43518903456022,-0.420146565933467,-0.0903874500204749,0.307477185709746,-0.565738635444577,1.38031877676653,-1.55492106911755,-0.403365181769093,-0.594438670225806,0.437316759628787,-0.0220536733514192,-0.239840467532942,0.532147109969515,1.39765380220876,-0.368185060735632,-0.455332840895801,0.282187049352409,-0.327519826227996,0.0169145929600053,0.11070381987223,56.92,0
40197.0,1.01889223218894,0.157661271934873,0.292070297177227,0.979593961997105,-0.014375461419661,-0.195518958545965,0.261670350769777,0.0187122926552501,-0.441721404543163,0.0533785353349118,1.72320145261794,1.30970918508078,0.27128986015754,0.625234715331656,0.384056082134967,0.0076702347221567,-0.388372537619951,-0.683849741686625,-0.183117299793964,-0.0030216895524586,-0.347408803071183,-1.18666546283321,0.17614631594587,-0.0537890208578011,0.141938047167564,-0.848253285331536,0.0147310858238747,0.0283820644809472,73.2,0
51219.0,-2.73150848804301,1.24804518764527,0.778832065071616,1.22931834685013,-1.09349608547919,1.28517304626003,-0.484845933726274,0.904694550532271,1.43809067442032,0.910751775583547,-0.145498903032969,0.650496497157442,-1.65486627226818,-0.380124362555827,-2.01261936235575,-1.09567301746035,0.838103902164892,-0.377556222258064,1.36731293184393,-0.335493376326924,-0.321988330038003,-0.434246452036276,-0.138371894849824,-0.320974762035753,-0.617038750595862,-0.675070803643655,-1.27752437938256,-0.602315128247955,59.99,0
33092.0,1.2037964027956,0.116077828163378,0.594165914012778,0.56467799001939,-0.634536802189928,-0.815658754364451,-0.123922569173988,0.000694959044875,-0.0364738107219613,0.140526487854648,1.44927688897283,0.450709131078043,-1.07407993130327,0.700403844450698,0.455513621982209,0.498997334521138,-0.526997259575642,0.0418086414869755,0.102428530976463,-0.171921281618664,-0.207436423888193,-0.697726110880835,0.165316542527149,0.495575868008321,0.117483673985397,0.0688124903410563,-0.0407292637770601,0.0080320471945341,0.89,0
53400.0,1.23698166104108,0.665714017566326,-0.362080035096275,1.35952376495008,0.0106937672792423,-1.26409891422428,0.256098729525357,-0.198607882578618,0.0340757986171539,-0.657318198470048,-0.0160823140940696,-0.554705042030858,-0.885391686883898,-1.1718569852579,1.1799898081299,0.634981550679704,0.941730670466113,0.69372371827239,-0.620015546104582,-0.150941472423149,-0.0772053609627467,-0.18958863670214,-0.113633780556318,0.229531272885163,0.663145674948334,-0.32464074588503,0.0298497400978325,0.0557305472680639,1.0,0
62708.0,-1.53308791635254,1.45951768000686,0.518027935053898,-1.27545297547426,-0.878887586653936,-0.787227632538938,-0.339552217003056,1.01771589552035,0.270630967265289,-0.509012941318047,-0.627901996755512,-0.023084868371199,-0.72402906873089,0.600520497281137,0.810535223711989,0.598637468706278,-0.0486558838151445,-0.677070290225712,-1.18178035659643,-0.0514525200673425,-0.0680113798037883,-0.274983118202252,0.157516843075034,0.0824237688530017,-0.20091390426624,0.770305264389679,0.153066000799796,0.0542001066798041,3.69,0
112790.0,2.1017064091712,-1.00419003664509,-1.6323006365772,-1.12810450395874,-0.288904818091975,-0.441494486694129,-0.491424350701476,-0.126689186466605,-0.641894531295547,1.0314925663954,0.596683601584544,-0.462576580516476,-0.463747864060688,0.308688629266692,-0.185782271755527,1.29161154286745,-0.240275597277359,-0.51000278742647,0.82945693540699,0.0966663851753977,0.495998275398221,1.21632378963163,-0.080133106902188,0.396119081083029,0.183901938836413,0.0411715819851644,-0.0604919219651983,-0.0626328246488357,72.7,0
160166.0,-2.78175820810112,1.49850884338817,0.812845381724444,2.91657907046142,-0.293976643674134,1.36103933911529,-0.311073772533051,1.49346710886918,-2.2968948417258,0.315789120682669,-0.25384874963634,0.538047437938828,0.980784145483607,0.691807457624939,-0.760727336858248,1.89425858077311,-0.902985523767544,1.02037143948945,-0.911163665967832,-0.47363504528443,0.330587384481316,0.510403356604514,-0.0471553719528828,0.355182392669978,0.619210804402463,0.14820545932285,-0.627929228473873,-0.214848675473267,80.41,0
107529.0,-4.99860112810654,-4.46854738276087,0.647160357484929,-0.798405887970782,2.32539489841142,-2.24880013052663,-1.08311206866129,0.448936845371645,2.16524137861765,-1.43223509945515,1.53836648356449,-1.31124206606171,2.50197739519914,1.537877234306,-0.193743950290695,0.512757266040538,-0.156018458412656,1.34526745562268,0.751881584377732,-0.597915332996389,-0.150079815859474,1.07007225780728,3.55998616014536,-0.390545613981974,0.98981730581166,0.460486613604006,0.652197119497547,-0.357424564445355,61.47,0
43882.0,0.932163087580212,-0.563778851378023,0.835066491486379,0.565408569303765,-0.088161321532646,2.05476362157488,-0.917655356966736,0.705558866495436,0.975250498311789,-0.448773651360661,-0.289369343008873,0.529139940443142,-0.134543513534992,-0.26578535712107,1.35791099147156,-0.929915595549517,0.847582145048367,-1.9685585532117,-1.40400987049288,-0.127351260103751,0.021582683900123,0.282203828022711,0.0494272059410481,-1.45527133664132,-0.0146070369781859,0.473474108594557,0.0764332736019035,0.0157249355030185,60.85,0
77587.0,1.04227974747235,-0.0361467625628015,1.07981766799457,1.10930934384779,-0.616186812654699,0.288855080326906,-0.550975506497193,0.280402996860605,0.127952213663094,0.121199979907282,1.48471267402581,0.942862756117457,-0.0090220317031959,0.274359051005396,0.896978988888863,0.520616431412417,-0.640146662480633,0.25547581048273,-0.70870776639416,-0.0878184794123595,0.1241627769428,0.313626732335261,0.0167874339389535,-0.004815686694841,0.211507214288895,-0.413896446452268,0.062295888667182,0.0303491507449601,34.9,0
169071.0,-2.07094110702866,2.0686046200045,-1.19821467937236,-0.683849355710548,-0.698868903075646,-1.40665545168657,-0.396051289039758,1.4071785984076,-0.429983599822705,-1.15264865675529,-1.5955230220669,0.169077314675144,-0.589768596317269,1.65954617469331,0.248938605832488,0.26090827458755,0.0876951350995243,0.253607510752904,-0.613561671199401,-0.599151478119771,0.53156908003632,1.01439489493102,-0.160170289189566,0.0008065209123193,-0.002491867158618,-0.20891664999749,-0.495430183058835,-0.0526519587385594,1.0,0
161824.0,0.363841517000132,0.783759223351872,-0.234265177374959,-0.0792177011217678,0.107663307731971,-0.610012206547487,0.250834436936901,-1.96227063652861,0.0171735401432686,-0.296410487417279,-0.848457840108387,0.778993297919257,0.692543224332994,0.22904297621917,-0.413279806100495,-0.361990271459935,-0.103977510585071,-0.878774176889318,0.290098358177022,-0.39975339518174,1.32071406555553,-0.952290756773282,0.06620140664027,0.0091708398563514,0.130983208597288,0.33439246915317,0.249787467735428,0.294039604345347,36.97,0
142369.0,-0.0931952342191871,0.892015903511668,-0.378593366012479,-1.36785668562784,1.22213325437268,-0.795489991846252,1.20517718271737,-0.0717443237162973,-0.343790547941434,-1.18665111289395,0.900022498894177,0.737553654294071,-0.044654374274769,-0.815294583489886,-1.82422056846624,0.876006088243293,-0.329060243725437,0.135759891870006,-1.12176413018795,-0.252455263642698,-0.119095956811869,-0.380047864243144,0.218852054374346,0.659336060459726,-1.30013018110697,-0.269697600721072,0.180193537655246,0.277211332496675,11.99,0
72004.0,-0.57738702559957,0.729565208842645,0.96210759875958,0.24917078227196,-0.606500340884355,0.0116967809669571,-0.217885422383753,0.814663117105234,0.178906137016293,-0.378526393197301,0.67709014399825,0.274224417028745,-2.00499269814342,0.571852944558115,-0.991462235453872,-0.377975196318563,0.414686070465043,-0.167082297414102,0.0888342096421359,-0.219813330977475,0.0849603390991953,0.373665142893407,0.0849962634191742,0.217981486646743,-0.58801526916724,0.289041436444263,0.211212883768373,0.0725680471385881,9.19,0
76335.0,0.695712056055768,-2.03617290982911,0.194966713884796,-2.19620933532169,-2.13028952362248,-1.45279269070499,-0.16081820460732,-0.399818402686844,0.95297322353745,-0.985086281278845,0.11722609147419,1.32221400029862,1.02727756821075,-0.159886723769325,1.19789676125564,-2.75367721321271,0.5243868488764,1.22258208116329,0.106928620438316,0.244501452859671,-0.0976061345371353,-0.276429377824378,-0.303071127376986,0.955403933968511,0.448219715827096,-0.806697627002304,0.0482050246339459,0.0987246730650015,359.96,0
159872.0,0.0573817001370146,0.770402987039949,0.203909422939744,-0.607963548675254,0.35368597761399,-1.0706456576938,0.920361705390689,-0.121799603722113,0.169863131491386,-0.371300289741549,-1.28883900039711,-0.629456604830421,-1.31430159566165,0.371913009841816,-0.244582117366694,0.013179394996476,-0.38514603772073,-0.534897043543649,-0.0191874924644265,-0.12216987262396,-0.286277778729142,-0.708791008347484,0.0662317789002076,-0.15420255358824,-0.515549146689988,0.151967421192575,0.238401794407689,0.0929080740524776,2.97,0
41525.0,-0.842214495778609,-0.0783247863980396,1.75495977116543,-0.203121471293737,-2.68204878286515,0.911403327521748,0.106753206148557,0.189479316229128,-1.09338452806709,0.657174422319204,1.12427033035832,-0.383333636737305,-0.0258472023651716,-0.459984628632291,0.556782208456702,0.82887417732698,0.73563434452638,-0.128954583110883,2.54151776727747,0.132545921105076,0.343238351960075,1.21392610358391,-0.323354421036642,0.41136278596841,0.159941388150954,0.181750863670295,-0.287351299007785,-0.419185506752763,276.5,0
75378.0,1.58210073987126,-1.19767766848277,-1.1474165961909,-2.50429732307251,0.984771817919677,3.2340345591725,-1.49219618145839,0.747692272062732,-1.9844875776055,1.50153562172476,-0.242807330268215,-1.02715225075825,0.498296493743138,-0.176644241913566,0.749327151888366,-0.077728882962753,0.0062051172974092,0.396657093045769,0.128686511743858,-0.208869751442795,-0.269320764933634,-0.522610489931649,0.001929819220473,0.981586296128377,0.549879390876014,-0.190892582381334,0.0332774887110531,0.0137032478393145,10.0,0
169923.0,2.03906973789028,0.539701143705591,-2.54415179610748,0.548961796306674,0.834562679458398,-1.2110179889263,0.275879275583332,-0.244647322044654,0.252831048044873,-1.03512762625373,1.50149341798921,0.39971627260704,0.163942367037145,-2.40331363117199,0.384178381575447,1.09769613179702,1.33529134910498,1.89816273861887,-0.230727041837424,-0.115382157997072,0.120009764239045,0.525200822258753,-0.121068913236062,-0.702007712660303,0.29772336446912,-0.0911994552718524,0.0168978353777634,-0.0067624914576087,1.0,0
119690.0,0.277384322948523,-3.88211276789532,-3.88879169729216,-0.147304759845146,-0.60202289955335,-0.998982979315864,1.79257692122712,-0.834443647967824,-1.03768375417516,0.467649882078801,-1.14288017597227,-1.24562958774006,-0.733187655806106,0.823550783657492,-0.245416980045476,0.353651041922339,0.501347692833597,-1.30470321759625,0.544059937905417,2.06983041797472,1.08478849214647,0.727445688707087,-1.15651057955057,0.606084613976874,0.405089323000371,0.172749560580581,-0.307131215692812,0.093897059850252,1073.52,0
64162.0,1.2153271064444,0.352890946119651,0.291521389845809,0.636955883479809,-0.12982253530561,-0.588849807253083,0.0489500095240601,-0.0994660683620354,-0.0630159313605968,-0.344200103199086,0.258509716429366,0.642892259470086,0.81293997739638,-0.380175613240153,1.27917645057898,0.157520393574527,0.238342957879383,-0.822728569595894,-0.560550116103036,-0.0754441683372459,-0.253552215193107,-0.665365686702919,0.152361091270399,0.0504934502352626,0.164150105809881,0.122181057179096,-0.002452501438969,0.0285579032403563,0.89,0
91524.0,1.95485173775774,1.63005630331209,-4.33719968092597,2.37836729179698,2.11334786136033,-1.58385066673113,0.65374545254113,-0.192892012453504,1.21760825458778,-2.8290982053899,3.50456779253823,-3.9181998797616,-1.01579192974001,-4.7045087050312,-0.968553075532043,1.85477191713001,6.02439676670687,3.53125033477791,-1.1962847755939,-0.230640095367639,-0.474437304644058,-0.974624666273666,-0.0481545042172499,-0.0235242678879109,0.362192024107476,-0.570709266940076,0.0256187202949634,0.0818803891570235,1.0,1
80228.0,-0.357623242597062,1.21111127310668,0.943011490409465,0.421706307591887,0.823800303516156,-0.611990641361399,1.20812659980861,-0.19876863788408,-1.00476093571871,-0.455292419237462,-0.193003758560223,0.461757790177564,0.801110152737125,0.334118737592331,0.570747173379046,-0.679900375938857,-0.0799302896107503,-0.738343950294017,-0.443604665631644,-0.0680156222537447,0.160641762055675,0.563298845762568,-0.241126707491968,0.111035676138534,0.0225748844969208,-0.363046134770395,0.145276538927759,0.138716941643381,2.49,0
472.0,-3.0435406239976,-3.15730712090228,1.08846277997285,2.2886436183814,1.35980512966107,-1.06482252298131,0.325574266158614,-0.0677936531906277,-0.270952836226548,-0.838586564582682,-0.414575448285725,-0.503140859566824,0.676501544635863,-1.69202893305906,2.00063483909015,0.666779695901966,0.599717413841732,1.72532100745514,0.283344830149495,2.10233879259444,0.661695924845707,0.435477208966341,1.37596574254306,-0.293803152734021,0.279798031841214,-0.145361714815161,-0.252773122530705,0.0357642251788156,529.0,1
132958.0,1.63541875212695,-1.7952204653832,-0.653247819427005,-0.596535902325602,-1.43162401407292,-0.425147457254739,-0.704757263285448,0.0115501006728781,0.0097042572671069,0.724241667270188,0.802295288511304,-0.020192451159754,-0.938198370043352,-0.0645835591128017,-0.990788186017861,1.10443655010827,0.281198611109473,-1.31588787015815,1.02828605751579,0.373540269274446,-0.01521284273132,-0.581184991564163,0.232096591285575,-0.0318123300916688,-0.657490382089337,-0.614535382842571,-0.042971603263739,-0.0133380962931834,249.79,0
89881.0,0.0095314583569136,0.786031455915293,0.169000629312529,-0.783066727733186,0.641659684644391,-0.521797082017124,0.900124751861554,-0.0133294953280287,-0.280493476028691,-0.252839488546069,0.523892597634518,0.722017212987845,-0.0478815677556244,0.300738870485157,-1.02907803368832,0.14254090220202,-0.721131035560103,-0.229864894121838,0.256731220452833,-0.0165585245826549,-0.222594132437094,-0.498264799516718,0.0328636176728147,-0.403662180708569,-0.489929983696981,0.146292533655035,0.244564817654135,0.0835625183824576,7.13,0
128875.0,2.05111860951311,0.334753582893178,-2.48139427316,0.437801762084851,0.921366689634116,-1.15149864869197,0.647552751289387,-0.327263286969224,-0.312754714065211,-0.0843873241797105,1.38078713502514,0.460229471624486,-0.444015526842871,-0.25380573505785,-0.251207646146271,0.261743366672161,0.376723532695128,0.448627365203269,0.0102433129595259,-0.159649969105208,0.0683864699124716,0.211322333975822,0.0321135313054567,0.703238896646343,0.249294063874235,0.378424739582411,-0.0989499364328933,-0.0523687597288255,12.89,0
31456.0,-1.32838638072007,-4.47793111674738,-0.270333719895197,1.21275921060463,-2.02366685716036,1.34658248776819,0.709785530912555,0.193719649144271,0.803149988336521,-0.872572659941509,1.26420742165615,1.17900927887163,-0.472624308025715,0.0879777628763991,-0.324835368796926,-0.286750634985975,0.504842256886398,-0.726110358808159,-0.432257260214137,2.36274408077131,0.6223591590098,-0.770497291717685,-0.961299198940296,-0.16789275688153,-0.513116505139367,0.82178605144984,-0.240636119438354,0.213582829364117,1252.2,0
1782.0,-2.61310838117392,2.76508929763707,-0.85948597001125,0.428311553771233,-0.0290673147594241,-1.29934765044515,1.01443107326001,-0.34021931081232,1.62729006161859,3.63559166997702,-0.23840124551336,-0.0844125282169277,-0.0848779443748058,-0.481589292382716,0.909878778192461,-0.862856694878744,-0.364923579729267,-0.319930789188993,0.199316940238627,0.921687151809673,-0.309765302743776,0.581590410970475,0.214026023819979,0.361174632401879,-0.368310788385858,-0.566321727651622,-0.430619050574016,-0.784862462172263,1.17,0
45175.0,1.24612474371958,-0.789098417237492,0.0993056355008559,-0.492834118241921,-1.21738764394775,-1.15159889073973,-0.31851138413847,-0.216865680155366,-0.698297453906702,0.708342091560521,-0.779391627419396,-1.03820456779413,-1.32352050630182,0.496667361264887,1.03516532074031,-1.24366749648627,0.0807736523435656,1.08861602188078,-0.774100268278356,-0.415157952115549,-0.356428806348692,-0.80449955604015,-0.0070502391824108,0.387497239364959,0.190242702620038,1.03677997727262,-0.0917944195612076,0.0155132877836638,89.85,0
39022.0,-0.642550616552022,-0.315661259476497,2.24562560175477,-2.59808949635161,-1.29832994322613,-0.459654044602553,-0.583559396897836,0.214050366889905,-2.24412661446406,1.0399943885856,0.782709547006001,-1.15428702067958,-0.783805192552561,-0.258211785141069,-0.309166705954625,0.241219257579581,-0.030542413640062,1.02954758234553,-0.667162070135175,-0.227864676155019,-0.0203320524347233,0.282045125675507,-0.287023684504479,0.288015722416735,0.350529127592737,-0.183438879687151,0.299335542932686,0.116911004274916,10.2,0
30256.0,1.23787987079931,-0.010852941700835,-0.639273257432842,-0.0484153645986183,0.186543462176169,-0.896497653690291,0.550242524757235,-0.390727578094008,-0.174171011433691,-0.12957560338557,-0.903722288282479,0.15039887354353,0.67585573432435,0.345743279566322,0.775157547098427,0.138736329767878,-0.490076482363782,-0.463846034456023,0.408408463573168,0.134325948747173,-0.0523964253742358,-0.267022288065536,-0.260728074610941,-0.34301284146457,0.652220505577224,1.11250784510158,-0.125602085128228,-0.0034183908274306,81.9,0
76857.0,1.14020795371139,1.15643107873873,-1.47157796740819,2.07627840454674,0.774809058745551,-1.00253195191231,0.264947929409663,0.0131622605764724,0.248835339320523,-2.10066651278309,0.763204840843787,-0.94491647902938,-1.41903447142202,-4.68361969585018,0.51928230124953,0.908454083367609,4.13366666889167,1.30620452511785,-1.09471647432252,-0.125097258302807,-0.387894980568907,-0.866811936205838,-0.121582639900783,-0.356108586349469,0.634572810783188,-0.306311023397994,0.0940868179231164,0.121064728484123,1.0,1
152098.0,-4.1243162505368,3.74859690056241,-7.92650660758866,7.76324179132026,-0.769374580551456,-2.03117088274041,-3.4745494647169,0.107121410006842,-1.55135158957203,-2.4112720149303,4.48003526995735,-8.83250972518326,-1.21516414034012,-13.7256846134361,1.23274441510587,-4.3896876778022,-5.81091981744958,-1.25542240180062,1.11403305037529,-0.181978583306058,0.547096801357099,0.68785388119585,0.429938703679497,-0.620601279432049,-0.369688286259497,0.367348753696039,-2.66476709501523,0.417100621604896,1.0,1
164859.0,-0.311464153440586,1.28796263245637,-0.580191597806303,0.337695342975501,1.65410249847555,-0.526741891775239,1.48483128559488,-0.0632607866079736,-0.896637536886484,-0.963470360573342,0.811884695749126,-0.100438775498456,-1.27480526695724,-0.716481003399418,-1.38260074038674,-0.0477329360821578,0.724972486411313,0.788183283803102,-0.242843743041703,-0.15281801689805,0.117553165291068,0.363242113913394,-0.296225077760494,0.559611690628238,0.132696358133826,-0.606685853490101,0.154793854347658,0.194471152239186,18.9,0
30623.0,1.22308367967888,-0.711397735303751,0.45012734830652,-0.656489596212633,-1.17271273208965,-0.849912002249007,-0.508022780721131,-0.117418696062355,-1.06947219867931,0.770815535602132,1.62901606185245,0.159828431991708,0.0630977715589522,0.0763790094450437,0.0154949572095644,1.24990999752586,0.0805390317132234,-0.939645618754118,0.707893667735534,0.214134021395709,0.252644478003184,0.463600620071627,-0.0927084685819847,0.558420553217081,0.41481713869267,-0.244891047821288,-0.0122729571058196,0.0195454384531098,79.56,0
19901.0,1.40492017278105,-0.504758498764836,0.630047347126873,-0.239302062881732,-1.13486978085078,-0.808858475238016,-0.727920276751512,-0.183648793486456,1.01744067695545,0.156848228738832,0.158924313089135,-3.45450516957696,0.524687007133452,1.19666335303125,-1.10115221043946,0.599902871901839,1.47916066791871,-1.35623499816292,0.744581789236736,-0.0820971491427394,-0.188006609235195,-0.245859286729459,-0.0031431652363648,0.319501565080542,0.49663887356578,-0.278359639731529,-0.0194260462982184,0.0034667213545115,5.0,0
81082.0,1.28112435665247,0.0735185768337279,0.195225316763274,0.141189569221657,-0.549907317200966,-1.32668485556474,0.222349494119851,-0.336920339669574,0.22675666328062,-0.262471594665595,-0.114209055758427,0.658286180776913,0.299706881302742,0.0935133124684373,0.0733294651375964,-0.45058197029589,0.168752238135298,-0.919994610316559,0.241390433478322,-0.0721593393667064,-0.0619332995208255,-0.0088471136482699,-0.0516536670087954,0.832350762642379,0.514368173813053,1.10008828118538,-0.0930102611374465,-0.0034522294161883,5.1,0
37167.0,-7.92389070083426,-5.19836019923329,-3.00002392240282,4.42066620155728,2.27219396451756,-3.39448342909715,-5.28343533467969,0.131618922476372,0.658176428693037,-0.794993881662565,3.26606601582438,-2.71918495125522,-0.124103963275087,-5.274865818881,0.638575002552638,-2.99583037811248,-4.69843344927136,-1.71187122467509,3.02526099185501,-2.16981089222224,-0.734307916555449,-0.59992625988411,-4.90830117586834,0.410170234644792,-1.16766024989313,0.520507647303451,1.93742140287106,-1.55259283870249,12.31,1
142320.0,1.86529393084293,-1.32919765360025,-1.79610685753918,-0.687551536509978,-0.688567244786624,-1.20652518101467,-0.0084774315980442,-0.296277574335814,-0.549817355508726,0.949254579756225,0.648500854122028,-0.702460151328037,-1.94081675146,0.623847907905685,-1.21898471099266,0.561402969232242,0.458440616292081,-1.15918727352227,1.10265757086295,0.161660387744497,0.319453155938232,0.533911999836896,-0.102334359296766,0.0879717105680393,0.13467868658197,-0.0799809780247264,-0.101548854789968,-0.0583754371193901,179.0,0
2806.0,-0.416941521172218,0.523771274364008,1.1671154972658,-2.08277565286596,-0.0465836434811359,-1.34390517321369,0.94092393163108,-0.196589231810693,0.859889401400439,-0.922981061682247,1.20232188410521,-0.0732370002942741,-2.31818134370247,0.682846453121472,0.38555820397927,-0.351211674553856,-0.633694580991559,0.714179671095343,0.124639877793158,-0.0923641476076986,0.102784258494002,0.542523914127511,-0.259462982724136,0.487049714147816,-0.0512207307492335,-0.862915578122235,0.222366539008786,-0.0260446604295271,1.0,0
67819.0,-1.34283820106855,-0.0669228680299808,2.79333013555297,-1.6639863177792,-1.25703472910421,1.36459640458407,-1.11948523139183,0.929508926358493,0.583481797059314,0.429436971118269,0.467464515678734,-0.675741235989947,-2.38852695696791,-1.04007854734124,-1.87806274474939,0.362853187631399,1.09101548338057,-1.46122921271678,-0.0164071884341839,0.241972524600778,0.162588989837088,0.911320430391095,-0.312345966972621,-0.283779940054895,0.40438447111222,-0.0546572840048411,0.573568299851445,0.229370257671456,3.0,0
92555.0,-1.22071871350279,0.194669387880756,2.29196144963532,-2.75664623957809,-0.0195118862632122,0.629026764671592,-0.08417616980537,0.296031879030108,2.82720342957155,-1.26178527662429,0.82067114607079,-2.97837358373757,0.012465171231228,0.941581647202508,-0.831066806464092,1.28100095736901,-0.834363237209887,1.53949678781785,-0.895361513323933,0.0924213778506301,-0.102712405880793,0.219882751031475,-0.396369729999654,0.0352529345372588,0.501061338518699,0.571172963059673,0.147082053622876,-0.0709596835050946,31.99,0
162739.0,1.92938383259781,-1.54354623027988,-0.473003185318471,0.0292012078279539,0.56864120273632,5.22511315794058,-2.51413810980246,1.48036154418467,1.20869160907217,0.642530299535274,-1.34712176330634,0.538511328146898,0.0512708379324506,-1.21683678238358,-1.3398936538764,-1.80309743762907,0.12816853466736,1.39913138599939,-1.03735581252436,-0.600153880499434,-0.244628456683237,0.229897025288587,0.240512918788065,0.68488120442767,-0.203512165924214,-0.451880968967582,0.179699873542709,-0.0187461728642392,12.0,0
159972.0,1.80650404129279,-1.0440490397856,-0.27151618340312,0.674330038112152,-1.19225993397785,-0.182015220327795,-0.821457305821515,0.137948765054448,-0.251363536622383,1.1295322303503,0.447908711697099,0.0745915718149578,-1.21140004836828,0.398524935026706,-0.222924248849877,-0.970989484662161,-0.465296669660917,1.70476658649399,-1.01828594166342,-0.547966190401937,-0.469556159871794,-1.0996032288296,0.402320046025464,-0.141181266710737,-0.639788536899321,-1.00480272557539,0.049752027865039,-0.0153139424645932,109.8,0
139743.0,-0.866507459290696,0.389304676340657,-0.69021595891416,-0.960841610145835,0.617900134819004,-0.430654061081665,2.39416711059551,-0.200145145219259,-0.579597658171799,-1.68222913251546,0.948541273357075,0.0348263295059046,-0.986358935176655,-0.429050863418977,-0.801967603384695,0.261411737235022,0.102936863235125,1.04592396619634,-0.558912212248472,0.404719358265545,0.322857702440685,0.412362544550361,0.264110448694093,0.614168003479039,0.461056648993331,-0.697917186362551,0.0189299925647877,0.17957784347933,285.46,0
79321.0,-0.760847122041924,1.13354753710546,1.76716668738661,-0.170904345770436,0.118862689766877,-0.593260898790822,1.00183301362647,-0.350438697565849,0.307622341802774,0.693368056325047,0.2826819896741,-0.202955006599056,-0.443686422685216,-0.299361744512096,1.20719570267817,-0.377787293548496,-0.202268471425223,-0.952987161450221,-0.517020338307268,0.423173448776154,-0.349612048213142,-0.440821164962073,-0.0070563898185843,0.365111859024666,-0.27230920816453,0.0344927093785081,0.168806553063244,-0.201190098900658,9.86,0
41193.0,-0.580117174055397,0.562849086390885,1.77319783623126,-0.527628334750634,-0.143245818499868,-0.119265628308719,0.49851327698837,0.242899692091807,-0.368074512652175,-0.593011870710519,1.34095363191457,0.37310814642704,-0.850422925018576,0.364250770250644,0.0475763034139846,0.464396581622005,-0.62247992605772,0.0570752062541186,-1.06730157587094,-0.142397027165106,0.233420845467663,0.549897045913943,0.0225970001109423,0.21682911980505,-0.565243240309799,0.12029686313374,0.0987348086688092,0.139124914748937,40.34,0
128557.0,1.79506618713634,-0.333321351876521,-0.625312232737528,1.34358611627672,-0.422732210653709,-0.468781591862854,-0.174264435612631,-0.0050021040110117,0.559349380914051,0.370258139194887,0.679180862765398,0.637332466483438,-0.880034351811075,0.50902600446139,-0.406047772223851,0.276759809903857,-0.716920683518852,0.477581173532135,-0.228235225481343,-0.168800363228866,0.134079715304596,0.334145616611684,0.11127470050374,0.0334998497313856,-0.0965279151235816,-0.686227883062925,0.0134899691087906,-0.0366396360499692,75.83,0
30927.0,-2.21924988388122,1.44503927901694,2.07663986028756,0.466465809762564,-0.637357872221429,0.234979284181691,0.23893707638139,0.277379745843845,1.84036951972806,0.675796983994901,-0.842280137646878,0.536023322722627,-1.10635795632213,-1.22162229329074,-2.2206010538521,-1.2767144942653,0.651445539422973,-1.46169005159481,-0.662457145993137,0.148489983813394,-0.448977471993817,-0.529002447081162,0.054827679735827,0.566537017389956,0.0601005398765607,-0.777210355701546,-0.287343071891219,-0.0873375497733451,4.93,0
75593.0,-1.15153572050122,1.3191274575526,0.941575494090435,-0.239926327373378,0.0657932403664238,-0.915927608705737,0.933628361424258,-0.358830720224255,0.135714878033964,1.06450266661477,1.22255421368917,-0.380636654050771,-1.96190234919422,0.407718072982246,0.0788981063327013,-0.0808646111475045,-0.513974657116931,0.259161454478747,0.229942835248756,0.0763884323887032,0.0682047119995901,0.200056489249052,-0.0895133203379238,0.508442075930457,-0.4134518139318,0.159214085006361,-0.430831542179748,0.0615966431187778,4.5,0
81400.0,-0.75422136976501,1.14308643846466,2.22240898607614,1.37610195112028,0.911779764111957,1.35894211130008,0.2921089281721,0.428624798455104,-1.5315950520693,0.179437027206128,0.362136677613318,0.490526640846047,1.17015062450608,-0.0851012949269815,0.194058368106823,1.09257343525933,-1.16955594032459,0.397913013567395,-0.510546095495398,0.0661167403329268,-0.0032185435663472,-0.0913579761792079,-0.328462677335578,-1.16335177680112,0.199220011057318,-0.033079019058765,0.0727597710459754,0.0623509021097393,3.94,0
84869.0,0.555053430231215,-2.0686527661801,0.857334395656788,-0.169666431859443,-1.858896893447,0.461066280050231,-0.856957415043559,0.260869673055352,-0.108370813221246,0.355556453553897,1.21325430923817,0.349419731547444,-0.531985708535764,-0.497690981576061,-1.04305666221385,0.654033452597977,0.832339756722228,-1.42813551248449,0.65907344421918,0.711413833389543,0.303999034080992,0.219000859616945,-0.257410345973675,0.270719000100861,0.1060829716104,-0.281143786951601,-0.0034193384852,0.0745114700844532,364.65,0
60133.0,1.30720029918345,0.284120659075523,-0.227872701198155,0.261799998962524,0.357314845679033,0.0213275791108196,-0.0288570357986744,0.0156831003240859,-0.170529967966453,-0.118701103492429,0.477629921226962,0.605317326265784,0.605063104597652,-0.216724532921084,0.465915314801741,1.05355946749449,-0.754521338183757,0.6036104940561,0.592706380957704,-0.0112826313610633,-0.320926056779415,-0.944597641973953,-0.0510643108947197,-1.03897560502674,0.371876376632638,0.158955934649125,-0.0271744114736461,0.0076329704760316,1.98,0
74039.0,-3.96305264721988,-5.19450535115055,0.744232069135058,1.71166947186362,2.33158246792521,-0.964798605339174,-3.24725013667831,1.25987124691178,-0.776623155878118,0.703089165375988,-0.68498479788068,-0.31371347264585,-0.920929067644105,0.691711505125824,0.653368282338075,-1.22957539807101,0.121751960365041,2.69957819051343,0.106139287566179,1.03104572901345,0.439701790172173,-0.138465840686688,0.145714771387878,-1.18329298770028,-0.923861879323438,-0.220457134277491,0.238252896859637,-0.621539349702502,98.5,0
40824.0,1.22311548941303,-0.0016634888195388,0.414026507181623,0.648389501480119,-0.380784324304592,-0.214227517827628,-0.178117860164897,0.0663088053248122,0.314372898218502,-0.0046831490781181,0.644609020375712,0.749558702552628,-0.639080175626833,0.220301049008409,-0.825008230538777,0.0355809471897018,-0.30532932333549,-0.0421697802782997,0.637405099112761,-0.146760717083093,-0.212079858737475,-0.477362300564104,-0.0277584182272402,0.031836086821596,0.450561171338218,0.274193731294264,-0.0292550901445749,-0.002780915764685,1.0,0
159719.0,1.06882729661621,-1.97096694291325,-1.02850077354068,0.472665743240621,-0.901185707849178,0.0584359932577952,0.0408217333598477,-0.162754837542733,1.27964419599963,-0.481426831306504,-0.942504345635123,1.02932264350219,1.46932191080552,-0.374882624717993,0.491433609865035,0.188723900717259,-0.608504906768841,0.17275110401563,-0.201986631916805,0.907805943003694,0.472045448632375,0.521697071170918,-0.301156530389149,0.677327295525661,-0.263304385557582,0.0452124689906579,-0.0740222667925311,0.0513611735360067,500.0,0
55618.0,-7.4279242314783,2.94820920837905,-8.67855038407896,5.18530347959595,-4.76108997261691,-0.95709501604379,-7.77337978477431,0.717309273781191,-3.68235923846278,-8.40315026242229,5.70520550718269,-8.6407464115182,-1.60292501896209,-9.46613912320431,0.137324186945341,-7.30324272860725,-12.4480392359586,-4.33283424125087,2.35202964025176,-0.123085015912889,-0.299847070706951,0.610478813685703,0.789022761446755,-0.564511939509452,0.201195825477742,-0.111225430586455,1.14459850910478,0.102279545438297,130.44,1
80584.0,1.44699817432106,-0.213861936281851,-0.175813798530726,-0.666330870013095,-0.539993071317628,-1.37476441569826,0.0451588667842976,-0.469990756164776,-1.31180952804762,0.654995611925828,-0.049563783728317,-0.0584493315360294,1.16903628099832,-0.0938700336677812,0.308055756852902,0.677674064310201,0.347745751807172,-1.7296430317358,0.627754068827051,0.135164407627169,0.203200267131248,0.569233172152339,-0.177667716496391,0.469733643224715,0.828171914054449,-0.0890542827827514,-0.0222885836326909,0.0045162950251801,15.0,0
130599.0,2.02309979303663,0.879682104464561,-1.70434405287594,3.56964117202802,1.27501847218668,-0.433048219446388,0.871080259190442,-0.341476456277956,-1.59022941905149,1.59418798139685,-1.17542491135503,-0.443919355204525,-0.0096040061386657,0.724973236432187,-0.672950232544142,0.513125425360043,-0.783059442835007,-0.567097992520988,-1.4554046160946,-0.280373362775514,0.128527413535123,0.347377774109034,0.0299517015790768,0.655492135034008,0.40954490520535,0.114667975479404,-0.0901559239198723,-0.0618738953593286,0.76,0
168153.0,2.06452355226938,0.195557206632428,-1.68174736781792,0.409726676548124,0.491851960579027,-0.794684713050762,0.21489294465616,-0.248396265205263,0.394590241849209,-0.405465524033816,-0.387797167184346,0.512403998693833,0.69181502855403,-0.963747090450658,0.181166218044233,0.221147730458661,0.5021554223487,-0.48226512721558,-0.0322880324574292,-0.121832841934022,-0.349746550018321,-0.864740441091245,0.341634464539027,0.525961903068398,-0.254906111323935,0.173160975824605,-0.0553789938394895,-0.0293687737558406,1.98,0
118757.0,1.83263329088904,-0.555838160010708,-1.17772015064515,0.487623433567313,-0.0537059469287554,-0.249786861859177,-0.0467208167669143,-0.116916130580279,0.771903167926718,0.0267617515070501,-1.10358827558408,0.191836201767045,0.0872194534188353,0.129380789694736,0.389724607887263,0.155600174570206,-0.495475878269619,-0.318308703511756,-0.112819034132887,0.0407003129024131,0.0117984515744562,-0.094361130638994,0.126670986140588,0.437484512458711,-0.198663826294981,0.203075306411504,-0.0633442006226891,-0.0303889541132513,118.97,0
138193.0,1.82322685937323,-0.48464804064577,0.0214659393075994,1.22592458509023,-0.722095693826989,0.271904051630667,-0.866185278244289,0.285541418042632,1.06788351741349,0.31618201237961,0.315560575202333,0.514898179365386,-0.737698936410834,0.140007028603378,0.108769968124787,0.843138942273666,-1.0333387139908,0.885272720161676,-0.334166543165796,-0.2087665097435,0.101843935771989,0.308639684684249,0.208168551411251,-0.461683989865146,-0.384144957245598,-0.750075523959712,0.0644634484708887,-0.0290799299333538,45.0,0
83131.0,-0.405089015708956,1.05097648239872,1.30050558397886,0.0846913063347693,0.125469948956448,-1.03456331001517,0.669344676688368,-0.0778866656834093,-0.41999486048161,-0.510734931171382,-0.176256078966558,0.0385354724339357,0.329297177328591,-0.466708519266511,0.874319061492218,0.37067211601695,-0.0016627601181649,-0.161363166376772,-0.0922961139133169,0.153156344318389,-0.253284176100183,-0.677461125631117,0.0028236786559019,0.339476849565789,-0.149208349910145,0.071141056813877,0.243373886619573,0.100618616729753,4.49,0
157748.0,2.20287935086538,-0.83917755281413,-1.51623822048021,-0.737539644031996,-0.665990096744758,-1.42158411857157,-0.289538545708148,-0.396269099406977,-0.25257585171814,0.870033660700008,-1.03394556186747,-1.1769294601708,-1.0684426879714,0.160989790522125,-0.224718238898465,0.529784456382618,0.470406278595387,-1.20821519860039,0.563084909444508,-0.0983967532299143,0.550626585402461,1.6480286354807,-0.165041847378357,0.119959540547246,0.444186408439166,0.290681093294727,-0.0537918831560525,-0.0747253897895706,27.0,0
153357.0,1.99413767179121,-1.08427546792133,-0.120405432942758,-0.746437550733762,-1.478041050841,-0.787320056723871,-1.01567636141528,-0.0032476769028603,-0.189248222327504,0.860021929523975,1.49910005789217,0.409253867901965,-0.152967793517467,-0.163657517163304,-0.453305203865191,1.24487323171118,0.144222446478246,-1.26192987226152,0.617589881214543,0.0152130539969735,0.0706498183866235,0.095590184474189,0.419480900640766,0.458429959627469,-0.638426758985749,-0.537185551101877,0.0044513734713166,-0.0389501930249254,48.37,0
70491.0,0.0162223278263657,0.945091060050888,0.783128892532571,0.325146691632092,-0.519054557755736,-0.281998885441635,-0.980908695633978,-2.59963143375339,-0.718051288968178,-0.908761484078364,1.60670554462987,0.80897743862911,-0.776489313720699,0.458727293130421,0.301633279384876,0.840209678583929,-0.032658695813055,0.247087641660454,-0.24631171404363,0.567895590689735,-1.51178362023337,-0.463879832497823,0.113885034480243,0.463977685634522,0.666913911582496,0.122271346153014,-0.0506965617461559,0.131177646579315,1.98,0
40400.0,-0.469689811638127,0.784616875095159,0.848088147479092,-1.04682165121363,0.0770319787599876,-0.807808174614015,0.607592234243408,-0.192503112556212,0.164788735234599,-0.229511504036667,-0.824907233309776,0.349931739495495,1.08994956371392,-0.310326574441191,0.366049674035725,0.662513804189788,-0.956988417245232,-0.28682096311984,-0.486388651382858,0.0071883696008056,0.0102004568333677,0.10851451564731,0.122408693953077,-0.0562918155316945,-1.24946609934434,0.546429221629275,0.141164223366505,0.292588270675029,24.9,0
121282.0,-0.19394459685766,0.23359947866165,0.150073510781094,-0.918569414619977,0.676418455766483,0.775110936217467,-0.101413612274869,0.294102249223743,0.714499009851228,0.0086516997985156,-0.409573991363136,0.414757290443255,0.251845192685122,-0.357447112156414,-0.689109153290066,0.760531523793569,-1.2484658341143,0.892225987488511,0.100688421354428,-0.0380090570180444,0.2461346366135,0.890526979180431,-0.0845300825421975,-0.352281055669036,-0.607545576452179,0.493554405717258,0.0443949883416489,0.139807539564871,16.08,0
39366.0,0.0304841634127426,-2.232481028528,0.518384085867789,0.641390160717535,-1.32995087577605,1.09345570157643,-0.223599546313569,0.376287251111462,0.885999588235624,-0.544958965732675,1.25412985033051,1.15003754485374,-0.59802933366437,-0.0712669302364274,-0.413321448063277,-0.379523934699713,0.483988785998538,-0.87022601429315,-0.207601360420097,0.930318289184959,0.196153464452645,-0.399256444787847,-0.341331603611637,-0.203985440368071,-0.254848946569519,0.896804203748932,-0.107732724086455,0.0911101552202936,548.81,0
38835.0,-0.536862470419704,-0.52415860902511,1.81333166301129,-2.39044964828149,-0.756050515432662,-0.942769116988905,-0.349342146832466,-0.0192037381828337,-2.70325332459946,0.936501943123593,1.16736150876581,-0.376661811805499,0.322393494777729,-0.235613378693134,-0.757515177837451,-0.145218738345427,0.108786644500764,0.493398619581749,-0.502001867665513,-0.253291652993351,-0.0390486086984346,0.0893598732177971,-0.0772369061914391,0.513511196399238,-0.041619852640616,-0.381789776690072,0.0857624090941229,0.104863852738178,15.0,0
53492.0,1.2285902585253,-0.0954830041428109,0.479230230256595,-0.245903790892031,-0.535062010391836,-0.495093870959858,-0.249086607454097,-0.0401642322277996,0.0590667573134617,-0.0707037031429493,1.28524526388256,1.14564779674786,0.749091683960074,0.18291986113221,0.506581278430716,0.671215249475494,-0.771223006923648,0.109134984659485,0.432832411956167,0.0346045013967218,-0.0855216792462199,-0.277871712670685,0.0191346549429365,0.066162546373804,0.146533391320397,0.904055068759186,-0.0741737696875588,0.0003566216226222,20.58,0
63920.0,0.908419351962878,-0.386283289620363,1.21392789827716,1.35097275120403,-0.952295590578113,0.428767789869148,-0.683379125738284,0.366450331487321,0.554729814828395,0.0310773608081202,1.2494651797494,0.735581709755577,-0.857612211319145,0.158028638453367,0.219704666580504,0.17813329932677,-0.270194512304088,0.299369228836155,-0.651227365497798,-0.0483360786073446,0.256092376191468,0.685490494904395,-0.107668187530392,0.234551355924241,0.318233919922841,-0.249040804378881,0.0599422542018074,0.0368808610520118,87.0,0
100924.0,-23.9847466495794,16.6978316913154,-22.209874815521,9.5849686202149,-16.2304387891461,2.59633265752887,-33.2393281671892,-21.5600394546929,-10.8425258685569,-19.836148851696,3.22323270290842,-10.8951335063028,-1.52345240330584,0.116303256118652,-3.09880532704263,-7.60642457511483,-18.1082610229766,-7.51186615794432,-1.24328515722898,5.80455066066397,-12.6150228644215,5.77408726884239,2.7502214496329,0.513411099654255,-1.60880380395117,-0.459624387540527,-4.62612660780224,-0.334560720645878,1.0,1
162260.0,1.89627025740987,-0.397204227521915,-0.264820197851157,0.257392188446901,-0.65839050412779,-0.514049660332526,-0.429524975913663,-0.038780764837215,0.605011590183522,0.126006505750637,1.18540517637807,1.65997546755717,1.01960186230414,-0.0451545327750738,-0.299955976496446,0.535744777254657,-0.769200930437312,-0.158713796065048,0.201564409836483,-0.0570858421930021,-0.174735451965416,-0.456463832021455,0.402513274678264,0.0945765583815136,-0.667728230048187,0.200610050958227,-0.0422980746667949,-0.0452059460859768,38.99,0
162700.0,0.11424703167472,0.863094654959309,-0.537107306182518,-0.707008155744644,0.965667951707578,-0.378947843485434,0.786881826725132,0.133039905867208,-0.0751936100677857,-0.627604089019304,0.513423862352309,-0.277952561462972,-1.44609806680214,-0.554812019575432,-0.763136836598867,0.677965880037866,0.0933933928642595,0.547534535790453,0.175586533820708,-0.0411208529184347,-0.32199530080248,-0.890846876711201,0.0765634733536185,0.207870105478937,-0.459363950210272,0.116847130386104,0.207205194185068,0.068639556962655,7.98,0
22909.0,-0.607659536420674,0.179756146124538,1.1085169806562,-2.88000123063439,2.16056592816159,3.57641093828599,-0.181647778159747,0.755858668216168,2.42954852464174,-1.97569526399837,0.616483214006992,-2.33064324773691,1.44667388862723,1.05758541093958,0.151652295155187,-0.0743954190212263,-0.242316370054513,0.963423773554862,0.213490757831641,0.0546876437262421,-0.212018730607142,-0.208524001413285,-0.414017742409407,0.945004783408765,0.623633891579607,-0.826603433022762,-0.0799125011526023,-0.158826128821409,6.7,0
85875.0,-4.96793034088359,5.23499305294493,-3.18686652845762,0.840855609840958,-2.4233627601889,-0.282937925388365,-4.02388047485112,-4.93326228898338,-0.45897811352566,0.340325248741928,-1.15922284736619,1.70416048835788,-0.0677518428620463,2.62748112280642,0.288422916641349,0.163305384917757,1.4615456608216,0.0500015886749058,-0.183107369157337,-0.289687118347876,3.6022590885966,-0.668063823901443,1.38022417963698,0.590676705170002,-0.303266463356582,-0.378469239889091,0.369106669006822,0.252871788614366,0.89,0
162367.0,2.04992682083763,0.129432339774998,-1.76855847211971,0.24464803357122,0.614739541540543,-0.419455198094616,0.0999242649513254,-0.0943025100442322,0.197884199756882,-0.218658173627216,0.987715648068719,0.943419682688036,0.362300353183642,-0.729865465844914,-0.51653100788816,0.562374669255072,0.121119854630463,0.218949896424101,0.425347083421564,-0.117350010088062,-0.324329029311352,-0.845135940365543,0.296138563906904,0.265701729219971,-0.246190550088059,0.167118289937819,-0.0644015359389504,-0.0423308112825281,0.89,0
150027.0,-0.796466315362615,0.97553514311896,-0.999413953614989,-1.12970790384779,0.879031552828947,-1.45078942716393,1.66854170007953,-0.326708664462498,-0.129165823450203,0.317597807446175,0.823564369644615,0.149527573189799,-1.27497089162202,0.963405226758604,-0.673828895303426,-0.51223262607975,-0.542041404591127,0.0709925592131173,0.0065943840401417,0.0333020848170964,0.198961437016686,0.950000243219147,-0.229221048620001,0.0528587177042316,-0.289581006419675,0.0857710790049267,0.664331487677988,0.393888454432695,76.97,0
42430.0,1.34088925531042,-0.722382619413463,0.837112758492073,-0.685446958259333,-1.33293941681255,-0.397925338190459,-1.04595071307336,0.124046493278562,-0.309538679152294,0.599632428803659,-0.274817509566136,-1.27852785979797,-1.22665238192812,-0.0227817227011125,1.44549168644812,1.2101272658449,0.466691338581242,-1.45543731902244,0.0477601378578564,-0.0457258229884002,0.135164790576206,0.266023824985658,0.0937444465317626,0.0485070121421238,0.141661584922623,-0.265708738600521,0.0366054339784554,0.0204618572152618,9.49,0
67301.0,1.06442345775284,0.0426332804888694,0.609443743535348,1.27458507773092,-0.38311440648893,-0.028310782795276,-0.145611514652647,0.194058879669468,0.108648452979242,0.0961306286313389,1.32394029016836,0.663836510956396,-1.24778848662856,0.565879020315442,-0.16457852580511,-0.220116501251438,-0.04537116816215,-0.356869344014585,-0.271795098829817,-0.202900744524202,-0.115933535988104,-0.321383370222577,0.0563315117719326,0.172883707407679,0.351449525101736,-0.496396016936135,0.0298880218142076,0.0158257193357122,28.29,0
79766.0,1.10369887833611,-0.788090019257854,1.15133561700089,0.729915900518677,-1.3865272570951,0.264212308634199,-1.01536203050726,0.219102913821931,-0.226411862891747,0.677123765878038,-0.855802940594494,-0.303366764306691,-0.421571497946747,-0.212152581435477,0.778081875165629,-1.46681208952628,0.161004007379402,1.20776806495065,-1.62112287988198,-0.4855359366123,-0.179197266935185,-0.0287031405851838,-0.0262119091437483,0.0410169311150673,0.271026351267201,-0.215930535990649,0.0922977702811023,0.0473898141159562,73.32,0
12601.0,-0.012503596046483,0.823683086914398,1.07065787939324,0.312909655185824,-0.205905240352292,-0.186089631169524,0.0841336283090953,-0.10103061163532,0.912427624295739,0.0473148353058175,2.22858984154554,-1.4456363619217,2.91123554764624,1.49942611380237,0.27219196305167,-0.127026652717697,0.462262614351032,0.701413116739694,1.8847646890317,0.311943680428242,-0.0742878261676928,0.239935382540159,0.250655980930691,0.0392922720803199,-1.6021526861015,0.883391063219041,0.3090134673469,0.287704129006321,21.77,0
30899.0,1.24006591029099,0.292140889432406,0.286583484293766,0.705040735636134,-0.424478080721165,-1.0822952093321,0.0638176316876735,-0.177645992408115,0.107046613342787,-0.271839559987076,-0.150893980214728,-0.0299228914872253,-0.271491177068582,-0.186361751911869,1.14969705279468,0.502954992441411,0.0235458683930268,-0.236369305202368,-0.197729878252515,-0.0960156447663509,-0.28835745288267,-0.875069099909704,0.128131972722685,0.332133133932704,0.196180718824699,0.0951995589161184,-0.0278837817244792,0.0311818736461324,9.99,0
143014.0,-0.304474879325909,1.30652153489498,-0.486588167951802,0.616363238853705,1.54415749615414,-0.419613206260053,1.42313353976571,-0.0416918820581723,-0.955801745630126,-0.855797422708712,0.830760608189727,-0.281992878768181,-1.50434984308595,-0.635534256131057,-1.04055695231608,-0.220839653639435,0.935731086896193,0.878638826445611,0.26054577676948,-0.0919765212503493,0.10147731620966,0.317722625447117,-0.326523681142438,0.55848033317347,0.242196105198422,-0.497418608589038,0.142944349829456,0.177543914385518,21.9,0
121249.0,-0.292670403412483,1.22331515039432,-2.10887192643109,1.40752335681547,0.604595879878413,-0.530015422440065,1.45720859470508,0.291820772590994,-0.84334698858239,-1.03362076988917,0.750463623080603,-0.261115003154545,-1.15970727328037,-1.3469205254447,-0.657286782001277,0.187500536759578,1.84891070426579,1.48691559730196,0.626546108419725,0.330786641554988,0.0935435732569962,0.0986533604351554,0.198676061662468,-0.715378217104602,0.308077050392744,-0.357924299716376,0.0971955027424247,0.0022900632257063,189.88,0
144225.0,1.93921029064747,-0.665076143260913,-0.482923593468436,-0.664803063528096,-0.891038307185753,-0.99420164347245,-0.434929589524087,-0.262396806180898,1.3269866978346,-0.442209941504166,-0.410466247531251,1.22654633029876,1.70052620691782,-0.35479669253831,1.01379739538979,0.167624126047465,-0.593063628243668,-0.103716250998415,0.0377151729041658,0.0475481989657472,0.230212775819867,0.793204932106719,0.11353146790574,0.163372290183113,-0.309744652693967,0.691370369238861,-0.0384571762573319,-0.0386788966622671,64.0,0
151057.0,-0.494796485947478,2.10890471476693,-1.70086535001972,1.29164788463199,-0.0385034119126322,0.372098479112543,-2.32788886927012,-8.2241030419158,-1.82928006185006,-1.14897557404506,1.25506680032959,1.89245892960708,-0.434756460917553,2.30184975786082,-0.603730317206819,-0.291524800189753,0.173101665552755,0.0077423689257642,-0.201059709133197,1.75855487036033,-3.46458636766074,2.20120553223991,0.41226265655774,0.475305196279517,-0.125270268707214,-0.522185891577786,0.198235839842114,0.438238161165115,36.99,0
60551.0,-2.0367317748188,0.562496129619001,0.731962154406785,-0.397441616131566,0.076194569500857,-1.13318696558832,-0.211736945913036,0.646230573481699,-0.906810319238678,-1.01791758291615,-0.94706306813153,0.425033432278088,0.948306285843176,0.649734410572588,0.871920643743911,0.535137075198773,-0.122569018427043,-0.334568698761592,0.523289861628295,-0.17999583168362,-0.121594903331721,-0.741299311756492,-0.448496823189819,-0.0241820297750848,0.117216132112475,0.85333996844822,-0.246776168078225,-0.334655148272564,31.94,0
75427.0,1.11778714476262,-0.284093262926743,0.566300244199895,0.0939348807864607,-0.738551425525524,-0.513298007281277,-0.274317808766656,0.0336596823470375,0.457394691434689,-0.202654447996238,-0.154677331252378,-0.20778046388073,-0.861118976696216,0.372922449645228,1.60996407648034,0.257734083720792,-0.0607231206263189,-0.835237070989036,-0.363131298425159,-0.0456741846138905,-0.196595809817163,-0.729413804456644,0.170600425327308,0.0872866816499276,-0.126345306408589,0.770716304160419,-0.067813441980569,0.017922558206831,60.0,0
32801.0,1.12117882584425,0.146472192849294,0.511896010088604,1.32626264162526,-0.235299082188953,0.0043965558613462,-0.0765950342969221,0.1503708741633,0.101773236123914,0.0636335772847668,1.25100023367508,0.992976086771662,-0.804428421409881,0.382893839167873,-0.750618102977855,-0.561881323113867,0.11878331182794,-0.483986319976653,-0.149258635196062,-0.236715680519121,-0.0474026715536252,0.0534855455621603,-0.0366989818423863,0.216740011153984,0.589585642069764,-0.339658953299278,0.0342132148334098,0.0053316048166192,1.0,0
168296.0,-0.854151327235309,1.61063203455642,-0.650328270508186,0.626924954262309,0.543526007416028,-0.945827345264439,1.22947996434704,-0.0525922677959343,-0.43510799616509,-0.0105862863159406,-1.3204734051648,-0.0560583091251813,-0.485852353604873,0.648429272910318,-0.708500494373331,-0.899528054755698,0.0562539259790043,-0.405398055314765,0.13190824608474,-0.355852647307909,0.208206556868071,0.747303046143187,-0.214269184139992,-0.0066209620112424,-0.33166434747269,-0.639268830136517,-0.751357837261337,-0.369565507472036,28.64,0
157068.0,-0.735402263038162,1.32887347283521,0.978751148015394,2.66649532795864,1.05738951683512,0.756366476756081,0.660431689802665,0.319181561297165,-1.26333935697297,1.21166711940519,-0.143856698206448,-0.640614440187449,-1.85440557157299,0.260444401517921,-2.29511977172683,0.651787551350413,-0.709422475341751,0.206041316979625,-1.25173832810147,-0.217898026936595,0.119013216287629,0.327328836229194,-0.305242200475502,0.654611535200404,0.344210216296959,0.0659341854777421,-0.0323344990531449,0.0650266130343781,7.84,0
145494.0,1.76548242982902,-0.999614432073896,-0.512508729459056,0.292390879347094,-0.627653204682767,0.4189727585976,-0.809094132278345,0.196545315641368,1.48800105308602,-0.0531074245415632,-1.6198659260675,-0.338882504460683,-0.483763286380137,-0.154538663724573,0.987267967074817,0.866428142193122,-0.809827963463466,0.317329672428382,-0.15750735796215,0.0784929015380512,0.0405404253400997,-0.0978092523455106,0.172582858782394,0.0254371705546155,-0.556226910232354,0.350325178148888,-0.038553237316199,-0.015796284595391,141.5,0
156483.0,-0.0033575947710238,1.1125486201519,0.322865842958345,-0.0512799155480486,0.993670320305647,-1.13148717891903,1.38033487416071,-0.526834968078038,-0.414431853003412,-0.83676061429847,-0.344476606209979,0.184654382362671,0.775107358269506,-1.37302630186228,-0.0991220557204853,-0.0750893836119336,0.575373984541919,-0.196826197276708,0.275872633569558,0.0707163171504636,-0.271367344029691,-0.47466343922495,-0.041139612541367,-0.0372100451202913,-0.741877120990716,-0.0312061967780258,0.0010305103695631,-0.0042156721020496,3.99,0
48533.0,1.24384844934819,0.524525772902587,-0.538883626044331,1.20919597418592,0.479537596763788,-0.19742873374782,0.0491662598481355,0.0377916321310988,0.128118590882765,-0.552902906422504,-0.668358831257417,-0.818803693746743,-0.883832091051869,-0.994580854433906,1.50684875024006,0.62400331534091,0.705794271683871,0.524181774270524,-0.73174984602915,-0.171540654731681,-0.0516598862539047,-0.0840894090242923,-0.192846388954053,-0.917391985542652,0.681952813037122,-0.194418574345634,0.0459171449577401,0.0401359980627264,1.0,1
157486.0,-0.820558622934763,-0.0895711785213029,0.0413574606675004,-0.464839644813079,1.09992372458478,-0.96302435428174,2.74713932726883,-1.69824553098737,0.978330106850874,0.297353704096001,-0.133740743059089,-1.11630363094973,-0.793448953146344,-1.9212803579669,0.795936599477696,-0.184194994565127,-0.241882038329417,0.483617950440668,-0.535067826926008,-0.372898556714829,-0.0535041505527881,1.23820145391492,-0.0702881920509384,-0.0722446505015902,-0.529942328978071,-0.39985987385517,-1.0004740407472,-0.693083960025883,178.27,0
72974.0,-0.361995113493057,1.0784577630624,1.17595703690211,-0.131328536866702,0.243129582886158,-0.460438994946145,0.624064082855501,0.0867069693015525,-0.651720342208357,-0.34878467413155,1.214024635503,0.562618494583232,0.20850498592203,-0.275714232527933,0.20444153564884,0.669772869143495,-0.368533076351876,0.450268646338841,0.32046655054695,0.148003614550784,-0.230994832466182,-0.627371786496948,-0.0634029637766887,-0.0451508887667764,-0.142004625978415,0.0742733310747328,0.241342872638338,0.0851454637272831,6.15,0
79555.0,1.33721147172526,0.732317700799451,-0.890100762747175,0.663551032092676,0.64035309428696,-0.946401971302278,0.484661619870592,-0.34137058561482,-0.314620990325288,-0.751150172684119,-0.325197629844721,0.30020276511547,1.4119549756877,-1.61679081594975,0.880993929972513,0.731781922858649,0.654663711690121,0.373440984608626,-0.0592982049860586,0.0436344887464215,-0.193502249810447,-0.429382006074708,-0.203295604917993,-0.529892488671089,0.728465014311063,0.416383202562302,-0.0229351090969269,0.0372774164843799,0.76,0
163929.0,2.0647975102954,0.131939382080889,-1.734054835404,0.411241428112807,0.431704867605861,-0.84875101540447,0.192102593386278,-0.233426298202086,0.50110664266468,-0.380624532590977,-0.620326294643885,0.114192457737864,0.0465670657309995,-0.840323834349158,0.213144689251139,0.334277049220584,0.455903942931358,-0.285302203227338,0.0708953794570839,-0.141327347318662,-0.364081956512531,-0.960633273794396,0.327174063107838,0.481558495429218,-0.254595097779577,0.174291233263631,-0.0643182920345019,-0.0297960554486181,8.99,0
53289.0,1.06798401364713,0.160962610951521,1.01380400357369,2.34896129000592,-0.52792347143434,0.207593367452815,-0.447620284789445,0.283889293989315,-0.411087918052788,0.852797913879985,0.558769640409304,-0.421251913860168,-1.63622140698318,0.590015588367232,0.332709678394955,1.41494448224893,-1.05182813642239,0.735844947448951,-0.712461185373214,-0.158799341426364,-0.0467872287798588,-0.385169384504045,0.0378855359088146,-0.0894466565251385,0.142242024259964,-0.141437981806703,-0.0040790400412936,0.0246952330360925,38.62,0
35842.0,-0.724897593721723,1.14441736993577,0.841577005478067,-0.175483375204552,1.00803493361014,-1.53012063502065,1.09621014798329,-0.278936250227365,-0.900582605527629,-1.29669589638479,0.0569305698264838,0.22796778440356,0.938371689079818,-1.358993184299,0.215251289550615,0.526384392823858,0.535082740644784,0.112686012963837,-0.800470954395627,0.0559004846468778,-0.0175979208318784,-0.102684307686601,-0.26540524370953,0.318068598277208,0.237088412057564,0.221672554227551,0.0331021003202393,0.130456076524173,0.76,0
170186.0,1.62727317385971,-0.997076125051303,-0.793703416465861,0.381261790567763,-0.622954198145082,-0.170792279069277,-0.348030201407062,-0.00799225051292,1.43218038673603,-0.292546643569669,-0.97573013842606,0.108273420800772,-0.296182699285594,0.143837409065942,1.24894084444115,0.214159899253016,-0.648225007235115,0.462738856536329,-0.401830957649847,0.160357979456947,0.331002549729368,0.653441875743889,-0.0155681105822689,0.599251613675294,-0.132164435838108,-0.604227684333439,0.0170659956262197,0.0056097319807773,201.0,0
33270.0,-0.260418471118734,-0.78811553352762,-0.125520659764983,-3.47232660978508,1.76610114473187,3.08055363718242,-0.828238111661325,0.830094970064078,-2.4617024841505,0.898914820461659,-0.527413981246414,-1.30746647532474,0.346807474320891,-0.283679000809897,0.0854315011433162,0.0524599035823742,-0.243595751960446,0.520142599011245,-0.387537446046762,-0.160814886501067,-0.12258717349165,-0.248743502382388,-0.0144440217010652,0.965633412358654,-0.205391746194372,-0.404614036942203,0.140756639005594,0.149598939906005,20.0,0
158904.0,-1.05872673576716,1.3034385115487,-2.82754307605614,-2.21374951899245,3.209293322188,2.65081078546803,0.70890315701406,1.00931665912586,-0.262493276421582,0.0459199816761545,-0.235710771125357,0.0610513564366536,-0.39541151271639,1.06095498753776,0.254309192142646,-0.657393244704821,-0.345916523530216,-0.503865428362644,-0.313791289785207,0.0948956354578525,0.227514693092671,0.745364425769448,-0.0765631201713109,0.747357184941599,-0.140480190962852,0.11026441804468,0.368718935482122,0.346315633721663,13.79,0
138992.0,0.0778664945195809,-0.0806225546399716,0.343853902755269,-1.4355524598518,-1.02375228808138,-0.278493026099247,-0.588799855650592,0.387343434448981,-0.658220702636003,-0.0218452496728269,-1.42430385089578,-0.534114330427448,0.841190961267799,-0.457628811721463,0.0230491155606286,1.22824177116227,0.173919672048484,-0.708747923848855,0.640879262492037,0.0667418287597855,0.618240850597948,1.70530451181245,0.0178829306259116,-0.354068979459749,-0.610250279205956,0.0128881522974529,0.0109019821292538,0.0211341651034419,52.94,0
149472.0,-0.782877020980623,1.22992993322581,-0.898976475318631,-0.220373146129994,0.599509635751414,-1.33288137595883,1.00876890151198,-0.345892335359977,0.668195755447479,0.0509054424472282,-0.542157158389068,-0.703733897541883,-0.772668718986753,-1.0807682208224,0.920584210087437,-0.0176065620882601,0.51082777114515,0.703252740153567,-0.249015979380498,-0.039827240096047,0.157720264441809,0.974722709937879,-0.105821933888028,-0.178717641130206,-0.336584001610104,-0.209275893970263,-0.320422772474564,-0.248280444217894,23.5,0
46929.0,1.25022246496934,0.471560107459495,0.328290905233855,1.10365502382889,-0.148113559390952,-0.936947605623346,0.306560646459977,-0.309343662265306,-0.22133775304062,-0.0234114218359095,-0.162652437552294,0.905864980611453,1.34565762905554,0.120241646918568,0.771226860334593,-0.0149909222759534,-0.502896679327123,-0.318084463021777,-0.379288182903973,-0.0627976147798497,0.0414897784158044,0.238643535593066,-0.112812479718586,0.434751890984995,0.734114089304413,-0.332687269944956,0.0230431664440875,0.0228213307883745,1.8,0
42436.0,1.25865652426783,0.421016212653791,0.325437410319254,0.684258971854866,-0.29252940072377,-1.05278623795983,0.145228235362306,-0.253566617437066,-0.100521483010132,-0.308072242271983,0.0839636244243427,0.702540661892853,1.10482053431357,-0.46264793260787,0.997369281779672,0.437118661939922,-0.055465127408808,-0.407289738445994,-0.204126672031139,-0.026262483848173,-0.278028523056854,-0.757416572618899,0.119613428728405,0.36939283250398,0.246145163255095,0.091552539751026,-0.0171564730116482,0.0325567613969777,0.89,0
160770.0,1.4449777194046,-1.9021579347026,-3.01077982963454,-0.798664162612939,-0.123869329393097,-1.01537082159617,0.854730930108541,-0.522463820728834,-1.26409287927997,0.945995189985951,0.672821322225218,0.0137693888662181,-0.818403769267126,1.10184410750655,-0.803412713621584,-2.0037584198551,0.123045828139122,1.07213834279359,-0.377268489869133,0.206497785513437,0.164387391980274,0.0709496331767477,-0.381132614773591,0.810131438168371,0.159845691889825,1.54819666016468,-0.257877873340461,-0.0352055296803374,420.4,0
52508.0,-0.544004832697758,0.693680964953422,0.73066584068378,0.933235413050765,0.420563497165344,-0.0138380609091301,1.38201675495934,-0.0493905010914914,-1.32541010411793,-0.124966069023932,1.43959077605746,0.720557792847356,0.132487322296454,0.72189259061617,0.276398922721131,-0.629203216520793,-0.0811816414397032,-0.0366845924090229,0.392856496555016,0.291044056688405,0.300731655549998,0.669318396856812,0.127327040530823,0.0190830463713284,-0.139330758603199,-0.279498224275351,0.115156780298593,0.153341792292835,139.0,0
45245.0,-0.832829854452658,0.325575176235882,1.19389743885685,-1.24508585394781,0.678270141322331,-1.46897890172094,1.12407564472832,-0.28838027880506,-0.490951116759337,-0.27624477461274,1.4941612919435,0.51510252254142,-0.610097366407929,0.385184302089404,-0.56582974555093,0.250747370972845,-0.724226910988838,-0.459174092285116,-0.167127718093038,0.249046658187397,-0.257939409280418,-0.792071447614586,0.162026604859329,0.528994842164304,-0.439155862422723,0.47055910689145,0.0391446753681349,-0.0435726634981369,39.75,0
147324.0,2.16977999879593,-1.58529263455166,-1.10315684589879,-1.62056293493426,-1.19658227759364,-0.460728023610946,-1.06948545668837,-0.100523810322075,-1.39373935418984,1.73347511603139,0.302346402184246,-0.487072829510793,-0.155124024338597,-0.0890332083545918,-0.781736489179331,-0.346407306877595,0.220062276245081,0.45702111413886,0.220745075836218,-0.352825941044594,-0.11025284070828,0.0361219368121232,0.132752408072425,-0.494779084213619,-0.19857162959131,-0.154533620236784,-0.0061460372624113,-0.057677593113614,69.99,0
167957.0,0.0191496447053598,0.837131478100299,-2.86904163572549,-1.39998112912766,3.10609272973189,2.94526178723905,0.375841067899813,1.11895692940837,-0.555873499572905,-1.12360627989335,-0.19060164310938,-0.172050471436002,-0.442089134715445,-0.333779486394509,-0.227981130275815,-0.0347078952141569,0.678067830603513,0.098046506904284,-0.592913495196776,-0.18608067637477,0.361166688158776,0.946910030513919,-0.0783011183255858,0.689886883468159,-0.333379456500132,0.686013527729275,-0.0556444545499639,0.0320154586143173,29.05,0
122916.0,-1.36165307227613,0.833115513904985,0.797552706671066,-1.54408904206158,-0.964911813102561,-0.588293091320825,-0.334753267977798,0.876938364417846,-1.75077599774599,-0.27235501500399,0.0350543651688006,-0.227702619139366,-1.30802745722138,0.98512137104673,-0.827323879224533,-1.04440513532735,0.0900996043021971,1.72299818611721,-0.543692650587176,-0.799154416766504,-0.25015948696379,-0.64053489691112,-0.232193453015553,0.0378497675516886,0.429045208985139,0.651132792650393,-0.413983103862203,-0.0961446121789763,10.0,0
41979.0,-0.0058409449042673,-0.422962996860746,0.788889102040177,-2.71552789399691,-0.12884566834607,-0.446851678658249,0.443968014939117,-0.335876141431483,-2.6506491248048,1.20219163976914,0.408959589563383,-0.636261471248869,0.523795017981521,-0.308052830956993,-1.0286395598876,-0.0588464174642216,-0.348747005514372,0.2579587843697,0.0169589704932895,-0.182271070689838,-0.44564470417343,-0.930314673196875,0.150712426172819,-0.5863658314174,-0.706603997679064,-0.795851193101073,-0.0205933023613151,-0.0584153770429709,53.6,0
151230.0,2.15609265132635,0.468551888985684,-2.76455574393252,0.312540213173094,1.167885741174,-1.35699548498015,0.843973057582403,-0.535594143762906,-0.186071196536771,-0.308614754197719,-0.45337441546871,0.0845702847459065,0.54733455753847,-0.677915280684996,0.344156025896573,0.0784656173869103,0.548134300592265,-0.049949261621987,-0.105162954904144,-0.118768360080986,0.0383803805904684,0.241598798367821,-0.0404628988485766,0.452150970907176,0.410147193817465,0.665515177435388,-0.10639633666289,-0.0506516517922155,1.49,0
47277.0,0.892176868491104,-0.961255426073289,-0.0524896648852936,-0.408306614503252,-0.355239669203627,0.824734049496546,-0.57964343248781,0.331916783961476,-0.710806145775376,-0.142080864058795,1.13841327819525,-0.0191844830063735,0.115051194586833,-1.22056291137685,1.12507770300413,-0.240739480751867,2.62514621254022,-3.2953733602532,-1.05538842303339,0.255426141910545,0.15241326539989,0.284271404053959,0.0237568376738452,-0.685139844966048,0.0703244396536394,-0.209583800991487,0.0670117234306504,0.0529423617288421,160.6,0
35253.0,-1.37418357181972,-0.150592416547534,1.67685744300113,0.630549111564088,0.444275592249779,-1.18329942101639,0.347228343105394,-0.0771058599967109,-0.391679547560225,-0.195654941077729,-0.503049603124566,-0.62299249827688,-0.824897255637567,0.366429139050754,1.41461107960504,0.0116882996407393,-0.111733878251957,-0.106645537808943,0.839772525928979,-0.154906968457353,-0.237678761785797,-0.528744837591719,0.828698319752595,0.331082120384183,-0.0861956321361569,0.20277081865323,0.0541899294074454,0.0107894714345971,5.49,0
69518.0,1.30112527047681,-0.675846527303788,0.272542102503264,-0.735740040551521,-1.01345634945558,-0.54848570108511,-0.565356847633135,-0.0302636962933926,-0.970228218108592,0.85088476822397,0.80462058168678,0.0435878778478787,-0.441376090669327,0.417989572944181,0.379326198522424,-0.846361342783733,-0.399534467134111,1.5560553178849,-0.353556147294926,-0.426165434988358,-0.444648364500029,-0.97062107198102,0.0674154395278995,-0.0088860059967905,0.0706101375407482,0.90608431107692,-0.0709050501802341,0.0023295859165514,43.89,0
141232.0,-2.3506621836251,2.13426116728497,-0.0367885970383338,-1.75143924038175,0.666138462643471,0.49763856383802,0.465641419988814,0.0243531533534412,2.01866988746889,1.40222456197605,0.200262635985739,-0.525150090777674,-1.13486808639769,-1.94805630041587,0.128299725240952,0.849762867129041,-0.445473025874839,1.26995194345386,0.307310403626086,0.747265125385639,-0.436124546048908,-0.826755367430976,-0.157999804119568,-0.54246368538136,-0.0402306185402309,-0.38103040394837,-0.573383037892705,-0.20506693207092,1.53,0
116825.0,-0.0636574568362508,0.716874688329746,-0.87856057365004,-1.14666632292552,1.61953925228216,-1.41895174208446,1.90787181393245,-0.679602988756115,-0.198811886413997,-0.275789728892463,-1.44578990451713,-0.457418736020648,-0.227953388936968,0.495780333015569,-0.0846622960104258,-0.543797315056263,-0.75005405838133,-0.160838466490953,0.121893218242276,0.137094571740752,0.184740114634464,0.808246732428008,-0.255063007371934,-0.60651825673489,-0.222594422348584,0.0996137016445704,0.211769600034003,0.0450212596284841,38.52,0
153715.0,-0.256769642558386,0.192680541637424,-0.0061599443757111,-1.63878003992573,0.12664085269839,0.434530294421507,-0.419264290965164,0.624316731268705,-1.52110287922178,0.258313331890114,-0.157987209284408,-0.779766438157889,-0.47734987162937,0.462863160398458,-0.0029732456367243,1.32664938955829,0.0902798199481742,-0.648669196252257,2.38403294110609,0.1281034597901,-0.113807939614549,-0.695355285148771,0.176762826104118,-0.429607505746805,-0.942438780270587,-0.57230147801735,0.0614770055387089,0.101057790497453,16.95,0
118740.0,2.13774560595304,-0.0268695091004237,-1.48521244869417,0.165094792642351,0.422899437456131,-0.603556690556312,0.20641169009229,-0.305968150764269,0.512226055634674,0.0557179292635007,-1.55746492066149,0.449071480368192,0.910678093940402,0.0805680981880033,0.0429690859057047,0.166642228245243,-0.703961198113917,-0.612248031345716,0.53369453111896,-0.149979492295968,-0.350515340817885,-0.835596722964613,0.204541388940711,-0.985516892794871,-0.136838046615782,0.258263394982833,-0.0675788958957943,-0.0692081931714813,0.89,0
25185.0,0.867011722419691,-0.16327148696492,0.387839526364124,1.33641678037805,-0.42830795854454,-0.521542179196688,0.155978961960076,-0.133946333805554,1.12067876077821,-0.265973763428199,2.18136556997636,-1.98092283344577,0.819318275381221,2.20393059515645,-0.343632037580958,0.384743843996105,0.075834345848478,0.575364331077703,-0.251963045198887,0.121560534715448,-0.184346015376342,-0.741771891187764,-0.0872776336906294,0.229123216652653,0.315950924791038,-0.634623006197126,-0.0488831598949731,0.0379048599509593,173.99,0
141988.0,-0.439490339977125,0.389228093276799,0.209763490372523,-0.483860150190492,0.603277055156005,-1.23083823879283,0.829985360497401,-0.161490891886968,0.187871376543625,-0.261894016068446,-1.01693193046688,-0.315129192865336,-0.864861494481809,0.249980672375873,-0.22224090571389,-0.104259854308076,-0.319619758116585,-0.720974508285758,-0.108888063743222,-0.18176095406309,-0.278346810725156,-0.584500269242442,0.468298747159406,-0.0527423017615293,-0.451349820745564,0.149949473023256,0.165217585100333,0.0480464664822032,1.79,0
142194.0,1.79037716322801,-0.708503629684273,-0.491624357257663,0.171523940004627,-0.0197039417501661,1.40108929545851,-0.930061578066446,0.523218950668317,0.961094896196992,0.0289401779627629,1.16213834128087,1.27661036453738,0.171424313706702,0.0125517311127117,0.438109054739495,-0.394159936148393,0.0653685356876459,-0.867566889012272,-1.02830241542315,-0.223528506631909,0.329901425647428,1.22008681331021,0.155437223754609,-1.27456714488674,-0.449438506987938,0.707205799938443,0.0232768247388409,-0.0692671068202649,31.3,0
129337.0,1.98962999565814,-0.194291212216856,-2.34064709360407,-0.0982360594072548,0.813496805149204,-0.686179776674795,0.670319372647894,-0.33840243421688,0.130071125417158,0.0787620523303592,0.573896276610307,1.00687727904489,0.0580453819671152,0.761845757659122,-0.827843464732617,-0.542606598719418,-0.483430719655117,-0.0141168678615034,0.688048843531608,-0.05821767704984,0.18108010639213,0.55196444358518,-0.144026482906647,0.428656172453677,0.511464947176369,0.229416804182027,-0.0980578226536087,-0.0749718640501095,67.48,0
150370.0,2.11397222983835,-0.626590415449304,-2.07200912712832,-0.5315097013128,0.104529293868373,-0.83483220505994,0.182234048852178,-0.344408282355147,-1.13409428509673,1.10961564177532,0.641067410347765,0.550366408346296,-0.0296189977591301,0.645025910027714,-1.12334583236648,-1.92533947994654,-0.0700729779245852,1.07913952034012,-0.324423344341541,-0.522811041971109,-0.19387288188837,-0.0608100991475997,0.0466103294239125,0.809334819558074,0.2059308286866,0.768937131292085,-0.113688889904029,-0.0772846603518903,46.85,0
7331.0,0.145688173852041,0.0648633511893889,1.50809048081876,-0.661771224183662,-0.227494746463782,-0.186146001403035,0.376601868964881,-0.625219621295721,0.733812576761173,0.473024545178714,-0.177471990158327,-3.77797176087012,1.24338729237437,0.543317530886885,-1.01318280198121,0.187592723860719,1.24379442982782,-1.05393843043824,1.7253201962707,0.218523363918073,-0.152372673673756,0.227682629040427,-0.120305899925955,-0.183702062603553,-0.677259828091413,-0.370839392110773,-0.270318428452732,-0.280781274018526,33.0,0
41908.0,-0.525664808111866,1.08739452484652,1.2832534883215,1.11985161869918,0.0688355814626454,0.179470342836978,0.898664635608174,-0.0987166267666024,-0.321468174876263,-0.189474555040862,-0.54597450311518,0.509755433185452,0.500265515325776,-0.175625006622334,-0.0460194443599722,-1.13006296990284,0.445367452485217,-0.803942437721537,0.434778114136014,-0.0798157057910171,0.0538508264133197,0.378992143064913,-0.123544359782154,0.118699421462195,-0.282601903048295,-0.345620395633601,-0.0388741506934072,0.146811919157408,54.26,0
53451.0,0.385108461103674,1.2176203228402,-1.95387216540948,2.08707599095328,-1.14422540643716,-0.57688799482478,-2.58286504391682,0.643229999334504,-1.19123269237613,-3.09509360697848,2.82114488798301,-3.1005456578695,0.146199374342408,-4.51012391529804,0.574490022660784,-2.12346278453199,-6.05331938825344,-0.70637615273475,0.572791028207014,0.380545212283106,0.594623132460925,0.372143665842342,-0.310455791389476,-0.624065148802846,0.840216130296559,-0.159451766672991,0.599482364663208,0.288915549852885,8.0,1
154524.0,-0.333570036510973,1.33525118219561,-0.627475423130627,-0.657923471520127,0.89674949390507,-0.792449492424362,0.913656875588407,-0.0582459504882927,0.341635161903994,-0.221015567942161,-0.628556415030071,-0.100248072256367,-0.0143919095491844,-1.14902436334211,-0.154973467117028,0.241616677709444,0.394231918793759,-0.323407312769918,-0.347361835957218,0.26938925615774,-0.398271232029301,-0.865005428394074,0.123075376323789,0.491061444379315,-0.32772740184878,0.128570663233971,0.430158223072209,0.220205700928522,2.28,0
35212.0,-2.08051373288431,-0.799710652715074,1.10919325492525,-2.33853168980068,-0.358394138320769,-0.382642614505358,-0.891853266395825,-1.65402362378286,-2.24557849586459,1.56807106549895,1.58803740511789,0.381360119874357,1.31840143138372,-0.551972188368107,-0.616500749376092,-0.350831416591194,0.317831309291925,-0.117215898042875,-0.86656273259427,-1.36446063220846,1.22360807993558,0.0241380941730847,1.02421154408775,0.200350061219677,-0.129149312504423,-0.357572572928378,0.618143333989452,-0.0130154070572343,10.0,0
57152.0,-0.400305264346707,2.56555917688752,-2.6007857159874,1.70196947051671,0.293482597507056,-1.54875485109183,-0.0905299652595619,-0.104565707662935,-0.514193059567927,-1.31338025288166,1.02079964209158,0.156574309776033,0.243937464634494,-2.97107384595709,1.18489596116775,0.65822733272411,3.59078153521647,0.982034099729927,-0.952148815345903,-0.174791924186295,0.724998276708593,-0.262576981838687,0.38155368685449,0.044365956810691,-0.444544772250569,-0.377265618216191,0.166316689446687,-0.0413285694726681,1.79,0
72215.0,-2.77100418706141,-1.61482681405133,0.917923143582659,1.11064013039702,-0.483247806086065,0.366183360718805,-1.59342480312912,1.38331916542579,-0.174272925109978,-0.497002824818011,1.12856111637633,0.763774436397696,-0.489879478460246,0.787798198414022,1.34208545289303,-0.387941721389865,1.04835401066286,0.0789033187493934,1.26690143967452,0.212407686956568,0.4736368604993,0.861515480490832,0.0783634890534506,-0.152015483715477,-0.947314819156017,1.28645401340246,-0.0700806981706823,-0.436807479989883,50.0,0
145571.0,2.06745864581124,-0.0660689099757334,-1.09440584268913,0.403727904092221,-0.133059906320248,-1.18417311670608,0.167831506190962,-0.318476849996509,0.579052342524078,0.0800734468632726,-0.833611706795581,0.301522184002549,-0.144810254560803,0.31530477067944,0.0685332228602933,-0.0770197139260709,-0.297911259073647,-0.822726268978208,0.170964418427131,-0.237510540939008,-0.296143918830692,-0.728137736174358,0.335688358622723,-0.0302919582122339,-0.297413832211867,0.200541451768922,-0.0721535347506931,-0.0611205091724187,1.29,0
64506.0,1.18122460853685,0.0636508997673354,0.446811645079856,0.193581110661596,-0.625898529057264,-1.289368335862,0.21898777647692,-0.35250726173862,-0.0985074378558323,-0.199937906665066,0.304902183407645,1.05268133886923,1.38178772579754,0.0309457149022341,0.83756521942611,0.0986779329684013,-0.241841567839197,-0.923925016277257,-0.0496411555160528,0.0961968453822736,-0.164631297136912,-0.520396107787849,0.0944506918122595,0.802011994565832,0.159925693136691,0.784996295934245,-0.084791515056992,0.0195488487272024,49.95,0
52497.0,-1.99160268948131,0.302786511667276,2.09324529800263,-2.01588252730857,-0.673718962018609,0.569505744480162,-0.804911264701307,0.67588785036921,0.030448444648611,1.3041224128629,1.31478642354085,-0.411090864324484,-1.02584349911354,-0.730951140589148,-0.216099750292525,0.901055207360005,0.424468633091353,-1.29878347568317,-0.599917220983078,0.572420793668163,0.262666314835336,1.15088046491644,-0.283360097967543,-0.289647044687418,0.546282636323134,-0.049216264395903,0.68167224845422,0.549105040767105,0.0,0
38384.0,1.43351230513059,-0.447605337411604,-1.68264080917619,-1.71180448409007,1.82449708092927,2.88898713848199,-0.761242383640109,0.705115923196088,-1.17050352608651,0.279090085384286,0.39464311362962,-0.811506355718962,0.0918969516895075,-0.811569838125702,0.884149526098982,1.68482888692422,0.551701433368473,-1.07581303409429,1.02491421983257,0.256607130812526,-0.381985401651138,-1.43681212360224,0.143486959882725,0.874082784159023,0.356041397621899,-0.627062803049297,0.0034727407049114,0.0367191683325435,29.0,0
656.0,1.18432052513528,0.203604410747404,0.380184857537774,0.642172653642393,-0.521686628268884,-0.889243856343578,-0.0796589541915631,-0.0068406177951385,-0.0693293386689985,-0.0839747365762386,1.61998545272289,0.384612441245479,-1.03323569711545,0.149814466406517,0.50463437742172,0.670114437607569,-0.11677327566514,0.271244862190193,0.0199172537763043,-0.13464107655348,-0.231287356827928,-0.777206191278187,0.149367168693804,0.464587074913482,0.117641029063161,0.0674029804742402,-0.0354394372735793,0.0215116799220558,8.99,0
130246.0,1.98017973557109,-0.247525192265505,-0.24402055711456,0.450710740637392,-0.639373638388234,-0.659430344348679,-0.428070779436015,-0.0976654190296816,1.19029494549417,-0.186904357489648,-0.660024483444834,0.859470288477577,0.672389801664186,-0.146901812949592,0.634066493749489,0.105295646077443,-0.518869511699351,-0.356921063256817,-0.150941596879649,-0.201741846359427,-0.168961299918493,-0.291600556049651,0.374608100148597,-0.0421103568929396,-0.422997278176698,-0.620823326688539,0.0426346719538182,-0.030362410885194,4.78,0
74518.0,-0.50050871798451,0.988183522244947,1.56745776333808,-0.203036658852548,0.222282435131383,-0.084326736061881,0.571874567663045,0.184421830471172,-0.750811623742421,-0.206544832399566,1.62175818922192,1.04403627246172,0.530917427262754,0.246951314105244,0.333479642430065,0.0750249551214708,-0.400918792492066,-0.378735506710564,-0.0587547807302492,0.118389863134061,-0.140941867459117,-0.318800920755535,-0.0086513650007794,0.0150028988928955,-0.275666496298945,0.0815182427004304,0.281365159410532,0.10878384963052,4.49,0
156483.0,0.0494263631534464,0.906174665778266,0.276971162216747,-0.605143787564354,0.47728225616739,-1.07097678499061,1.05928010366233,-0.236922309227658,-0.127243850694093,-0.429554038827002,-0.884849993069688,0.418482012925966,0.589027005493682,-0.0044375049257413,-0.461174993864078,-0.10144298456001,-0.46365239917917,-0.797467441457935,-0.0650417116397921,0.0023310466498957,-0.257388412809731,-0.536013771986814,0.0585660821067479,-0.015814628915362,-0.461300784899409,0.140143892750939,0.250353157743053,0.0980455368780011,4.98,0
33410.0,-0.426660272523052,-0.242235013114972,0.965197038244677,-0.971021004137647,0.885390099729375,-1.51085263918723,0.354278006682522,-0.292357871753079,0.288804203369614,-0.355518874735031,-0.926801760118966,-0.574450673381711,-0.73723829686761,0.0852595215175248,0.500836591616034,0.437052965666088,-0.796163686212515,-0.180536471031266,-0.37978796103156,0.0521220106662044,0.0503444647324496,0.0757525014577348,0.191858051478409,0.0605988769394806,-1.24494306221386,0.609754789490967,-0.058797001069018,0.0051754907181805,0.46,0
129977.0,-0.437383958996476,1.81093054515009,-1.26961981430171,0.996455208038222,1.3461823905357,-0.427111811431176,1.1213592323344,0.251620627664211,-0.863951610054614,-0.848390162686156,-1.22773824302549,-0.456534811532221,-0.247701021828822,-0.728764474281206,-0.119437765625234,-0.443386886633312,1.3335623705039,0.527785625972884,0.710059861957617,0.0487023843975182,0.0418709198943498,0.285091848150389,-0.259575273366828,0.151650346973359,0.133285768046112,-0.377425564018705,0.323794508633865,0.216940638404736,19.0,0
127431.0,1.95747625604941,0.361765035678869,-2.32434580842471,1.39558448373736,0.935153056288299,-0.680881038027547,0.515353515779586,-0.13240264197016,0.0218660085361044,-0.167739721924782,1.00502516386472,0.149494648711799,-1.438881207469,-0.581836526123174,-0.909372545087724,0.0092193810160758,0.826845654009016,0.64895201152725,-0.153075123745535,-0.256753937742203,0.0112301311036997,0.121222805387571,0.0021502007779724,0.552737841851627,0.404834596885182,-0.539954123551279,-0.014436414764438,-0.0318805558742947,21.24,0
50223.0,1.65670846992219,-0.795348332252313,-0.749777605214742,-1.66633066559974,-0.411863439103461,-0.541797067203549,-0.447138713519667,-0.355275582149622,-2.16077321458791,1.48689516370112,-1.65224007544682,-1.19465713592446,0.996619523792299,-0.18972684162382,0.335981067389347,-0.385382795741106,0.135432121614526,0.157814816659333,0.399197272072271,-0.271450782686248,-0.259274195824851,-0.320454359723294,-0.259870270714623,-0.995561202374481,0.880703829929827,0.0018419010568248,-0.002715936779477,-0.0064919668306753,15.0,0
139617.0,1.87820135300626,-0.530913064545522,-0.0634553640679449,0.268713456188118,-0.646785355388364,0.303652203695386,-0.900563815091365,0.244789120098492,1.18960889019074,-0.0461481625998025,0.957349131194825,1.43419518417007,0.612072705251589,-0.14677994048464,0.197727334258058,0.527747397468026,-0.891919802302088,0.587564319261815,-0.0825430020368336,-0.106900961969128,0.119854050243169,0.447047895675126,0.288614117863524,0.703551479898695,-0.412002344457536,-0.486669737588549,0.0496921282529527,-0.0249447077195348,28.5,0
136451.0,-0.395701096569251,0.343182717032309,0.934895257851892,-0.0683325499847133,-0.331281807974466,-1.41553397486479,0.661140699795766,-0.12452082739616,0.32160989626658,-1.32870446857803,0.170077705908477,0.135534926544902,-0.294667807499419,-1.18284631353884,0.520548259686202,0.108871794817561,0.858506023372811,0.178664623493136,-0.121563006601775,0.152774091338291,-0.04040542647544,-0.232715496650961,0.52319784892325,0.78491499499348,-1.32262600476038,-0.443767356304511,0.215993587759635,0.28495394300071,93.92,0
135642.0,-0.0682216801360005,0.476514377133856,-0.891429014697494,-1.33130994277825,1.8694735177879,3.85227710544795,-1.18272746642252,1.65729066474264,0.372078618809992,-1.19020717231555,-0.0341168545220134,-0.131779890196158,0.080699922441582,-1.09562803865359,1.43493130311974,1.49472747469658,-0.0789504682868789,1.09665341820074,-1.30828282431492,-0.181621194797138,0.344364858988813,0.824364498696839,0.206451017300035,0.611513207670034,-1.2711668044444,0.157124082997392,0.0697906107595631,0.0820269416145569,4.04,0
46149.0,-0.666301760995657,0.893001641723503,1.29350107344191,-0.14436716045281,0.260299561758774,-0.45688480143796,1.12931335970997,-0.168344993370935,-0.777460255106417,-0.528326610073288,0.026472597788854,0.516355697471258,0.851033169587743,0.146744578701674,0.872124607022713,-0.23080641543335,-0.0994274510869297,-1.25788098232056,-0.0807949771958703,0.0030753088295714,-0.338540212175413,-1.06009728420502,0.217109789356651,0.0676187086674747,-0.638579839228637,-0.081553781412844,-0.0371818526076807,0.143869091527318,70.9,0
67333.0,0.730077163813915,-1.9606762600658,1.08687791068968,-0.22793890630071,-1.95865032692842,0.567603174090101,-1.16972316495077,0.255612411553226,0.200799448269736,0.363993033869843,0.445572738613278,0.405455993385631,0.148973654876876,-0.957922607853452,-1.4524124761772,1.11259216315692,0.337200208919961,-0.602759350670647,1.14244537626163,0.671869867473924,0.382324234493063,0.663580116366517,-0.390371785470765,0.0921803439305822,0.344303294515187,-0.101228000755009,0.0168815310090104,0.0662440547199377,302.37,0
171571.0,2.10506105554643,-0.147110881753429,-1.37719074716154,0.265695419901347,0.104095045979378,-0.840445421683619,0.108064157493524,-0.236636368388785,0.734680324350898,0.101396238024855,-1.52371980937112,-0.302519335986031,-0.779364089671831,0.426606103978119,0.196748201392772,0.14195528968455,-0.484072528503096,-0.5252382794696,0.412236578798516,-0.258351476926979,-0.344164447901707,-0.906801709797663,0.263996872898666,-0.681015765290788,-0.239796618216494,0.241735502768013,-0.0784559779331524,-0.0685481753464829,4.49,0
83075.0,1.0781755320415,0.189703863698197,0.404556466034179,1.09868153148167,-0.139722978961467,-0.37225291530969,0.190107301447253,-0.132018333686882,-0.138367699771525,-0.109850248755328,0.061107269003344,0.951658566539062,1.23817744955026,0.132072508373331,1.14840760183787,-0.167794683175331,-0.264542082053624,-0.751578917983365,-0.757633147538606,0.0248926804360292,0.02279449415658,0.0542707211859454,-0.055592821263268,0.104073870359763,0.488821561908785,-0.419563602961205,0.0357704962887201,0.0350152335185015,62.48,0
119172.0,-0.637598508880689,1.17652339624754,-0.0899829129325731,0.276925356965343,1.17064202401123,-1.02817748651552,1.50340867950088,-0.443866495035351,-0.371194675901267,-0.163701765767513,-1.30276275555068,-0.202305600676053,-0.590712005156936,0.386198639223145,-0.951752894747803,-0.755954512472576,-0.280293360134873,-0.474972055454839,-0.342535237787083,-0.353232265238581,0.188105726847948,0.584122913453914,-0.336478663903186,-0.080246083511604,0.0100485456002036,-0.62099934669745,-0.23453722869801,0.216365057807758,13.65,0
113430.0,2.02748353658595,-0.877204286860742,-0.896397390976797,-0.1789436690431,-0.871890867565117,-0.814220189781744,-0.47226320959389,-0.238415916721988,-0.0014216731496027,0.68445723053993,-1.14644815895454,0.0632752694871693,0.208388855015168,0.0296115511805872,0.29315290299424,-1.72742343996262,-0.110744230514135,1.22411041628481,-0.942422841055941,-0.548647013384187,-0.18515862746088,0.0434663867003811,0.114923312774605,-0.102492470157764,-0.0537464102070273,-0.203268691051905,0.0258819584707197,-0.0361178000888467,60.48,0
158354.0,-1.37102860551756,-0.54366192553601,1.62729532972504,-1.79997612721593,0.132759568597818,-0.185785913883872,-0.0800677237353455,0.0933946748019237,0.708893159132384,-0.944314070725408,0.526535386926261,1.19693674626284,1.16879887882004,-0.528059527142126,-0.0287119286768789,0.639896006051408,-1.08785490156822,0.721103050860789,0.55103724769684,-0.0296563715009803,0.124037994139474,0.468152926426917,0.0660379199888307,-0.415237324159942,-0.273239798775784,0.533201527125588,-0.227584920523614,0.35400012113197,60.76,0
114006.0,1.96950833912947,-0.324052304732784,-0.26705258538451,0.462976722003622,-0.718296284741856,-0.677225693899672,-0.477248886859388,-0.0520481555429103,1.31486524984336,-0.165048307134965,-0.800942628014812,0.419981859269439,-0.153441796820102,0.0188132964642148,0.725431706494524,0.144764470743612,-0.471470325992262,-0.254420025127658,-0.147023673052873,-0.244102857978641,-0.175310140524341,-0.362060125407924,0.379939576420529,-0.0644790041550583,-0.452884150965756,-0.618608452117681,0.0362455234636876,-0.0312308729696368,9.99,0
82672.0,-0.887960834482429,1.13810719236191,0.413770131652138,0.757105304007643,0.895928877910545,1.26695507533303,0.212775846817109,0.617794549772091,-0.173243193398009,0.389169175019424,-0.597501445951901,0.0699053659331751,-0.447707248078124,0.260349066364963,-0.282216082921432,-0.472525022187511,-0.16027476629661,0.439747511417944,1.63855438377988,0.255260555733932,-0.143648045333871,0.0014479898738727,-0.377924784571226,-1.7018326048003,0.134235616661836,-0.154395301961228,0.245563365502481,-0.061565320846605,7.62,0
147602.0,-0.458892364651195,2.00454637731497,-3.72178897005608,0.298442728537038,0.247307055611348,-1.97784230958525,1.79886582429962,0.173564353620891,-0.343356140297922,-1.23837016864942,-0.802785866518457,-0.82166606510825,-1.51720342426709,-0.667123530406868,0.0706260101146163,-0.420525015708085,2.21189072251418,1.10330893226343,0.27639223794083,-0.157360447343978,0.410294791148356,1.39957717967211,0.0924748763577925,-0.120967380328565,-0.970650803273611,-0.387654717845749,0.542639952937329,0.347002227005029,165.93,0
81040.0,1.00627525977646,-0.740927409468333,0.885301848165659,-0.0102574606862506,-1.16947520361847,-0.0303351461345022,-0.703907219780055,0.210306933845714,0.845158728286437,-0.188752408550918,0.738818164789573,0.47975162851051,-0.76527116718209,0.0440489443099234,0.17567954944166,0.703414087025952,-0.548555095146341,0.477439497224168,0.465426938552649,0.119555249878375,0.0210045875663429,-0.11762699078725,-0.0734229821040615,0.069667560372179,0.0332461722690998,0.993475527051787,-0.067094781463585,0.0198722479510937,111.36,0
32745.0,-2.17913506011513,0.0202179180614602,-2.18273279614299,2.57204626116115,-3.6637331119316,0.0815679330899005,0.268048730691862,0.660437428502318,-2.37402736257173,-3.58281002008802,1.97582106179607,-3.50054226479879,0.170681027067223,-2.73594037401519,1.67025110352247,-4.04629299726117,-5.07947908460579,-2.58685704537203,1.66926055335833,1.95796029993605,1.02642111100453,0.299613501640326,1.65680000734873,0.328432501784239,0.106456827905221,0.691774505774569,0.196778974067123,0.241085157494976,717.15,1
160494.0,2.18865049380557,-0.594100531131679,-1.26644107201969,-0.457412922085711,-0.55539875788082,-1.2004495542444,-0.241415103596295,-0.413607095011054,-0.637134140957732,0.965859141212169,-0.996127869698924,-0.0266489676744726,0.70899299803259,0.172038081896225,0.485970489240199,-1.40304389048496,-0.303271415029573,1.10706048089267,-0.964153489183019,-0.570498829538684,-0.139520426182432,0.194952943829471,0.101664656342472,-0.0678814602564776,-0.0406656430682328,0.800702720786875,-0.0601370521475576,-0.0639227866262608,12.4,0
22003.0,1.23892694786037,-0.257423931956721,0.286501597655035,-1.02044208505551,-0.294118158670787,0.0705182051138383,-0.565568044825257,0.142224446413574,2.59403835668103,-1.20147745734722,1.8011011576619,-1.97219094586754,0.55609969478025,2.08893467507548,0.869352842126502,-0.128392124149878,0.20658352344951,0.776297217404652,0.53965213929404,-0.211338964018655,-0.259363685057471,-0.465736629664469,-0.019898780092612,-0.923393207236634,0.369409766218817,-0.847144577040089,0.0454659584118449,0.0037691889352893,9.85,0
41415.0,0.122493979754057,-2.93953663430332,-2.29101083319425,-1.12997398186165,0.991348900687511,3.41643373410663,0.0821908352705123,0.518970234268636,-0.978490594580369,0.313936843898477,-0.248990267691737,-0.61433977886117,0.12231288363218,0.0925393887193523,0.0395903185168522,0.941504191974494,0.140505543782088,-1.07962980499524,0.962172725493216,1.60392171267575,0.523559343517385,-0.18276816495059,-0.820085838011346,1.09255182226111,0.691443479895457,-0.124957868973188,-0.139545996453187,0.119640460970781,713.78,0
75002.0,1.18918613128527,0.321057722235055,0.283424539170163,1.17436570770574,-0.194065110973907,-0.673311548228083,0.234337113209585,-0.125545417548519,-0.204359904168417,0.0990250986790801,1.30816490469719,1.26171786025253,0.0682955806647897,0.397881768301526,-0.721754765766759,-0.296457493551432,-0.292585404327616,-0.041094316501548,0.135627144084801,-0.142892194024381,0.0338684294204006,0.245611098341881,-0.139593656033791,0.574301897450514,0.800110857269753,-0.308068191052802,0.009386619497915,0.0061221691313821,2.37,0
72780.0,0.697482140446489,-0.685939888670552,0.778160541981478,1.38913993122261,-1.02919111460056,-0.175290991513157,-0.132681047867724,0.0584239477842337,0.324891740512821,-0.0441983694462522,1.17138905554104,1.02839093073133,-0.19469238346008,0.167667484034125,-0.214712629020912,0.224272275992127,-0.48242003471878,0.562775190635359,-0.211201623560362,0.313211350766079,0.318174524532926,0.543921270485296,-0.316898529837048,0.567120348331789,0.492967107594386,-0.277313005081268,0.0058907908045245,0.0598185355789966,231.0,0
130812.0,-0.433742040147569,1.34544822405619,-0.810436877871752,-0.981277154990567,0.575733404540774,-1.73910725054069,1.26960977089423,0.0493398388317287,-0.877528696371684,-0.539555349157765,1.19982099432601,0.964085715775554,-0.353362760714721,1.26318197577943,-0.919998119256773,-0.572867922449266,-0.226207331368775,-0.129393320576242,-0.131542276618955,-0.207945976345795,0.380624473613707,1.1601546482997,-0.139822309933814,0.544540137535489,-0.403684576494808,0.0417735916573756,0.27171640104571,0.201755666098558,0.92,0
68801.0,0.760039260792241,-0.414834165999297,-0.524612901740138,1.18469150722753,0.117059897564897,-0.126668840225252,0.590836062038884,-0.0326074913709754,-0.422517035608619,0.155168994389317,1.04187933968178,0.206008158205079,-1.25119431439702,1.06561166698734,0.384029977573656,-0.0863116397202822,-0.341143143592741,-0.0245195499946558,-0.318060664318503,0.226954939960598,0.186287310001306,0.0003227221048889,-0.355973528578317,-0.310705961588177,0.659462385812495,-0.268619770283974,-0.0492101943221729,0.0319623366425526,234.0,0
52883.0,-1.24874000165004,0.877039291594247,1.42266969908392,0.424602974306011,-0.0614875963109263,-0.586737897850682,1.39621647448821,-0.765740728920079,0.4479150218471,0.84012339903356,-0.309695067418644,-0.596287174556925,-0.704461608994177,-0.351721590222612,1.07315950940709,0.0021556466358807,-0.717676602710527,-0.210273490115884,-0.105364511273848,-0.24979921646128,-0.337589311172409,-0.489890578819616,0.129469615327505,0.327817558846442,-0.073010090224071,-0.766107799050634,-0.764144631581793,-0.273727986493129,81.41,0
166831.0,-2.02713542158538,-1.13189035724166,-1.13519425354743,1.08696263677666,-0.0105473464481483,0.423796701647855,3.79088017117747,-1.15559509817023,-0.0634335699320076,1.33441406239882,1.03201558219625,-0.722023081820061,-1.53323965243517,0.334119448067333,0.297478860324539,-0.429391896447094,-0.824644210487403,0.489667798839098,0.87334427153726,0.0338040154798561,-0.315104559619618,0.575519699616524,0.490842008633879,0.756502366364478,-0.142685358889407,-0.602776608703914,0.508712458871011,-0.091645525701271,634.3,1
142012.0,2.00307368305394,0.0537631101316088,-1.59379101681,1.40025157573475,0.251790028517876,-1.11129810862164,0.497723362752777,-0.302302549117923,0.494123020437213,0.293489411886617,-1.31453941841147,-0.581819015567196,-1.92124463512312,0.841914350936712,-0.290107946654147,-0.588021588763931,-0.0740214645587512,-0.434976997859852,-0.188514870773136,-0.380276843043873,-0.001111298421505,0.109020839523605,0.031915630399881,-0.131499940286637,0.345005056031496,-0.526975217447132,-0.0244357696665603,-0.0619349406259919,21.16,0
47421.0,1.24072269316936,0.357027242051338,0.30520599121952,0.69633738869221,-0.344545087239169,-1.06098576516439,0.124583615948109,-0.228529659862955,-0.0285693543626044,-0.298145797147531,0.0018482078701049,0.446422049490788,0.624166000687087,-0.364608636934519,1.05142810541641,0.46094153381301,-0.0276359163050532,-0.346255678620114,-0.203776987468806,-0.0386304276533874,-0.2780595675688,-0.801716823574226,0.117381441075295,0.356655451307923,0.22648576475966,0.0921981481799742,-0.0220286522719986,0.033105457091098,9.99,0
82830.0,-1.62665245535087,1.20202757897557,-1.00514556175026,-1.59085840863378,2.40484345487194,2.95170530521669,-0.173657404568604,1.30662094098351,-0.124762921431173,-0.131703956045579,-0.225860423565489,-0.111690668299553,-0.0726765792443789,-0.12482853994038,0.62719794363976,1.05884862504873,-0.632608249437971,0.246024644166677,-0.49275121324977,0.172656687325741,-0.303496964670611,-0.977080809139045,-0.103031454960852,0.940258823787159,-0.248430376286232,-0.0965942119564551,0.372839616299555,0.189607076337876,16.99,0
132900.0,-8.12147240643668,7.13891468921026,-6.48202672548087,-2.12040455217492,-2.6624573341311,-2.02786963931119,-1.91839564370631,3.86518402269172,2.39997826032855,4.69018398353683,-0.595125054647493,1.22795451916041,-1.36512594894299,2.42532333653922,-0.638409247976679,0.24455163690565,0.641226305357198,0.326619609412955,-0.469769690802471,1.75648498000048,-0.0605474228733743,0.313073582855873,0.444212308512682,-0.555721982508609,0.963028656794537,0.168576083547157,1.09723180171121,0.514675226149695,0.92,0
165295.0,-1.72860803346731,-1.20756051522193,0.0467033081019757,-0.263175707888767,2.07005892644161,-0.318440014784007,0.362408512749794,0.220271250056267,0.12287778574293,-0.361950283740918,-0.159139926476774,0.485860792420707,0.141318931309258,0.105563026849946,0.528875909361714,-0.98110310182404,0.433552790994701,-2.16440931219651,-1.08927335559552,-0.409510107721083,-0.280053055426832,-0.0391289000818395,1.73519017854227,-0.998138735098726,-0.338224158146782,0.289127209600779,0.403117125734149,-0.0990302852721974,6.49,0
97394.0,-0.519712242799998,0.0190389794477891,2.277676877455,-0.395508204353648,0.0730809236238291,0.37599388888024,-0.315113094705173,0.199532826686928,1.82048522770119,-0.677006163376072,1.37683878862143,-3.09668383149002,-0.337210342990176,1.43751189993428,-0.452395549464762,0.618560692148773,-0.0145351060473204,1.27081293737198,0.236382351554807,0.019873333172861,-0.0551853279587728,0.0821438400048315,-0.0391782082813902,0.681113600900948,-0.614171900612246,0.456944735049291,-0.112320157138572,-0.0904086811660607,15.95,0
48170.0,1.31540417163793,-0.0335770857321864,-1.089984305864,-0.557087388354872,2.02993119987457,3.26812962634987,-0.534993827316445,0.80825009836415,-0.0527240382988317,0.00114875453377,-0.0286089299546822,0.0736565150203547,0.04128482958256,0.425500485392321,1.2452765300024,0.640367512512013,-0.910236503458034,-0.0686980996025901,0.255267674459398,0.0169521541786674,-0.313307445437249,-1.06893437804012,0.103796606011009,0.992125714637669,0.369398160051982,0.110373548574965,-0.0283020664307734,0.0118363066968965,1.98,0
131928.0,2.04528903620414,-0.0594818374990831,-1.67526671029329,0.72348755165199,-0.0054465777008355,-1.14916912920221,0.0393769792042043,-0.209262658825783,1.00815020066963,-0.428089522139633,-0.997056689628529,-0.623847052332679,-1.64880337872547,-0.884705754612092,-0.328427908178132,-0.101546006794758,1.03045305856096,0.0973717241281728,-0.0893820884720245,-0.306033080719312,0.041693588823425,0.393432866601917,-1.45722155872607e-05,-0.138004399996736,0.150975618087124,0.738917650984322,-0.0593727603462701,-0.0495962392849532,1.83,0
87869.0,2.14268786153296,-0.900300538324879,-0.594305221079508,-0.490937106923242,-0.932134435467917,-0.38229745610284,-0.87939343944117,-0.065540384646961,0.0825180038338598,0.81792980038074,-1.68548249152571,-0.337193391767012,0.115816312492669,-0.164828011933422,0.458246558921627,-0.872884166856946,-0.467154990186655,1.11486690122549,-0.537675290596409,-0.579622484238159,-0.668336469842106,-1.39260143673012,0.434549034292537,-0.720831416087208,-0.683968140004599,0.275213574440869,-0.0190202821192338,-0.0447004730107812,19.48,0
146008.0,0.193722274460927,0.780954741115184,-2.72946617376922,-1.37374680680591,2.93926194414041,2.98586478909013,0.181131143610981,1.19599812565013,-0.412083009481364,-1.11161779424473,-0.0484941175762314,-0.0167775655627693,-0.390918395362741,-0.395011649659349,-0.0803796856247058,0.234335271148375,0.601378222429903,-0.258290681915969,-0.496541607792359,-0.210937953140988,-0.071314416138917,-0.380170819001293,0.253800637742955,0.608498274168853,-0.732008564886684,0.220536590816108,-0.107552542961662,-0.0409874616466227,23.55,0
111109.0,2.10423913009767,0.0854067784819613,-1.42292492858473,0.320861579020892,0.418166278277587,-0.713818226608261,0.0735028175482454,-0.363003123865595,2.04063207665815,-0.472285112001152,-0.0287749082395727,-2.2528449598279,1.84813355701609,1.87233165411049,0.172228222601285,-0.21715461332071,0.0739913186920255,0.4647908871502,-0.281891654341525,-0.25433986009802,0.0966549863944784,0.680532516845956,-0.0105669345413481,0.438873576672855,0.37022458847973,-0.475722252073194,-0.0228298523348145,-0.0559399183193542,1.0,0
4498.0,-5.63108142157651,2.31331694928055,-3.58336920690467,-0.736377533338181,0.042986847962541,3.24569712891975,-1.81042441399867,2.33395391307186,1.1822356356701,0.218380822900934,0.0557474783194341,-1.70103652947798,2.05459897047141,3.10535453516329,0.196096359379384,1.10617942019504,0.806279428919295,0.479939583559788,0.0451220592612835,-0.324947469959896,0.379825426258685,-1.33412692179107,-0.0109292800429078,0.962574270011824,0.125994019916759,0.0148613999330739,-0.766324344849591,-0.515027716092168,38.43,0
154581.0,-3.01158057992166,-0.256324890540137,-0.819191083513919,0.172872485918826,1.39077588736765,-1.68219897555976,0.550476906281216,0.0389561426322049,0.362965481340515,-0.646367831702554,-0.529335726356749,0.622458310724415,1.2757115578332,-2.11748157619119,-0.766908709730852,0.148409606996585,1.14337286724123,0.0584879603804542,-0.116363659510786,-0.861507455205067,-0.351763303733256,0.789226971401819,1.15114908072779,-0.0391684141119744,0.281806573193894,0.604421282567351,0.1594640458574,-0.52053272122809,3.79,0
36434.0,-2.64461917206108,-1.03701478540962,1.25021828781909,0.304238209559321,1.54518438607651,0.232761129598298,-0.0013449599500956,0.448386117772594,0.0560552902578117,0.062246196332312,0.87690602412992,0.276234002134621,-0.310092031603052,0.147064833871457,2.13972207404541,-1.03947320710521,0.852703098086249,-2.37352057881044,-1.46000302915037,-0.74695296812803,-0.413655438260767,0.119914881937816,1.70854822527157,-0.672564538626197,-0.0944083181708479,0.267750721183427,0.766530023602065,-0.116984293516238,3.58,0
164574.0,-2.24028102344155,-1.02393491462429,0.365009101266287,0.189513189872804,-0.226761189413211,0.486043697496408,1.07471284947156,0.12780959095628,0.231669257927649,-0.680239319663365,0.780059783393871,1.15336703372535,0.314700328194555,0.0768887165926281,-0.34389726872631,-0.316400464142788,-0.256969502530063,0.161398006329976,1.35436320312639,-0.225925128472147,-0.338112986741681,-0.588437644538082,0.502021136791241,0.682867932821635,-0.38915420528711,-1.03863078063292,-0.192914533867783,-0.0345826080872505,301.8,0
157219.0,-0.956756762928738,-0.257529072516553,-0.0567399034556566,-4.09303080681179,1.36630716298788,3.73643186802006,-1.14975600720275,1.4995972585923,-2.31838044793538,0.378839188270305,-0.600404231673514,-1.04380458747214,0.164231596418414,-0.21043271345788,-0.278276958959511,-0.235133966057288,0.312349787907367,0.0064600340628608,-0.922542018416669,-0.263011234182766,-0.15867169892836,-0.202345506489768,-0.292714127110749,0.674883395435285,0.715446127331977,-0.0955860164168883,0.17561243546619,0.0373706057018313,6.0,0
55760.0,-6.00342167645829,-3.93073139597263,-0.0070454551172806,1.71466918264498,3.41466660221529,-2.32958262254194,-1.9015116901208,-2.74611109114189,0.887673207764977,-0.0492328559624844,-0.153131026660117,-0.814309846145704,-1.89479558623308,-0.83148260879597,1.38728869521525,1.18890675852063,0.536817322665437,-0.0514032140040002,-1.23138550165184,-4.12818582871798,1.10167131666753,-0.992493706726384,-0.698258928361953,0.139897673540465,-0.205150795631722,-0.472412262665941,1.77537805651063,-0.104284625925588,311.91,1
31166.0,1.32773254918386,-1.21817614340863,0.065243650177801,-2.66319980582535,-1.44054876180856,-0.993379858979583,-0.642741329910994,-0.195625217432607,1.22538355516311,-0.816001988624031,-0.997817149799958,0.381350727355808,0.0492912905985859,-0.067107864099964,1.35824641247207,-2.43932892167462,0.204236009914538,1.63533531409343,0.595601608992129,-0.383559338447253,-0.353832571015424,-0.403892100598209,-0.161636076014055,-0.122362068127299,0.654838901729191,-0.708125919885763,0.0944106541504789,0.0353995651215704,69.97,0
80572.0,-0.360536356356186,-0.477048757732992,2.2998487161829,-0.767071764913182,-1.88330137051793,0.0922764291296971,-0.430221419989956,0.247619399206677,-1.04522473850992,0.475971429212525,1.00735491402351,-0.210282947947563,-0.382530206649641,-0.0655522052335037,0.96498038554735,-0.798181238149199,-0.251670377098562,2.46165728683815,-0.178900153367937,-0.104083010771624,0.0884788143570067,0.501461016270808,0.313465951270566,0.554660461620749,-1.02115282537764,1.07737210252461,0.108983437497987,0.169186248870745,125.9,0
55359.0,-0.18488966212684,1.68447312504669,0.595263722944066,2.94221615452736,0.19777167775482,-0.572932609665651,0.565107246993127,0.176562076098679,-1.97511124763531,0.604554545433774,-0.546491940718986,0.144687306263893,0.943646487571959,0.660600939566256,0.756309123752411,-0.276598693856036,0.23049905583626,-0.212737323739716,0.796466943166652,0.0138152835994622,0.137976585890738,0.334952436640966,-0.0930471754740554,0.425110931128929,-0.120962075035847,0.23098124387908,-0.0680399423210999,-0.0313799419953453,0.11,0
124063.0,2.08608240445841,-0.966845144900941,-1.67609983307702,-0.934646436789043,-0.316900130504051,-0.652654631160013,-0.328309342005902,-0.219377563878421,-0.67486666930912,0.98354541620905,0.831916108890075,-0.0172427224998032,-0.183877679443146,0.165949812433424,-0.980982535628651,0.707616743998616,0.151964163674634,-0.79212969587589,0.834699375082188,0.0906576605593377,0.635123759716606,1.76296273189684,-0.187659041096531,0.864581274247676,0.445634490280171,0.229649837197866,-0.0645060851945496,-0.0680775644333634,70.0,0
74071.0,1.25668985411193,0.68499228117657,-0.591838351256333,1.05317470007286,0.731043427209009,-0.218454684068022,0.282909673382699,-0.12033169047644,-0.209779615565761,-0.643966243694416,-0.283288993576307,0.392903258899503,1.29891929892805,-1.31390266029082,1.24030423586774,0.4001110164893,0.577581132231633,0.14343995608248,-0.632974226231724,-0.0330887716655409,-0.0657331917528185,-0.0204389303596741,-0.207932637390446,-0.842635810324494,0.771325991425856,-0.249822213816323,0.0551383411631682,0.0419096054724298,1.0,0
131451.0,-0.391283184815414,1.76368577993018,0.524977099479599,4.33195064622846,0.735853245232239,0.885710605855716,0.263386576015534,0.53442535029356,-2.49391418543777,1.51257726980379,0.445940614866083,0.445925303982935,0.499051108585492,0.713500304343674,-0.676652657599382,-0.16362338875753,0.20318767509807,0.153305218844059,1.72477544084724,0.0819115066160388,-0.0133079287911364,-0.177907210605264,0.144727007983704,0.739027527594454,-0.982662562655866,-0.015357317533672,-0.034577585720212,0.157303188506696,2.56,0
44822.0,1.11551967021336,-0.173295670590298,-0.158040468259356,0.105424191400365,-0.447819745037934,-1.15867025685637,0.308308971271302,-0.206643571041667,-0.221336795132851,0.0770746308149859,1.44479617242152,0.378163664827562,-1.08924013698498,0.860624198193057,0.164800933228453,0.11706435945753,-0.282472855279279,-0.052216370732456,0.283452629161573,0.0171697205908681,0.0981164632849362,0.0641478555849461,-0.151114650655317,0.614525083845531,0.452446930386917,1.08093819578893,-0.134313675015572,-0.0058065806306837,82.4,0
130367.0,-1.02065567962842,-0.41949222827085,-2.06044488675683,-0.156829784936732,4.98813186562419,2.38621504654633,0.142451855607414,0.862024774806043,-0.683159599837369,-0.968427689178052,-0.0315250130791645,-0.252726981802772,-0.597220852782533,-0.825614362517386,-0.35473923276034,-0.284452288259619,0.817345366607915,0.165013234781962,-0.656655894601564,0.316483612739774,0.158255232166405,0.0251919029699921,0.0383180783214815,0.563457965107057,0.479224998853467,-0.51701899620337,0.0284625357524743,0.0953897586786507,44.35,0
133958.0,0.523819919016188,1.53170785726036,-4.17639013427384,3.58461483133399,-1.0239540327136,-0.502471057563059,-1.89196555656987,0.878416852102108,-1.54194215137035,-2.64940583024547,3.21163365301808,-2.58749931359948,0.257070951089721,-4.68380643176166,0.912636545134862,-2.6957897292607,-3.03516584667273,0.0968148690279061,2.06569197047395,0.621803834572887,0.851859435194308,1.17692695536704,0.453553280805087,0.485211207096414,-0.500686838721807,-0.10828410995489,0.269476548870234,-0.0632454644135228,130.21,1
84471.0,1.34469085986431,-0.458038081414181,0.303574301639536,-1.04421956758041,-0.616651022245994,-0.0476324698508187,-0.669954428217246,0.1129287914946,2.06796549581389,-1.04856796021024,-1.8599998438151,-0.249897821439163,-0.790769029972673,-0.0347417630289903,1.48366477635739,0.0123816406798396,-0.596870990187709,0.766451991820776,1.09028411528107,-0.1441327724747,-0.115814426598235,-0.124958742392526,-0.196763356749737,-1.02009409270647,0.653341386858014,-0.596437744939033,0.0853098165751337,0.018962942171499,1.0,0
114270.0,2.05424283008419,-0.0876817083390117,-1.36900493625688,0.330526609606676,0.0060460729005951,-1.06620541113203,0.11543853499419,-0.239710512707189,0.733131972015915,0.0324638475327273,-0.5823008659213,-0.225480147732874,-1.10276947330692,0.721947950385813,0.934063413254361,-0.283579947877737,-0.295333500132677,-0.0784311121375784,-0.398814006738975,-0.304987075759907,0.251826361648449,0.806261390784793,0.0942925390828074,1.04252667282706,0.193212027908664,-0.154787083775405,-0.0282923026814347,-0.0515901135241819,1.0,0
44663.0,-1.42239839024982,-0.166827842650397,-0.225459334751394,-1.67639856906821,-1.12955271162812,-0.204699180029404,1.95892379946469,0.281189162223233,0.185801407466684,-1.85334327284073,1.38764992396302,1.78643947709039,0.43232371845171,0.604388340172934,-0.652479439579899,-0.944903602512495,0.028885131641091,-0.119154413693625,-0.104095129186588,0.711289108616761,0.462949721194311,0.862074546155663,0.824033050237659,0.217114834997796,0.0119912265646107,-0.832999716805413,0.19447196852666,0.198743560100621,406.0,0
87158.0,-1.48053196820453,0.743724336362353,-1.96585943693389,-2.43760318426587,1.52928439702031,-1.21748466176728,-0.137678402201863,-2.59331657063487,-0.126881214531259,-1.76419396625948,-2.16481000550177,0.440790539742324,-0.0030950412237734,1.05282228332203,-1.24836681102359,0.0245675862484623,-0.558939259599893,-0.486203023300836,-0.623802373668367,0.331440215700517,-1.09212350695563,0.99502823872173,-0.364121764334104,-0.952578430854099,-0.281567816148946,0.583050163407114,0.313120298676705,0.0198072521228709,1.0,0
43798.0,-1.31288048716988,-0.162997435887812,2.51611838796557,1.04367900016758,0.22493602401327,0.778573663643177,1.41028120670853,-0.82438942861881,0.0134313311348305,1.01888963206994,1.84060394492108,0.0527570687207047,-0.171539487686578,-0.648057179728829,1.42981042151168,-0.385179628302392,-0.642221938796119,0.416051859030738,0.576712431738975,-0.0385921470592197,-0.0439178730289002,0.893094185804218,-0.318457332598311,0.0642147592642088,0.123637552149529,-0.228408155656375,-0.795796167174794,-0.694641468883366,183.02,0
151618.0,1.28566858914288,-1.29021484260949,-0.765684087008212,1.66554139143168,-0.595743349655388,0.314964999048878,0.0069801942623046,0.125421094889488,1.03997839408087,0.0294453983571296,-0.0019408739674637,0.863197687589691,-1.09530773042951,0.168943907494694,-1.70583634453242,-0.108348395995233,-0.300084203633648,-0.194426561019784,0.456981115982614,0.314955519280844,-0.304707901836988,-1.37628587558847,0.120481392946579,-0.488818497022522,-0.468799457420704,-1.13034554411094,-0.0127931054808598,0.0096122706207452,328.16,0
51632.0,-0.910541778484929,-0.207060698305533,-0.238651522438957,-1.62061024508061,1.06820214489966,4.11721013842209,-0.141094329692839,1.47737114333139,0.350114081826013,-1.27407680181892,-1.04579958073896,0.215891427938654,-0.139879119537856,-0.188860757297111,-0.914879586308031,0.545929522970955,-0.503547201002755,0.0392997149626983,0.161907759370866,0.290542466608185,0.0200760318478667,-0.350731852675954,0.552199734187895,1.03475768468723,-0.700922468944091,0.648581212931799,-0.0575017291975561,0.12798802459117,202.31,0
21076.0,1.21135082308817,-0.305382135665947,0.868558103821144,-0.650153735584732,-0.755577697090159,-0.090510898342,-0.714643244478386,0.0268065915976361,3.07741005725983,-1.50848387523376,0.463663578822015,-1.62813191235402,1.96477429822217,1.23124269271542,0.779074651357604,-0.672964217277557,0.717084735799593,0.092337681006107,0.124297052512202,-0.146464470392834,-0.148599139194919,0.0967862378748421,-0.052249591895186,-0.313909412068962,0.459112116362498,-0.675408919400511,0.0829752374285841,0.0244020340645657,11.85,0
51542.0,1.24295573051202,0.182563513630967,-0.0780170790471519,0.817757873121474,0.102962460363497,-0.169795917000076,0.0362647079778784,0.0282674446721827,-0.0548255988138421,0.212469167583295,0.346725329862837,0.0156302432751971,-1.01736219940759,0.751677962090784,0.402496857168962,0.549727635585766,-0.929169887437904,0.760782212743527,0.249204946481353,-0.154638394745309,0.0156705165448348,-0.0140284373779699,-0.213883236148836,-0.551971441319169,0.732820702366821,-0.28958806836724,-0.0001154072426719,0.0007604974739458,14.0,0
83713.0,-1.36991077956428,1.20226515679407,1.47061799410416,2.87295126842577,-0.724632779419605,1.1533768110174,-1.03876594017161,1.25896195288947,-0.949772473539403,0.464235683017653,-0.410199708498853,0.176237760230679,-0.30527637485007,0.42576384976172,-0.21213101465388,0.595868504406694,-0.0048448418586111,1.12422660913606,1.53521393657843,-0.142884975547388,0.155139077737194,0.239121545522751,0.0515917972025866,-0.507752913545367,-0.488063644876837,0.1662379562478,-0.310679409111212,0.0027641594150889,5.41,0
43758.0,-0.7174681347448,-1.10474679845255,1.63233094907385,-2.15794770717492,-1.17583370409511,-0.601016667287358,0.0027496004054494,-0.0501469092066006,-2.3767733883325,0.630879826749297,-0.101443748690528,-0.63732017638825,0.937438300662485,-0.53943234997909,0.260752391530531,-0.444332759227133,0.524548705416569,-0.525525295847635,-1.28092765695417,0.0779729094085383,-0.0650632721427592,-0.217798805827045,0.621821922769709,0.335931406375012,-0.685562035331843,-0.627527882123007,0.119019252872717,0.183962712300139,173.7,0
31112.0,1.08251149059647,0.0390814149124462,0.348631882269978,1.43177864597973,-0.230044534349035,-0.175780305795732,0.0931358205815947,8.30772502530433e-05,0.355734535989281,-0.130902742246875,-0.614517255226221,0.286045842367307,-0.584828715495853,0.167165849282877,-0.038012894604759,-0.695909219184937,0.291213589641882,-0.912921384694803,-0.378138316048825,-0.133436307903893,-0.0814228212733727,-0.11655158416235,-0.0937960456277106,0.0844131864607345,0.632043472131671,-0.315786855838942,0.0288495445994906,0.0224342406201327,50.8,0
67147.0,-0.596836887909359,0.388783570306466,1.41086445345008,-0.14881718819901,0.204553348174088,0.0342753277272774,0.591661830587867,0.0535177359442465,-0.372882884276931,-0.615024629948849,-0.69052026791892,0.0409479795027381,0.714040819710373,-0.057848337954317,1.17270470719944,0.0964400895466772,-0.396454242185667,-0.149090648599877,-0.367829672641024,0.203726000979825,0.311852625261223,0.801284663036099,-0.032025318794714,-0.365787043109168,-0.247810670529023,0.564621012306003,0.0850893790620155,0.140201758217117,82.99,0
123350.0,2.01452369101567,-0.973324693179558,-1.70653325175395,-0.949061543150975,-0.101505442334534,0.334665432628473,-0.939541382492424,0.113771921138438,-0.213066671884934,0.187757518074826,0.543540729932649,-0.200519681859655,0.731208860367335,-2.04866917224726,-0.240379212467987,2.12007779139476,0.759876842197607,0.289863759821843,0.791515726948829,0.290126391412311,0.276714089171022,0.668209582422815,-0.0695067322629715,-0.440973519923544,-0.0533538556035971,-0.0823410572971547,0.0097067107534445,-0.010538520815772,99.0,0
156282.0,0.218777510535199,2.1271473202307,-0.91376749032343,5.04743441752683,0.539263628441534,-0.442585308284097,0.257463760863491,0.488943375578448,-1.73159684832909,0.549143033848587,-0.657205697734288,-1.85765529220348,-1.77120367863486,-1.82218480154406,0.772872035270911,0.858097573750939,2.61091052239336,1.08723582504768,0.763301581264854,0.0898804541200777,-0.379458710722029,-1.10978464329155,0.256910263469179,-0.303071074605634,-0.758335781793999,0.0539460599702009,0.171620433170355,0.0103590927420678,9.14,0
166359.0,1.93088156328579,-0.102415517649047,-1.6209633805925,1.34281909144584,0.162857088898353,-0.932841861010964,0.38046338965614,-0.121047793584119,0.368484659565187,0.49993417521062,0.312193302009075,-0.486190249348403,-3.23129372441477,1.31271864303821,-0.907035558271813,-0.429638949682038,-0.181829750217875,0.164711799202834,0.0457390355314851,-0.428178348333087,0.0888453253607874,0.2542008913264,0.0092695436941454,-0.0539304760892547,0.310591490571402,-0.505119727894478,-0.0417254822048397,-0.0732935824673859,32.84,0
53935.0,1.11092725595344,-0.654655255093847,0.915053130762984,0.670884696824641,-1.34136127875555,-0.294218450139638,-0.747621406760234,0.10609268873593,-0.585794354011097,0.808419028584427,-0.412458570079215,-0.726571533422001,-1.14754781706983,0.320756554985608,1.46761847713056,-1.35642129379342,0.126221495313333,1.18009900676627,-1.8787596033528,-0.53036638197329,-0.172308621801698,-0.176925794414252,0.0437325877396708,0.330534719113569,0.197198880726006,-0.292245031626944,0.0640062796865115,0.0460181422256825,75.0,0
46061.0,-1.05750713538472,0.155918332010655,1.654251989404,-1.93693375477834,-0.889386358644233,0.156223814521039,-0.779159173494788,0.83268621850097,-1.17791485864741,0.0032158717228502,0.815262421176937,-0.446340803778815,-0.453180071974989,0.0337857882470495,0.0872602037544038,1.77825438379021,-0.0775181007948805,-0.486839839093351,-0.295442470471765,0.11222810140497,0.526157355789804,1.29120533439475,-0.222063226217541,-0.300117970214599,0.0794168393983333,-0.147029741967591,0.226323426454054,0.0730441866173187,24.99,0
156072.0,2.00365835458239,-0.365892589621522,-1.31144511724501,0.362535625530551,-0.0001036656267843,-0.338423593761373,-0.136667686093605,-0.0121546052747723,0.727887713827537,0.228197094526839,0.416634754557595,0.446943345401044,-1.32687365750053,0.469001532389011,-1.19996087213241,-0.259101801210335,-0.232331078014688,0.106072805200447,0.422396337937116,-0.25511272792285,0.166089554835212,0.648582126233931,0.0360348378862905,0.823685816199075,0.147296233771793,0.672790135188161,-0.0858589558113191,-0.0756291304983642,12.31,0
129222.0,1.17782379154942,2.48710339519253,-5.33060816051087,5.32454683526606,1.15024325844862,-1.28184253527583,-1.17199420002259,0.413778202141836,-2.6598401542684,-2.9716952359177,3.6195974073081,-4.47804406487578,-2.03418448611283,-7.77219735461502,-1.20149274946259,-0.509866916309607,-1.30436979397668,0.495999534593581,-1.35984389291856,0.156057238983783,0.262325116604754,-0.431790202566124,-0.092088065214941,0.145215897986796,0.457788410050576,0.167739067416406,0.451242541470912,0.268421209703893,4.87,1
26760.0,-0.770738515861351,1.02811166986954,2.24355115383057,3.0027807596492,-0.576003211204336,1.41169746192912,-0.0952367884304257,0.253704517378141,-0.295822163898502,0.983935963172084,0.0619478127231102,0.510329416361739,-0.0360595834353806,-0.682174806113495,-1.44295681557833,-0.448034641663467,0.207048119894844,0.638270957393504,1.64539221403961,-0.0296211783742342,0.21496214052264,0.88800821869112,-0.210427490269776,0.0785441906725223,-0.338910316974274,0.338447466368356,-0.279642436836337,0.117970821350019,44.95,0
67644.0,1.36490249493819,-1.30334880022645,0.0532661970598668,-1.35228965202756,0.557221621444274,4.38208385097677,-2.13254118818376,1.21842142773014,0.574002987542519,0.320345227490796,-0.929143877990906,-0.25154159808083,0.0011052012879864,-1.25869971228095,-1.18796587938582,0.8839642265837,0.390571491742298,-0.922848416646507,1.36108248330718,0.157127646238698,0.0868107494560983,0.461751908406425,-0.127692717790257,1.07473112647916,0.640309245372513,-0.0304810022022647,0.0886314279862839,0.0206570405958978,4.8,0
131170.0,-0.636349086317685,1.59361727623327,-0.392768952042391,1.00222300580586,0.576685436513479,-0.821565417333888,1.21415666086192,0.0349832673825418,-0.883892511860421,-0.151713275329164,-1.0854708723842,0.473434422577544,0.599060710522963,0.60824481492034,-0.430115650248254,-1.13004618175752,0.305263611957963,-0.430397970631894,0.750928581612091,-0.0394839199987066,0.172334798955039,0.72739182438989,-0.173536444599634,0.0247919533475902,0.0823272964983653,-0.3848749822418,0.206971018693593,0.165384816073176,33.09,0
164384.0,-2.49389184481225,-4.25028874670939,0.186477861848498,-0.108298888210837,1.19127564360611,-1.46610798264517,-2.69185208704333,0.867139802688481,0.598428411003594,0.0016857697458472,-2.92580020610745,-0.0452969884966219,-0.0076036713773452,-0.414842501843897,-1.40044926380865,-1.07572345111201,-0.103140392684621,1.69915607646073,-0.721987556223438,0.382793004265189,0.147599325026418,-0.222229075230094,0.529267394983021,-0.702034335179013,-2.41989807350641,0.172701295699037,0.335002827691014,-0.25395695980223,60.0,0
126488.0,2.19356662547546,-2.02520663551827,-1.07992114681932,-2.56027504923864,0.219374416452937,4.1671284783321,-2.69796147770607,1.16670528133988,-0.591421239031604,1.50593477444238,-0.3140815852572,-0.696419293360134,0.616911438330221,-0.841211248828338,0.907535453484781,0.0872940152609088,0.0561132740043261,0.535829551879133,-0.716740384745554,-0.316798461121036,0.0695360668784049,0.638465380087661,0.308144931116153,0.695711731912316,-0.495422304537797,-0.0713055639622558,0.0999294512752777,-0.0310945466214959,19.99,0
163259.0,0.0874727611237169,0.90927346763229,0.0164703212687783,-0.754644407120664,0.810818536924614,-0.694050065183303,1.08860654378189,-0.222089596000309,-0.150181461440406,-0.444722078465158,-1.37527064096314,0.436224094853042,1.12593692009372,-0.126562265058794,-0.461606555821314,0.0630128396142448,-0.717162152679512,-0.64274229352612,0.168352193253867,0.0587947115661587,-0.291519770547488,-0.617339249038087,-0.0149331014277976,-0.635116502359078,-0.361228651197063,0.177626376303914,0.250916102119816,0.0928679239000881,8.99,0
54505.0,-0.353792108304488,1.51225588621734,0.569442245850831,0.848321656233073,1.09054794510436,-0.437076206003275,0.941752422539719,-0.148977605451128,-0.921002632223538,-1.02888097646847,-0.684509620092985,-0.310181737376326,1.02828034540524,-1.6272788879046,1.23523102305346,0.454574015189929,0.769429539815433,1.05686130759534,0.592025410660823,0.167693880858266,-0.0322122206561078,0.0041615323221146,-0.463040297298229,-0.687307871850703,0.375869881460105,-0.191767796214054,0.137672734335323,0.13970182930052,1.0,0
156400.0,-0.80979435263065,2.0452094056143,0.262007147792031,2.69130166429368,1.24495082753592,-0.734439943286416,1.44785361680134,0.128939795728379,-2.65611746455499,0.505990609881445,-1.42318246148912,-0.757556859573535,-0.361844688776046,0.99514683492409,-1.02180147976584,0.595683831526976,-0.587684339247702,-0.411222350333684,-1.52028786992833,-0.30374570126853,0.196360433625629,0.299614489603399,-0.364573105198489,0.0253141894047209,0.45341687508354,0.0957725187442181,-0.0946370267257854,0.038252496412702,4.95,0
46114.0,-0.357340937164427,1.1210127932837,1.70401561622091,2.78148181024631,0.708341492113481,0.368556720915714,0.614527871501199,-0.0284766501934584,-0.840408030235664,0.0529531535929625,-0.422489114004626,-0.267767812472486,0.0409924662884822,-1.56098959623994,-0.223317002000879,-0.424788784498939,1.25083034280226,-0.230035594036827,-0.0162871371802717,0.134260137390314,-0.0352019790103317,0.297699228700846,-0.191474546210454,0.0188525713017959,-0.277850724924241,0.149189512760048,0.0188511468644784,-0.0509728241228639,7.6,0
119747.0,2.15928314729477,-0.955954552177125,-0.893349444770019,-0.888691117087821,-0.772185913472044,-0.492934289504918,-0.832810752876905,-0.0888124226389076,0.0089709534235756,0.74446339708542,-0.874825316443313,-0.724095417522726,-0.231544723632966,-0.274429130498393,0.166208945866783,1.00693090318418,0.25068617888808,-1.37827267360311,0.534939165368286,-0.015304986881347,0.201236424415604,0.570519222876968,0.204156109398835,0.685223004166524,-0.148319165114641,-0.206783441101668,-0.0110807448419613,-0.0444275787966059,25.0,0
87.0,-5.10187714438251,1.89702180383666,-3.45803355505567,-1.27754276611629,-5.51775792247239,2.09836622063034,3.32960344883519,1.25096633414932,0.271500549724784,-0.305482722468726,-1.47338307942627,0.272913238050306,0.649418935168229,0.899810726121981,0.874542742818783,1.47175273507882,-0.144793356897002,-0.725518954658766,-0.698935585089018,-1.27047801350269,-0.871743638420889,-0.67887949744918,-0.555899892854463,-0.761660256352362,0.0666111325203478,0.767227442874053,0.731633869437517,-0.86030977828474,919.6,0
68723.0,1.25564137491212,0.32769393537623,0.298430173504053,0.697195175226107,-0.404280862008693,-1.08189936725958,0.0625371278470793,-0.183395222380029,0.0871260853709868,-0.272155904277378,-0.127509942488437,0.0430310239361874,-0.135125840932336,-0.215597781689201,1.13357109955648,0.495434908165103,0.0154342744309161,-0.254916048129999,-0.196101886937678,-0.103499196614457,-0.291626668874279,-0.859556551920239,0.13353805478359,0.335494785200209,0.203784109152449,0.0955920882387845,-0.0254695275062641,0.0300831264974462,1.98,0
158360.0,1.87610512807269,-0.55499874440126,-0.700486072078729,0.0488308980503552,-0.193894740082624,0.222612456007473,-0.471686073700197,0.0998048714890801,0.670052464937314,0.111463000095894,0.63326857247135,1.28355657667169,0.846246304233691,-0.0256459465148765,-0.179096340017447,0.739878553539351,-0.972558410963104,0.0978289715314756,0.40837706137538,0.0443342684312173,-0.198119668597973,-0.656122654772578,0.343758110967488,0.289673117954476,-0.599613647673859,0.197204324124798,-0.0566143328720231,-0.0381223897983439,74.4,0
114123.0,-6.48279768992987,-9.47878523108201,1.43123501538262,2.23395649928473,8.1821774419749,-5.62559659113973,-6.13824524029708,0.901045073055241,-0.316385685423391,1.19068889412641,-1.41982951310561,0.237416022306508,0.529373748008361,0.290621119714798,0.850876517536061,-1.41900622171151,-0.275551641603973,1.83718901149668,-0.973598371911203,2.05033084680172,0.454844781179946,-1.06940286257794,2.20790566579381,0.511724631244754,-0.796513802342363,-1.00905728665105,-0.042970340349087,0.451909003620261,84.0,0
15817.0,-4.64189285087538,2.90208643306647,-1.57293870931742,2.507298518227,-0.871782564349351,-1.0409025722626,-1.59390073966645,-3.25490508581579,1.90896268593707,1.07741752106048,3.33850216040272,-6.54261034532574,1.09953638182128,-3.26647554459315,1.01472790444294,-4.84238307827835,-5.269876299726,-2.34466857415508,1.95922405409272,-0.465679220344122,1.96359666634146,-0.217413915973245,-0.54933995583883,0.645545202036521,-0.354557818794591,-0.611763845006479,-3.90808047547799,-0.671248265147117,11.39,1
54103.0,-0.890607955309786,0.844106368051315,0.480344380476867,-0.353935251088765,-0.468426452408505,-0.826162281228298,0.797283173187044,0.423747394812999,-0.430686872162976,-0.577592118926861,0.700642882962164,0.378033045250165,-1.3588680311484,0.790972078338325,-1.32014034151135,0.141259388687231,-0.262416651607458,0.100928801298965,-0.300857676955361,-0.0331046122072868,0.181619598112549,0.377391550710916,0.170044581951126,0.539326925476894,-0.40792726069873,0.266241865677633,0.187224788079095,0.166495167920002,94.23,0
86505.0,1.92773037467621,-0.125377021398516,-1.6909597686459,0.494103817384717,-0.0120569923759227,-1.22328696615308,0.169894733054277,-0.274610969114408,1.08595496042272,-0.84942412840802,-0.678433387065379,0.0720391400989201,-0.47382968200488,-1.37007739361582,-0.074989238911007,0.0436506196399414,1.05057472793614,0.11364272543152,0.164553867642137,-0.0964395562546919,-0.227831240047324,-0.526023085414722,0.125661647138188,-0.232944883902828,-0.0765134925317761,-0.0860073323120018,-0.0192808676861037,-0.01417487363613,63.22,0
132587.0,1.93780095185488,-0.110550432613652,-0.32394579353683,1.56023284361165,-0.33311903552578,-0.278312055378326,-0.194726231874423,-0.0583666360536715,1.10905112277679,-0.0257309360373838,-1.34927996097462,0.963661375725635,0.3386402554155,-0.379473189781325,-1.26313471477392,-0.407994779951659,-0.131232706133993,-0.90071186471141,0.262646825316449,-0.249043798048453,-0.525874061360624,-1.19443887220023,0.410602340632796,-0.180676837928518,-0.282949685580762,-1.10024874057505,0.0573203476845681,-0.0298984587487587,11.35,0
41477.0,-4.36639569183352,3.79055187954944,-3.52474633261374,0.793358598062811,-1.95731048788268,-0.686045544058951,-2.03826712228026,3.34686065967485,-1.00034819920764,0.400498861467303,0.137405349342,2.20232293971959,0.905318050034347,2.67319211502804,0.012904806643805,0.2975603781003,1.00750796881821,0.170650799375162,0.27478443508864,-0.348672901037309,0.384284187792531,0.612029922288174,0.525805318227107,-0.295863218632167,-0.322851448675117,-0.375832646795239,-0.344402537278506,-0.0903414070785196,0.89,0
139955.0,1.89355247035394,-0.472441980033139,-0.95043190142241,0.442559157234476,-0.27149769661905,-0.381548051462325,-0.229615457261881,-0.0007546489048951,0.664026252366134,0.25614950458395,0.454300343102948,0.454697903875224,-0.895284723522247,0.499574397807444,-0.266482109105914,0.36047693375682,-0.677903205833432,0.238707211227709,0.19350626656228,-0.154378735739586,0.0228740169295374,0.0331802020051877,0.139469576678289,-0.397272626358449,-0.253867052052063,0.229696152537415,-0.0567167872098695,-0.0598630312340711,59.95,0
12576.0,-0.845085816745363,1.74471559035686,1.39142420498225,3.07552504240876,0.044355857034608,-0.0522694973096709,0.65919171248206,0.30761471859981,-0.800642404686036,-0.0287949376257398,0.666564044838004,-3.15958699763997,0.85106355995034,2.49076265996454,0.538425280751313,-0.670146781842586,1.52942324898709,-0.251957584348517,0.271748874211616,0.0019180748313547,0.0083876211187222,0.0500000512629986,-0.10912114993496,0.32798410534052,0.304460861998441,0.327583821913901,-0.109632182252403,0.0079355589434144,53.73,0
36989.0,-0.408969809415366,0.583865545080633,1.59791022596523,-1.10415654348241,-0.555816376341071,-1.32568000306884,0.434187981082198,0.0206884396251387,0.308097073500199,-0.617178689002857,-0.42156558266897,-0.693275833317473,-1.54935395962226,0.235909946512777,0.65724628502838,0.625296554368335,-0.488925969374972,-0.29436707715688,-0.874371963362208,-0.0877660414498216,-0.0996004388551829,-0.322703805985536,0.04174740248512,0.711260329378624,-0.346850286870453,0.707472934568264,0.16546441944358,0.0676615298834408,5.76,0
148186.0,1.94415509968091,-0.441377430527929,-1.76797611705159,-0.762228960268705,0.962848740639439,1.05174199901051,-0.223040274941879,0.256341265804955,0.155704108881177,0.0846035346088053,1.48048177795459,1.23847922491058,0.639451042860188,0.514476151563576,0.807246032977103,-0.546656444014458,0.0359752286853116,-1.28338483864134,-0.733573443500314,-0.151994304694573,0.306968918871188,1.0386385982695,0.119836124228952,-0.602293474025985,-0.24980248478346,1.47361100245457,-0.0920816145701873,-0.0948149421314184,19.48,0
55051.0,-0.431917549097923,-3.82617359401356,-1.66583384524186,-0.0122008963180461,-1.31778756575902,0.027159062801655,0.920153007161251,-0.368210471377381,-0.513857848785114,0.164806414964099,-2.030639485847,-1.84897246427594,-1.33430765984293,0.296206333634984,0.191043844539324,1.14872954893013,0.243560080999133,-0.783388001480588,1.0309382033147,2.03838217960368,0.651034124442094,-0.446450610420209,-1.20760598989677,-0.948705505160295,0.544580824851635,-0.0806790210072311,-0.213853878631549,0.162163060881954,1022.4,0
147434.0,1.93060558538409,-0.169884621890006,-1.23623765447158,0.273591663596736,0.58785915439288,0.377461583603359,0.0089013127417428,0.0709720808189113,0.471077662314752,-0.104083436051888,-0.0509879782893723,1.07021372943984,0.629084953177989,0.19448637919654,0.520557863916796,-1.22475614648523,0.653052255978262,-2.41428189706949,-0.935507826090437,-0.290825517105413,-0.157404571570713,-0.126404593725708,0.365229937848711,-0.999932644233222,-0.397615927822949,0.372201472637787,-0.015017138340031,-0.0738013999964219,1.0,0
62457.0,1.05981602766729,-0.227303196540109,1.10476663140998,1.52993562721842,-0.499506565207348,1.11029807127423,-0.651671764584972,0.459543410967227,1.03212849397108,-0.243911568765096,0.277497129135775,1.49948756727306,-0.412572982511139,-0.542078912754446,-2.36714521597336,-0.848854009234157,0.411043099079616,-0.736751952318094,0.588583880438092,-0.19474322003684,-0.386775860772733,-0.677223342350199,0.0329355701320365,-0.303969372509806,0.435540404631013,-0.506418896764658,0.086276737766964,0.015002899938204,10.68,0
102972.0,2.04062923682037,-0.076810615510435,-1.09026240491885,0.412182657630601,0.130128287126536,-0.551209132519181,-0.0979326643952749,-0.163452720396944,1.73551233598492,-0.108688009611671,1.43777441910576,-1.99333821149809,0.74128703267959,2.07628464594413,-1.21776622026367,0.164037806034109,0.158781406341071,0.056203993560255,0.317215197117596,-0.310036532352424,-0.419158725855647,-0.900107962523258,0.308113506410703,-0.552945939100598,-0.345437600830069,0.172885484911491,-0.104838715376065,-0.083128507947013,1.98,0
130474.0,-0.301502864722434,0.604028206590689,-0.0676837777825241,-0.450045877839605,0.662453025188577,-0.28237288040918,0.964187274820262,-0.131714780921348,-0.258089365199714,-0.0858434134269751,0.597973821193054,0.51363748576148,-0.531461381077219,0.401544047067065,-1.06760868368187,-0.249421920859943,-0.403987584389277,-0.107150038124181,0.827500262008251,-0.188593974164311,-0.0313897865889091,-0.0843849974041317,0.154368610079882,0.77837100229674,-1.21064548938405,0.0963647952887572,-0.0665774151847772,0.262349712221929,55.06,0
43977.0,1.15944894655705,-0.163749553045151,-0.124751679100042,-0.0506430791315685,-0.316331911623514,-0.819291217075204,0.186715669154801,-0.0776383925971705,-0.0801558096506824,0.0496403874052739,0.995395975743696,0.0369020285702474,-1.52608275603635,0.921038633246826,0.35091431813108,0.489331838515054,-0.482603749044815,-0.206695400422264,0.683579821783439,-0.0241854303014796,-0.393806923679205,-1.43874303970298,0.119773280513316,-0.0150450447730808,0.0393944135296827,0.623426763769005,-0.12707331984609,-0.0021811559998089,69.47,0
39098.0,1.02433440035469,-0.726312275744261,0.918294001501326,0.133059298939346,-1.11330553180092,0.140535499553746,-0.680707495114941,0.227036555660704,1.03487176307093,-0.308031465444499,0.523113379119709,0.891482961464763,-0.540105290841839,-0.258817792589094,-0.913713522067486,0.207597453664869,-0.195175737359038,0.0433462336422512,0.856055065542014,0.0875288699374634,-0.157345604935867,-0.447250756331941,-0.0438878311069293,0.0624556622912782,0.101518022753566,0.93840860001532,-0.0575196503778114,0.0147155170150693,95.0,0
65900.0,-0.988354553007259,1.19213353386381,0.127074921618029,-0.204686677141256,0.652514501838646,-1.01190629699256,0.492926722422617,0.500341277689047,-0.966832457470957,-1.40552630375985,1.73470457543631,0.214826706906517,-1.02549887232061,-0.710813592477846,-0.164020891428628,0.70954851674793,1.07193394184424,0.47978193609393,-1.10120320436529,-0.232647941951401,0.118165449577318,0.0786715071070476,-0.0914918333525791,0.0814024102647993,-0.366469862458891,0.139902650493574,-0.0186451353707613,0.0622250529259828,0.76,0
43385.0,-0.582933686396165,-0.04273838549088,2.09434600269863,0.114737231276455,-0.236307780416049,2.60966806353849,-0.437217854972617,0.91322863317839,0.0596317914252669,-0.505633897317661,1.58403407518565,0.556657923014841,-0.733032848228623,0.025056622619391,1.53639763257664,-1.50836060668482,1.43882815245791,-1.22891305097974,0.900698612817085,0.222599677043675,0.157407253758799,0.634584231027437,0.152785562897511,-1.28187315776035,-0.784079979032566,1.3525013068222,0.128831244038847,0.0893684267843043,84.95,0
155597.0,2.18962191240735,-1.73901389702337,-1.24168730484583,-1.87658275040366,-0.840421816026225,0.540555376550942,-1.3901440264645,0.130368755321943,-1.15800387516454,1.69566871233494,-0.35340635187714,-0.737031602868774,0.0555869445559521,-0.301662684356039,-0.535584850103527,0.0727479572736008,-0.13724940514815,0.882326733284626,0.401829930059607,-0.273154331798364,-0.131152419784706,-0.0756222081996792,0.10648875643407,-0.442399058848454,-0.20641158017991,-0.162344940784148,0.0041920881913232,-0.0491885890681988,79.0,0
64777.0,-0.877937381072487,0.68110208569985,2.62527028367965,0.0200405773890803,-0.611967935080257,0.0279641761083376,0.136372505046175,0.164898283554206,0.530425018929179,0.155981740982062,0.998357087553603,0.429215480660901,-0.835339882984926,-0.473356487751115,-0.585823752164259,0.0870816953318143,-0.389755613035936,0.407293726868449,0.337697475510997,0.279148091758887,-0.0859018307712368,0.197404962000837,-0.176845141547658,0.557398604126437,-0.12239837131088,0.26133873895176,0.274056964645008,0.0070676216357279,11.5,0
39490.0,1.27084388805888,-0.181031439629453,0.523939549644162,0.191946759812678,-0.810300320769807,-0.77252072035799,-0.236078542157882,-0.104521342831913,0.850663128891793,-0.345649346647378,-0.779382140774131,0.237120888346304,-0.513045181825131,-0.140856803346762,-0.253016450332787,-0.345753901958804,0.216543547695117,-0.662082545035953,0.464330609899193,-0.127828292180336,-0.123630598024904,-0.118565282852947,-0.0486185823286166,0.486605755789742,0.429914888948382,1.11342089466033,-0.0689725912135586,-0.0018602338576449,1.0,0
57837.0,-1.36175281230123,1.74174969311649,0.410077621291491,0.973518190666405,0.0831048916442293,0.400497361759954,0.120419351759762,0.676234935479662,0.311681413741384,0.632677979090224,-1.61427567670579,-0.433735395940089,-0.891961967522783,0.256227432687918,0.388489309338871,-0.872808560446344,0.520304559491839,-0.303899988353706,0.955943111715021,0.345536726340497,-0.158000040374516,-0.0338221188351693,-0.15185271430096,-0.780407553197585,0.1714425086196,-0.150725526683042,0.620947768762616,0.311129494996901,1.0,0
60466.0,-1.09032744402074,0.895650584254481,-0.0784394822087094,0.343992178402334,0.872591070472949,4.42955655595327,-1.76975514913339,2.1860513103671,0.509332272290838,-0.117925903891624,-1.1401367478531,0.316890834394674,0.198228684898082,-0.0007105444576728,0.472946977894832,0.314421941144303,-0.173133817060415,1.139817109878,0.907689787471456,0.185026936027125,0.301953916203869,0.964440610790536,0.0371100903225122,1.03735287125175,-0.690295575630974,-0.180117165333544,0.44138252844245,0.217740394338919,15.0,0
142634.0,-0.810772349617469,1.08403815445354,-0.0601603040387395,-0.678455390477993,0.292918236819522,-1.28225212972132,0.872455309162675,-0.12965536760037,0.694390942538734,0.560402907801025,-1.00646826772023,-0.334832504037169,-0.932912560928649,0.0825105658759166,-0.234948957913089,-0.0991055006778036,-0.385278516748072,-0.684115505077708,-0.151432025080256,0.205681571990913,-0.392518131532564,-0.701275322217207,0.222666553418011,0.002985993386853,-0.333379695358145,0.161969024461152,0.580303239668008,0.301980714546632,5.99,0
74217.0,0.553742993297048,-0.168241190145911,0.648609719509585,0.500648029734592,-0.662851749697948,0.770640414525832,-0.0051246574520869,0.363256565103297,0.0441310718280471,0.0057047506879806,1.78377961238513,1.13881064179228,0.530719640554123,0.0508691691651807,1.07506747525361,0.0178186738951722,-0.140621729126045,-0.321059751403981,-0.327990469951729,0.168813279753275,0.248343432340447,0.607412681929134,0.719164180325338,-0.289095626775829,-1.33950648356667,0.268008181861551,-0.0482353349053665,-0.125390921256051,133.87,0
53029.0,0.378609049535018,-1.88341513488556,0.0901784078784213,-0.0049555634148634,-1.32349549750059,-0.0535708029186,-0.0710598783638409,-0.0150188657691505,1.73898930023781,-1.004611480079,-1.46603807138423,-0.232812981210444,-0.864472442356885,0.0717313241393646,1.34657949329832,0.0924580248141867,-0.44598129465077,0.809238568995651,0.410074450569791,0.788317534702767,0.348953217095567,0.140986455350019,-0.62366736262981,-0.427941230299617,0.487944801769974,-0.414146280862657,-0.0119148264728144,0.103968958976238,472.18,0
150581.0,-0.0886133127884233,0.0563377475579013,-0.722440471706172,-0.993244020744481,0.576067129250614,0.0368165053077294,1.68360984034958,-0.120287664396247,-0.28350158738557,-0.779518499394658,0.243757149414178,0.520067959672012,-0.187420808487836,0.492571488864681,-0.940937244879437,-0.0283998864527346,-0.802743398188684,0.217415102503174,0.502033644547998,0.300124894453228,0.0579309087404176,-0.178526048330539,0.383990992663144,0.169722141529556,-0.0470293103999955,-0.178493040391107,-0.0919864487517011,-0.003652623438908,209.95,0
116452.0,2.01198976732878,-1.54832448800238,-0.299211366968411,-1.15766470479513,-1.08431596653122,0.969430098511759,-1.75337608952772,0.379414046283218,0.472022396548262,0.820183404173742,-0.198437457777552,-0.29438233105737,0.280720769292962,-0.694906999054854,0.0833012102444778,2.21680271858724,-0.750638238990756,0.246983952695766,0.865150923176913,0.1979747484895,0.44311423203549,1.13370686935059,0.022639548583036,-0.319326045711969,-0.323211691423982,-0.0853256290592026,0.0303740311169882,-0.032702786081325,85.0,0
130010.0,1.99663077167215,-0.892186002505207,-1.60616884085477,-0.530840599260562,-0.0943309558242441,-0.0634997640083808,-0.304622195412789,-0.128646612257873,-0.610605925296004,0.891345962381469,0.35639791381531,0.778885411708887,0.786225732675527,0.297170964853762,-0.254016689068127,-1.5120092423972,-0.581679614821223,1.89998360424652,-0.601727955663997,-0.399238262449028,0.0271252431107732,0.528681517587149,-0.0776789463034122,0.246338486857417,0.237779481573305,-0.0495366316715778,-0.005952179898677,-0.0463380180772878,89.5,0
154392.0,2.03154367297901,0.268025082835683,-1.60889634126965,1.37019180692944,0.511686637941719,-1.09508025053525,0.684426111197537,-0.448856445187718,0.117605039308201,0.240366598531412,-0.935191840405994,0.613219274200191,0.336252119096595,0.413097026322699,-0.577754844200187,-0.746245531296029,-0.18573403279607,-0.709356061404932,-0.20148560908052,-0.259285766290402,0.0528493510125587,0.408693929692787,-0.0187281813752736,-0.0620962912941427,0.486845237754914,-0.487208524950655,-0.011157784739802,-0.0612489321753554,9.9,0
62043.0,1.37455033229212,0.0329833599580052,-0.0590040842625064,-0.30732504364459,-0.1136462098151,-0.575751199093919,-0.0361869816354764,-0.179718320882662,0.297687060671379,-0.19233512347423,-1.09269964308883,-0.0413303926055182,0.429382372025698,0.144671943230669,1.19293308708626,0.542150269773475,-0.678339081039591,-0.18861342214459,0.450174277899711,-0.0316970004202188,-0.175895637351549,-0.470873897318771,-0.0779729687873766,-0.545977844773056,0.381039540735539,1.02227351224601,-0.0837230405331029,-0.0065845955857671,0.23,0
152197.0,1.82422209082289,0.448988773138391,-1.1069784695555,3.80441670857122,0.552343380199098,-0.306782885848552,0.529167915950846,-0.111040551289721,-1.25685521266865,1.65089034628893,0.305036945598011,-0.035199146948972,-1.31783609733216,0.822849471801606,-1.96560575056966,0.53306228240311,-0.660766428257293,-0.203009669093612,-1.02946901439595,-0.290811219284687,0.0507408695026982,0.0608488745216226,0.0702170247836377,0.0312256682764572,0.128291250998149,-0.0060676392656097,-0.0804951552954163,-0.0641695691748271,48.36,0
163870.0,2.00640697754632,0.411520661055048,-2.58636916721702,1.22842633061742,1.34477867670171,-0.274603339565695,0.562349700360795,-0.141128129792996,-0.0703530930621644,-0.19336780123612,0.55965696695283,0.413568545804564,-0.407591285550961,-0.804093955956511,-0.960527260430489,0.162321045149782,0.53027155958761,0.756052605949096,0.0942402715788197,-0.177412396337659,-0.0227485486031297,0.0725204885785675,-0.0914813774727857,-0.0954523469233153,0.525627184830932,-0.50128324045478,-0.0092539126616511,-0.0368182756758148,20.76,0
77788.0,-5.79475360619851,4.64531833310208,-2.58641805975008,-1.73930199752511,-2.31344668503662,-1.29458185472542,-1.70595916144577,2.20580646161592,1.10919414012913,1.67987426587841,-1.47263738833146,1.3473296539355,1.36342028969941,0.838760121078047,0.292158830438655,1.05054193528904,0.0405604350694562,-0.35855235494174,-0.714400786546915,0.0716670029631683,0.188247658394054,-0.390024657186945,0.412940186350788,-0.123767341461766,0.237767941998736,0.636581930780494,-2.02876685234119,-0.181067686011774,0.77,0
78044.0,-0.272708000786527,0.209766711267511,2.06592125960121,-0.741568820186127,-0.955945409542977,-0.337445710309848,-0.234272665712616,0.257290859243306,1.36354314528935,-1.23777984713808,-0.327288039238267,-0.366683270099337,-1.87627803734039,0.232641418928353,1.98625625469351,-1.23844175909837,0.7170716805728,0.150751343760397,1.20464764326832,-0.100563131995073,0.13693047174862,0.605658458618484,-0.0533851012651879,0.384910098437545,-0.546904810375455,-0.609184727783569,0.253333534555625,0.164604072263251,1.0,0
34763.0,-1.01003956929279,0.62720514924137,1.76054212066254,0.150187160929749,0.786547572194442,0.273164451929742,0.657462174131365,0.300102879161636,-0.520364001407546,-0.706486254001933,0.53647899897449,0.428749845087638,-0.958495216041311,0.240301903112679,-1.25210055671134,-0.265558535595971,-0.268837470172734,-0.184158359855289,-0.411942649711338,-0.109152943160774,-0.0029668930422896,-0.0288630353462878,-0.339565650075714,-0.318774017515057,0.676689983155523,-0.387426786006529,0.0356473598066922,0.0476090024041982,20.57,0
45172.0,-0.962466119205869,0.509920008971196,0.499530615677332,1.28477043437797,-0.929264570013059,0.459158651366105,1.04028202135335,0.484036114832897,-0.684654484768533,-0.394896802976722,-0.721367172030083,-0.273497730321871,-0.174223788634274,0.642450540615133,1.65825129991237,-0.183473028746388,0.17520834274823,-0.0514360925378407,0.301140360650211,0.635549267890349,0.152048504316921,-0.0378458977410542,0.609316420072657,-0.344571482184444,0.169952290099687,-0.269667057721923,0.0735259450966584,0.0075370300610276,289.23,0
167546.0,-1.47081567947463,-0.551047708726489,-1.32862869008132,1.53987582567832,-0.855020029539148,-0.0348019229442583,0.325563719171104,0.65949235278803,0.145271292867804,-0.408356877980156,-1.76138085766783,-0.428803224255827,-1.03803918279657,0.985651919446369,0.469603027349689,0.21433304109086,-0.0604356882502967,0.583908432391976,0.347345551971017,-0.446124124047216,0.331301775618938,0.787737110800037,0.241713939233647,0.736608015496436,-2.15776744741025,-0.895423978141275,0.433865343862915,-0.172871295902556,332.0,0
161403.0,2.07833594662275,0.0229168113497535,-2.19936368410795,0.933551369828455,1.08424921911513,0.140374312689467,0.323915752201987,0.0006707822879634,0.292128998472661,0.480033865150689,-0.544702849935575,-0.393198474410097,-2.06931384855591,1.03488426392175,-0.888867878978149,-0.124207033814594,-0.668165092809317,0.443362984773419,0.482542261201535,-0.361108371858476,0.0022956825446658,0.0847094482476785,-0.0782849768968333,-0.40620286859598,0.521855853977723,-0.46994513868933,-0.0363249880445159,-0.0807494304490703,3.0,0
16579.0,-0.688407768139763,0.968952979577803,2.90621156497312,1.20485042115577,-0.303493461662946,0.423088201163572,0.167632828939267,-0.0529645251664819,1.59245011273844,-0.450583804746906,0.839519476867414,-1.80844005333715,2.45894438673719,0.611563350612732,-0.20809755897229,-0.861832213639461,0.994991132135268,-0.237680956924435,-0.0657265786498917,0.179035132618522,-0.158339100592766,0.334467702843338,-0.126149201951742,0.363399631408718,-0.133506512741127,-0.383381252366588,0.120952473104512,-0.0495920299497368,9.99,0
95669.0,0.155010607243336,1.12208366673644,-3.41064820290409,-1.16518607905373,3.52503066047825,2.66680805874191,0.763570678217043,0.833621198757219,0.638777077432709,-0.636776448385377,0.462877965810446,-2.3970143481263,1.19307807150726,2.81612239725058,-0.9097664715322,-1.23444633230674,0.678461788131831,-0.0957694930199775,-0.0707348379142249,-0.17284824083705,0.389509204895689,1.48120671190913,0.0179061630551914,0.71655342823619,-1.04092497685259,-0.158422690804376,0.428964158882077,0.318852834026429,15.61,0
70478.0,1.10867066379867,0.0442242057691327,0.0890348139976345,0.676587030729558,-0.490798613172924,-1.43142447476033,0.481471865708898,-0.320465813358732,-0.102651044346221,-0.0696926533108373,-0.0459133297662993,-0.0151538412536806,-0.78237095589931,0.671583263145197,0.831300175700116,-0.0217065396496693,-0.0849617571771625,-0.877230645113057,-0.0339448450706023,-0.0032119548459422,-0.323875879833996,-1.18604849554547,0.127883402020423,0.694802129633154,0.187861585287925,0.112008363058409,-0.0833735526489389,0.0248576977646754,84.9,0
79638.0,-0.671380435485175,1.3157264351597,0.666509053099341,1.08657374884438,0.369790557210714,0.609685668876979,0.285550704591632,0.574904830957957,-0.456115267909104,-0.34198726875022,-1.60487445884107,0.187722137494389,0.469076622206725,0.194311351901389,0.208698467255481,-0.822442165070354,0.410045728361485,-0.360385578698321,1.09487924799641,0.0844011447112318,-0.0539115017958836,0.106695511539395,-0.220396062285465,-0.900363768171142,0.0822611239499262,-0.160119014428372,0.304801622811088,0.132959314838696,13.08,0
45861.0,1.15064061792619,-0.4551484233724,0.798349348636666,0.729792421262888,-1.04918449326326,-0.251358570695422,-0.446215696536483,0.0010798524511098,-0.977390004267657,0.83180794686185,0.996261329724951,1.17714552580924,0.534650687819359,-0.0736247303220735,-1.11990197813158,-1.62972226051092,-0.0244171329962592,1.1762547633533,-0.571968004084578,-0.429792793428695,-0.518600746790236,-0.976545288508929,0.0767288288918599,0.485842274884247,0.342879215765078,-0.545111347532647,0.0530929274760551,0.0333818022180899,56.7,0
124468.0,-3.12590969828421,1.53217470490278,-0.775608790805503,-2.85869424215133,-0.53011050977703,0.48385555264395,-1.47705643902717,-2.70615988747918,1.96712432186144,-0.333965459584786,0.36184586130204,1.27175120342448,-0.353229404638698,0.308701299742303,0.254393721807163,0.0494390150885634,-0.345568387674334,0.534878509609942,1.04665900854363,-1.36720132632506,3.00141415383889,-1.42037821226818,0.591189826296554,0.142025001749061,-0.430187092075567,-0.7303310584535,-1.51270262851162,-0.160721046160031,11.61,0
74819.0,1.18362115371367,0.467555219350628,0.268875632140803,2.43998603389489,0.107777479267173,-0.0576624389206262,0.139083475549558,0.0604458079649543,-0.731606688054198,0.834046481866437,0.423767225960381,0.0054961510312534,-1.27309951493553,0.599864872944921,-1.00614963742092,0.469277088446009,-0.569609570425629,0.171770544970541,-0.288022359478572,-0.232555530178242,-0.0369305269473324,-0.0941787517692446,-0.145186354345877,-0.0187891169476438,0.701833134559888,0.0950992282618408,-0.031639783843123,-0.0037278783422123,0.8,0
64422.0,-1.56200318489678,1.25335367189758,1.13959885516857,1.42462913482835,-0.811832064428846,0.648310991377755,-0.506948195157966,1.25571345487514,-0.393776856860645,-1.18979159691444,0.746111588456282,0.376175676132425,-1.32948249710952,-0.445216003292482,-0.421160003439959,-0.327079475054918,1.73054601518958,0.764228167096347,0.976806766367232,-0.212548516766833,0.121747364795901,0.273592801199808,-0.227570701784181,-0.0587729306222306,0.363753398833878,-0.0875240041911355,-0.211862588697444,-0.0792821212587489,50.73,0
68357.0,1.23260446981971,-0.548931183157109,1.08787266901823,0.894081819978967,-1.43305489904701,-0.356797142170886,-0.717492197160233,0.003166531089953,-0.100396732730679,0.54318725600578,-1.03941706835478,0.285261608751792,-0.206006567752438,-0.498521775750102,-1.06410845071827,-2.1560365431533,0.564761098405632,0.837856659648528,-0.728989760343786,-0.576274061414969,-0.448670516618872,-0.517567967949267,0.0128333352729761,0.699216728009832,0.527257980520248,-0.322606503047991,0.080805437438631,0.0354271820131481,19.59,1
47359.0,1.29088012373816,-0.786296614066514,0.144814670046383,-0.663218229166975,-0.717947701000413,0.0808294730446882,-0.673956965398456,0.147732549040981,-0.601681515002962,0.652555207913672,0.834319785702782,-0.249182590439724,-1.06474685379033,0.0054963738481961,-0.874657873734669,0.523016218189903,0.685675267135789,-1.46682648243802,0.992340924900406,0.0187345274553968,0.11365053740437,0.327407273103338,-0.138277611030522,-0.284680543402046,0.584359220448246,-0.112507307544915,0.0064754900895125,-0.0061220125967772,35.85,0
58461.0,1.21769574060989,0.107693323543984,-0.062966576753001,1.00452568018299,0.43025175392527,0.788333355665216,-0.107869504981374,0.239859504472646,0.20018714771972,0.0665042764969217,0.0198582875927903,0.524887701420171,-0.593797625486413,0.306523256625494,-0.647143252490219,-0.160702727978493,-0.377894169953333,-0.033113177197052,0.367618890311849,-0.194180883929682,-0.137874207160469,-0.201385968697694,-0.205806953930967,-1.1570468128518,0.771540335085264,-0.254549227749974,0.0322238027610536,-0.0086339695891874,1.0,0
8090.0,-1.78322883722709,3.40279371307631,-3.82274226552205,2.62536815276644,-1.97641541136284,-2.73168901231308,-3.43055914949085,1.41320351399318,-0.776941494554916,-6.19988176274188,4.36671348631445,-8.24326243368313,0.345761165232579,-6.59055029705192,0.265576095932165,-3.02845238846152,-4.21448627485607,-1.21360784773725,-0.265421595374812,0.364089115014408,0.454031931736316,-0.577525824201459,0.0459665375362652,0.461700017592254,0.044146161217817,0.305704433918549,0.530980986346765,0.243745598122111,1.0,1
137211.0,0.630578744212506,1.18363142021427,-5.0662827181354,2.17990251484867,-0.703375740890159,-0.10361428842267,-3.49034985781286,1.09473429241599,-0.717418480774938,-5.17993471366321,2.86702850008408,-5.25999613299847,-1.27715142230195,-6.98927231350758,0.690009613250389,-5.49618760977607,-5.99533723596091,-3.9905149275795,-0.167199797868911,0.357369307955279,0.621621663049365,0.0438073846680806,0.102711029430332,-0.601504870194403,0.127371352545737,-0.163009126463793,0.853791839587473,0.356503102101233,39.45,1
123046.0,-2.17014625021816,-2.38571989448981,-3.01787180051266,0.318913000115738,-2.87497038168835,1.35113481251352,5.3002685537872,-0.139426906832279,-1.24884487148917,-2.26424153318537,1.05283108841586,0.70268256178675,0.784346226983338,-0.547238425281949,-1.12846227642727,0.793267478666577,0.351424881174205,0.860503157349917,-0.367659391154301,2.69005892175525,0.742097334102812,-0.264782847647969,3.29678872394384,0.524393389508795,-0.342318922552734,0.0558472814593912,-0.515411116044687,0.149688402117481,1331.37,0
27467.0,0.922372655104787,-0.881105849060989,0.959607392004538,0.378049001451704,-1.40738037680138,-0.348917189892065,-0.500883663015441,0.0546359702273129,1.29229227703753,-0.501335590240831,-0.908925587364047,0.215490279186159,-0.688365912672461,-0.384413535506234,-0.20844102853751,-0.0683890796263201,0.188674325015798,-0.524262973912612,0.422432492272795,0.182349313439183,-0.151301826873292,-0.547894675124615,-0.0428058918208652,0.461159934497812,0.0581517066344495,0.928504538536619,-0.0664558788968129,0.0389493654581638,157.88,0
151805.0,0.143092214612952,0.859824029700937,1.17460410081763,4.6565465305145,1.05081817083939,1.25588118812056,0.533243013469902,-0.392394856579623,-0.840677151521334,2.07185025545741,-1.49076265831275,0.107852566727063,1.40883487194574,-1.10288282699161,-1.14016885167828,-0.999583885924065,0.220393424687619,-0.165519964785139,1.50319067043572,0.259531044567474,0.179164467140819,1.26724600096708,-0.0466902109255442,0.751331461439751,-1.37946082186354,0.249604546050558,-0.227302300535241,-0.0667450931858198,25.02,0
149737.0,-0.0167153961626357,1.283553199156,-0.576446214757919,0.846671212416211,1.93096585979094,-0.0240009401030098,1.52717659140853,-0.273246292720829,-0.926615138785557,-0.453200924135444,0.674213525155025,-0.143033502331525,-0.629301737050078,-0.981031625832903,-0.712546948149864,-0.439338324410032,0.839147160769898,0.988128385557489,1.05632469136393,0.097285083361147,0.0357905193215999,0.396700555146647,-0.40874394048071,0.104002144055414,0.107402539783313,-0.420126382808128,0.0204873451307095,-0.0304001150835035,13.58,0
160710.0,2.20707935600171,-1.45308736637578,-0.569077391622961,-1.5145987864084,-1.57117323914507,-0.738415901032506,-1.20866482118849,-0.0454349017455239,-1.25782744281444,1.69234928736895,0.66952859026516,-0.37895412869842,-0.654889817572261,-0.0824082575786571,-0.986826051454693,-0.328322852790126,0.412867098498466,-0.0417183890860274,0.401520962909794,-0.481666660758773,-0.592917222099893,-1.33794234463881,0.553794384261765,-0.0447401521359365,-0.709147596967344,-0.686398003695807,0.0090142449180215,-0.0485830378863556,24.99,0
148288.0,-3.45660723533312,3.13894763041827,0.24309702747544,-2.3072520004947,2.39407838978815,-0.489390756910161,4.22412011663147,-3.75365778747774,6.39373278818603,10.2778511877726,2.67925532204572,-0.603239050968057,-0.0106762187615692,-4.72288963413321,0.662389574687276,-2.16135549936261,-2.85153214043031,-0.226807687754496,-0.11794242381922,3.67380637595143,-1.20877283438945,1.57748905764101,-0.50457165550121,-0.420693393094447,-0.230237587199827,-0.729120561471942,-1.26897894953628,-3.31749372209678,0.89,0
147552.0,2.19334139422481,-1.48859833141785,-0.731134268844027,-1.51865661990111,-1.50924771860057,-0.765469825561757,-1.16544998674811,-0.122748978649908,-1.37202985998006,1.73587080764063,0.714424704205296,-0.24293675532989,-0.0629046329065751,-0.162105768610969,-0.847205699082906,-0.373159980849402,0.308390386516378,0.380900670050421,0.106182273843709,-0.410912362516114,-0.125724626666883,0.0560239649000279,0.244543257490343,0.044870586108386,-0.303886749415503,-0.22817694401982,0.0048195449781513,-0.0538749311903162,39.95,0
106511.0,0.0455445799842334,0.941632571346497,0.425660819674435,-0.386352801103151,0.463931691094441,-1.00731250438459,0.863095555333286,-0.230330107395837,1.32395312593308,-0.772053754180712,-0.0236838058305578,-2.64571282167965,1.08792520589827,1.66312179709449,-1.03256372394262,-0.155285806559012,0.412045920971108,-0.496655687336305,-0.35474642757437,-0.130397122349742,-0.413353473674983,-0.779149562193746,0.0884546401737851,-0.0961261521800626,-0.547481535154409,0.106756502061205,0.220960427688436,0.088971654549672,0.89,0
66147.0,0.912686423273783,-1.09355015676977,-0.360676171233489,-0.924173196910878,-0.37911490699121,0.287042337580472,-0.168244426495848,0.092799464602913,1.83342955594854,-1.15652175647845,-1.65233403014742,-0.255194185742183,-0.993059497352802,0.24562422681083,1.56577558265589,-0.494552286029545,-0.194386040438252,0.215911707596725,0.758666169820739,0.241937829372801,0.0469141716973973,-0.11020963782761,-0.418423330391686,-1.31341221539007,0.673201829598755,-0.528558187787035,0.0390980521719885,0.0435581415060364,215.63,0
61130.0,1.08894898762694,-0.435068849800812,1.18515527507124,0.721815282764263,-1.05377163287591,0.439501840030784,-0.959493793044946,0.490166918334549,1.01802689612022,-0.0485814724461401,0.789851371368027,-0.0184179070492647,-2.37583136760372,0.279343428949498,0.0060590402835462,0.176686764752913,-0.0153367739675,0.0963547155120998,-0.0934007846326814,-0.264246528474088,-0.0377249185635324,-0.035019666243756,0.0738943228416269,0.0031721029701606,0.0725995222934072,0.336299991672628,0.0139147002555927,0.0091902834770557,11.5,0
153641.0,-0.724219649022722,-0.186003408695044,2.12912640224743,-2.10892492307761,-1.14728764815791,0.222105278458443,-0.784796668345881,0.506472365703502,0.370185108379889,0.210300720789673,0.0768985356174801,-0.363085967939782,-1.28050629986645,-1.01662570142021,-2.29625126429136,1.20454480835028,0.1101578013217,-0.722080400580453,0.294449875316198,0.139305442723516,0.181528721195224,0.835883032224068,-0.169041305380605,0.0119307740787025,-0.316048221720547,-0.299627745665061,0.532614774923738,0.264873070222993,1.0,0
133716.0,2.11015315803302,-0.388982170456829,-1.21733648394083,-0.646369345455062,-0.185086723020709,-0.808985073842441,-0.179012925544049,-0.201486559454699,1.11872232961722,-0.249262197839668,-0.862160885621633,0.287276909858243,-0.0470311031050051,0.145510921421983,0.502148389337091,-0.0902336223763423,-0.302317831718128,-0.444264411969762,0.394125618859215,-0.1682360152826,-0.0552167047878956,-0.0054752152939821,0.236743230147988,0.725201426214815,-0.20909689022537,0.77698253168858,-0.0904445562680407,-0.0615369694429246,1.0,0
77059.0,1.2920622308141,-0.812594663986813,0.280547726042001,-0.67179027014826,-1.03938104227194,-0.42348124355377,-0.67085627324087,0.051045381894276,-0.600115971065394,0.730809226764364,0.697356093544163,-0.628914201266126,-1.42427858981221,0.14541346661581,-0.548709123809112,1.15306704767019,0.239297379127887,-0.900477620188446,1.23006353350221,0.0729298490412367,0.0136376184051472,-0.152407676167089,-0.0687799958484499,-0.0156884885244162,0.424029909428732,-0.298365431888774,-0.0124613035220932,0.0065967967059502,55.5,0
86984.0,2.06109595164013,-1.16437371905149,-0.599700796953025,-0.924779292194412,-1.04812892825627,-0.265199187588079,-1.06850718629428,0.0343439261621088,-0.0745737837776942,0.891978139058295,0.594680325235245,0.0102075065971748,-0.0231457466645286,-0.252648005702672,-0.430730794758597,1.39598514794541,-0.163234994599808,-0.60649793454125,0.773605247294339,0.0452338291338713,0.379286813718537,1.06290439403667,0.0589133470884938,-0.361296482978824,-0.172713220193497,-0.0851319073509443,0.0010016766478298,-0.0557884310009277,49.98,0
78414.0,-3.60924710995902,-1.569514600885,-0.546169503071465,-3.3933816145032,-3.5289510583572,1.58466881550265,2.74849294128563,0.653097807676036,1.35890529586447,-3.20678497774481,0.527599648638,1.73796226815694,0.867344003000776,0.219009998378271,0.181422080514219,0.417934137855758,-0.705518341340293,0.67533142601677,-0.383326298244363,0.367103084504539,0.132896564817827,0.252048273357968,0.0377941481748282,-0.743123739191332,0.97636861256512,-0.945369451672034,0.565458957762988,-0.355768593710964,865.58,0
18093.0,-0.60392956222608,0.415758126101958,2.46339658268924,-1.8295068194277,-0.193086083487216,-0.370609926370944,0.363423591341785,-0.173307563700051,2.69800595048922,-2.01833935019463,-0.205324823548394,-2.69562672250028,0.911368344751482,1.01717596830197,0.0762247627217501,-0.211620156709543,0.100104565190646,0.775649115303087,0.0478393936438688,-0.103208011639937,-0.20443348654248,-0.0561613177178646,-0.442477559779914,-0.217152047387609,0.511776189423175,-0.806692345363179,-0.0862726807061361,-0.159496895324929,6.7,0
121609.0,1.58953368211408,-1.90983931813844,-1.07856629050722,-0.987258520392243,-0.713388935801875,0.642037390693668,-0.732049346813375,0.0604530778973275,-0.281782716210521,0.684118086737612,0.412739016233449,0.647539279744375,1.58858987848494,-0.536394439084122,-0.405077107532981,1.69364710342823,-0.491658326466594,-0.792967661223986,1.04012928842941,0.724399181454083,0.193347448331116,-0.105123025655923,0.0065186635837455,-0.181651948179993,-0.467495243215968,-0.474082131342462,-0.0385564867726412,0.0035594662970712,313.49,0
45442.0,-1.17299730773113,1.83579811726996,0.445423143818664,-0.413698574221902,0.0264199828746155,-0.30640799784774,-0.565783327895478,-4.55262427518822,-0.227111850189546,-0.73600052358145,-0.284257839542997,0.688738040162732,0.52897218422303,-0.327824785615411,0.102065828054648,0.708135027724153,-0.231368216411948,-0.25048312602816,-1.09504196808665,0.346565756043412,0.0671368566151397,-0.371654869797792,0.597889602002734,0.302390763371178,-1.25998359360117,-0.279039416266494,0.339547670300068,0.126097650702372,25.17,0
69202.0,0.0189227520470902,0.0677235183039307,1.64049296636001,0.582946495551713,-0.443213660061676,-0.0147419640974078,0.160622289385467,-0.242114542014407,-1.71287250580006,1.08756721118983,-0.0643515632707573,-0.266330270924323,0.866264029488761,-0.0511949591062447,2.21909272141313,-2.56844507990214,0.866048271613297,0.765830644213245,1.22010614047769,0.0515766366413647,-0.472202443920052,-0.723764755528269,0.296585322940472,0.0673196831759075,-1.06979563161607,0.462286553770032,0.0198093740559266,-0.0465254695109996,52.22,0
40754.0,-0.717176734914381,0.369596369817979,2.27270702599564,1.43643448884932,-0.145655969211128,1.47290749315372,0.205754643510912,0.236097356742042,0.644659701385251,-0.0130072446089529,0.232642639752474,0.799309365941166,-0.832616876312228,-0.771617322278804,-1.94358494691361,-1.40512242006604,0.681140610056639,-0.422917092366219,1.74489906060797,-0.0386438960026423,-0.324884774820758,-0.353916048456808,-0.0108664184298229,-0.307245325969588,-0.324750773059832,-0.466539865392079,-0.197545484844892,-0.0737012072521656,46.84,0
161592.0,2.07356868964196,0.0107701245810427,-1.30319083627953,0.369705616479804,-0.0322685761454466,-1.37269520303671,0.266446684875006,-0.413798573974245,0.578943790861639,0.012084402951864,-0.667445030474707,0.361280774336599,0.177810986623842,0.465553140291128,0.727357017895068,-0.224618896940631,-0.50616761330269,-0.0819107762231015,-0.235850476754249,-0.238940466289221,0.246938130445821,0.886852998184526,-0.000318003838243,0.0867771252621038,0.270930652023626,-0.11156812692532,-0.0188251881630101,-0.0583139267754749,1.52,0
131091.0,2.08962613087685,-1.06106809285155,-0.560045003865226,-0.630777077208165,-1.11652412911614,-0.283908454409835,-1.10066929615985,0.0587495201886138,0.447825152214894,0.681995772278352,-1.25782231412501,-0.683741981286655,-0.855001169124405,0.071424002025943,1.11307605999936,-1.15248668585543,-0.285740946462247,1.68510652773023,-1.06979995958115,-0.630974533084323,-0.169108179081128,0.0205857023601056,0.275174710341853,0.625590080078857,-0.365148049363301,0.0683038469631444,0.0204236399439857,-0.0305199769672959,25.48,0
130392.0,-0.522411203052158,0.522640472973329,1.22020155944168,-0.498493767582978,0.371514736278902,-0.140854255517198,0.25396695456361,0.111178980752704,0.140335706873865,-1.40205838163322,-0.534057991223523,0.411097571354349,1.48271493013804,-1.9529935143337,0.363854369526156,0.987382897667136,0.154411887509966,0.636527222883625,-0.584281015116037,0.203474750342064,0.0788224554849286,0.210610838439901,0.0805387906199255,0.673483821285643,-0.651682726190171,0.259483265655079,0.146821741140555,0.220805350715124,48.75,0
146795.0,-2.47320056972438,-1.66864056812023,1.53286192956832,1.26735360284776,2.22263596359934,-0.180703722735585,-0.553349883754561,0.554218799858448,-0.295311535649197,-0.160893509686787,0.181446604736884,0.498296521006955,-0.311681900508139,0.223397915403438,-0.316299941270305,-0.19758354480835,-0.306663588652662,0.480230821879774,1.36706318807442,1.11170928355805,-0.13323909442002,-1.17043261051948,0.586815109108347,0.110365591840213,0.531040412155074,-0.770267083464495,0.210839613390856,0.191757323412483,162.51,0
172117.0,-0.32631602640428,1.43222846529565,-0.575632376237486,0.945267856002448,-0.303853305447747,0.2253303323869,-0.59167651455217,-1.12397854141191,-0.369034471131361,0.641469194074355,0.529426013408538,0.512717634425239,-0.455051754280562,0.914145878459608,0.686244721163559,-0.709169913381758,0.639002087727307,0.241516181302653,3.01607837750639,-0.172618081765487,1.31391072661645,-1.06752339273598,0.34962169007036,-0.492178138844441,-0.475728357094453,0.648543065719166,0.0165729528817089,-0.097738917356637,8.69,0
43481.0,1.39795313925979,-0.825861557182053,0.597134207355841,-0.799626908085429,-1.23012598389229,-0.272110493270372,-1.1030809439999,0.055168189769202,-0.155343942955036,0.63740712581454,-1.27980516168604,-1.5680589421082,-0.772173825930156,-0.249106095340392,1.3136528904055,1.78401039013046,-0.177932958444957,-0.424712006861021,0.541835982583176,0.0754399368965798,0.322946817853768,0.791718743755287,-0.206835969030595,-0.432517032124966,0.490878040357044,0.0045635920359984,0.0249361208800144,0.0179155022035604,29.95,0
41194.0,-7.89688615307576,5.38101952251685,-8.45116161458266,7.96392808742307,-7.86241943013129,-2.37681997521459,-11.9497234569249,5.05135567269165,-6.91207600938549,-11.589748311433,6.64520072606617,-13.542095596465,0.888247918839909,-12.623316046432,1.00275519562895,-12.4322791426353,-23.2415971479491,-8.49529893803197,3.45394255518458,0.645974321869431,2.55794395644985,0.926277883497588,0.0327949396062788,0.638072585685807,0.361887213739485,0.444576520477986,1.10192314818996,0.205958012508108,1.52,1
79417.0,-0.787985804241707,0.351430237795623,2.44754559364037,-1.99216385675426,-0.406523524412455,-0.300176387439723,0.329452961769634,0.0918669316360192,1.58066311244179,-1.47315787567552,-0.529549667331416,-0.20630494406256,-1.39377318424541,-0.283359787186638,1.09397229907907,-0.61500702264692,-0.129038180418778,-0.0654048321712822,-0.337452298837099,-0.0160204109915609,-0.0493410414832142,0.278234799424634,-0.358179454603513,0.0533362855433573,0.43335555047458,-0.751970149461336,0.199445981697916,-0.0910198198274907,1.0,0
128571.0,1.7677870852669,-0.301028665011948,-2.21507865127829,0.511938881970602,0.423750641448379,-0.9845412119666,0.509946788899199,-0.398095382265375,0.540116019740948,-0.615062132992947,-0.809021810279991,0.0974779710633027,0.623658759205427,-0.926482888388384,0.975230065370506,0.381074918916112,0.255909535160482,0.659978126499166,-0.313816025211823,0.191254953417632,0.258678766336242,0.570468972743046,-0.257998392026578,-0.764858309823235,0.285443065586758,-0.0746872868659994,-0.0279153319201383,-0.0057629975283551,174.0,0
120751.0,1.44966235023705,-1.63767146166282,-0.578453903573004,0.700411368801818,-1.20320914198354,0.056661752107182,-0.554416465723741,0.0403657847835219,-0.411336873892945,1.04678979916263,0.272126676800975,0.377477198776513,-0.0627854991396799,0.244506585604239,0.0318844190307948,-0.63043483341866,-0.853461920357176,2.04675836512227,-1.02579195604678,-0.0413463311902771,-0.268298315376995,-0.970318054294793,0.128445527595558,-0.452096944055255,-0.619648149696575,-0.953592620216058,0.0170247066187991,0.0205763073571595,314.0,0
55839.0,-0.160758670878265,0.342723376013783,0.476724829546224,-2.72851331412981,-0.370546614016116,-0.15155110022363,-1.05161782879204,-2.5606095863608,0.763840623691823,-2.00760535272962,0.452731035442033,0.722789623897229,-1.12973376646222,0.93935177803018,0.511388118993117,0.70989137829933,-1.0019802403089,0.718092368261331,0.0374392580765045,0.454444035138348,-1.36173447146214,0.0314646733897919,-0.156879911578743,-0.541195453065576,0.917122193319873,-0.220156249682158,0.0357265360817963,0.203307330254217,0.5,0
75737.0,1.21185854300959,-0.800410663014173,0.92345019879994,-0.42206101662505,-1.65843671620003,-0.923940610013812,-0.737410057028103,-0.161935714588255,-0.597659269065109,0.612731448763298,-0.220567881811263,0.119445637721191,0.717056158344405,-0.203981041146123,1.11733569546416,-1.06014729114953,-0.089416352994472,1.16997100240289,-1.13667268389342,-0.312974267482332,-0.17662531732949,-0.131703682283715,0.0234876371218508,0.776503001279808,0.068664646251553,1.07968606572168,-0.0398176005735657,0.0324645554613581,74.99,0
123525.0,-5.90492080575337,4.43991138307409,-8.63180221299529,7.78868440738042,-4.98957980058454,-1.20014396478769,-7.6740599401754,4.12576101681016,-5.31577802250603,-4.89115620289902,4.22041859352387,-6.40830067684822,1.32800326739361,-5.853545070898,-0.928337066900246,-7.08579817642873,-12.62385610867,-4.74522383798077,2.79789150183086,-0.505607961764415,1.77502979034156,1.26644115239936,-0.199409588840669,0.0149600028407991,-1.90822653976519e-05,0.544209892335915,-1.16756581297999,-1.20635432583345,45.51,1
125303.0,-0.364811833447511,-0.227765470993329,0.628931992556557,-2.80962281102092,0.520191451233733,0.169868097130023,0.0688110541376404,-0.0971091634975351,-3.21708018293846,0.954474037004764,0.199315734913973,-0.254581542870591,2.007452783766,-0.361779899860732,-0.552483111645539,-0.459175003279922,-0.0861983006316233,0.898900064359272,0.803253708736487,-0.0070771479124763,0.0955921587747662,0.615195278098891,-0.606519720913937,-0.0818202620739094,0.996174860886815,0.272049422845437,0.0199814607355449,0.0387104152204165,15.0,0
57183.0,-0.991152207429968,0.683106156398256,1.40945132803489,-1.36239958655278,0.0932760576493375,-1.14699934269599,1.18601459379389,-0.159604979359207,-0.856201718528547,-0.661239954740703,1.43204532411785,0.244214011785515,-0.981351745536671,0.617068477681783,-0.335471163382743,0.356758385584219,-0.463805169058637,-0.46314232007878,0.204306661773054,-0.126036782763085,-0.290683240483408,-1.03567644937133,0.0652127084919019,0.545414006481883,0.0778000439576594,0.978302830298453,-0.222177160202192,-0.0039122030181415,43.9,0
62842.0,-1.0200098475636,0.843710723754365,0.704305406688961,-2.39462384050955,0.228352923748568,-0.509049539171646,0.626416238130652,0.262742176713496,0.514493522516492,-1.26101673721914,1.17525144013523,1.24009814455621,0.168609154853842,0.424375344917223,0.346991169408814,-0.346596923162748,-0.630403820026089,0.258501023184954,-0.307872138442542,-0.0801426858904432,0.218249484427696,0.815487776652118,-0.305639831759198,-0.284702474039719,0.189034929836499,-0.826050441696578,-0.0218044592586219,-0.110366529270627,14.94,0
66215.0,-1.06500562395399,0.287608938141726,-0.0339628815018862,1.18056736272219,0.0292737050950612,1.03431087514087,1.42010754185218,0.146775229499131,-0.777350457848339,-0.0348149400886577,0.398264343344183,0.645066669401002,0.383723270509875,0.385523406801003,-0.146325733882135,-0.566971669343164,-0.0944296016794593,0.214297179573508,1.2185497299292,-0.0782938202206292,0.104653962698563,0.729012202058143,0.476420331808365,-0.819186413188565,-0.305023282166085,-0.228264119098638,-0.0146063504615469,-0.228497790008026,254.89,0
115306.0,-1.11934729947951,1.0850198311913,-0.716152990554025,-0.635151835440245,0.59091666301228,1.7172162795798,-0.623291736264318,-2.7337750955547,-0.748651179480152,2.08693952356451,0.18071392703174,-0.139251496470266,1.02989276797778,-0.440861918416712,1.60153569223347,-1.5747019329291,2.12036767066303,-2.90635878568785,2.36351044893316,-0.302568821961874,2.63183203961958,0.335539101612304,0.571142948485948,-0.324904795301291,-1.50096492027285,-0.0600275105505405,-0.835026333709721,0.172562412909489,12.0,0
140801.0,1.73059825011815,-1.32284223803458,-0.929910310893343,-1.51810423856665,-0.959795289046143,-0.493116735089759,-0.600055273566629,0.0537328747803069,2.01779945593624,-0.774961916415537,0.953420070775356,0.831616563499517,-0.880784070067445,0.42956338041603,1.01144806829379,0.014896733105364,-0.635014758588728,0.989115769877387,0.691363820599646,0.106522058870931,0.344516720393261,0.771323584622309,0.0244636550338974,0.793630650386035,-0.225936594958005,-0.210089531162866,-0.0143589933520586,-0.0209786435966003,160.72,0
53575.0,-0.475516136832523,0.877925549877661,1.40310943191215,-0.266404658307089,0.254866011044874,0.0639009249835702,0.458332320901258,0.289618221239642,-0.504603601494393,-0.161081107776037,1.07921112461058,0.153313857445922,-0.88605932543885,0.520502804602366,0.51884834364263,0.238712753005073,-0.434931810035114,-0.0924579663835058,0.0743951731642635,0.0303438344656661,-0.180419380532456,-0.499325081992768,-0.0357077489024117,-0.351241585335122,-0.282856714465109,0.106710273536967,0.271969783029672,0.102177746324677,2.58,0
139344.0,-0.397734833856573,0.34299321588491,1.1861241651728,-1.16315213372305,0.718867192939269,0.370880065168516,0.549816682914149,-0.191751226961204,0.676712178381114,-0.757959315346991,-1.54990303309716,0.432152594409194,1.54668540403127,-0.895581268401285,0.0402481258646117,0.151652658016069,-1.04294769846204,0.41270680238293,0.0053118531763136,0.0847553030862996,0.251855208478505,1.05967497103423,-0.357871768136706,0.125463573556894,-0.147967925889082,0.0948511439306362,-0.127268843644595,-0.0300339298952021,29.97,0
75058.0,-4.22312683869477,-0.950192489901366,-2.2142178938409,-1.84148246516389,-1.57164188231206,0.85746569768285,-2.73781745291719,-4.35752869859019,-3.2395063397311,-0.526052646454317,-0.894734283621667,0.623234303688326,1.05612098246759,1.13476259786721,-1.84730342056434,0.739395283239415,0.469084016904573,0.74041828125436,0.0169132785116467,-0.470653020149254,-2.84589312394201,0.985622150642011,0.193454574524512,-0.911488932984752,-0.309476828427782,-0.285837147943038,0.424483682677039,-1.0994017333371,175.5,0
51515.0,1.21494805436017,0.0952215183824352,0.312799760123086,1.04734177621041,-0.0061096668547293,0.334855019937959,-0.156263969893785,0.0919277406126554,0.308860469214062,-0.018340099378115,0.158965965203855,1.15963909256338,0.44802712403596,-0.09017651773384,-1.10899151935088,-0.0233697371393776,-0.575451185794422,0.331087993571649,0.628822225391091,-0.0884856696453372,-0.0591585047868393,0.0811576002495942,-0.249005028144969,-0.486643116899269,0.847528409420746,-0.25312451023993,0.0377114624328577,0.0039926004305116,7.12,0
90073.0,2.02146551722886,0.215742346587755,-1.46435896150336,0.550614108567288,0.445294564570783,-0.619415306963671,-0.0142398898311629,-0.175057434585181,1.52509508229734,-0.576635240466113,2.22491437883985,-1.67545447134101,1.46325925300121,0.822687152691376,-1.23282886771035,0.434768739791465,1.03021231209658,0.415136029537661,0.069337402577691,-0.201679454008433,-0.452395320556002,-0.994151772509348,0.363579979275363,0.605402846868028,-0.340595915953462,0.10436762565334,-0.0938504130179366,-0.0453702380137158,1.98,0
48387.0,-1.95295999818469,-1.37802548118488,0.733329167331513,1.93431092994774,-0.63397226682621,-0.107451206036426,1.99865548176605,-0.158634454244536,-0.517409004925139,-0.487089084904244,-0.768040964985888,0.289936001599264,0.541021991646238,-0.0222420097294758,-0.0207833555972964,-0.857532749396048,0.292307507684594,-0.0462158428689542,0.950225064479326,1.67226731431989,0.35047504113903,0.1031512790388,1.30752859643119,0.348615348068134,0.27289217376562,-0.272313732459414,0.188094715549395,0.268674845659897,566.79,0
88781.0,-1.32068790099047,-0.702794533202664,1.41284043581491,-0.240938895017913,0.93373013864582,0.765329985422226,0.0781254618239278,0.443318182293379,0.149554287513363,-1.04107810375503,-0.232975975573491,0.459266196755769,0.559344253898614,-0.0275176618411119,1.71782293570172,-0.89547294361073,0.318348997088399,-0.902738727695104,-1.1043267513125,0.413190782773652,0.520223582986326,1.24133555526166,0.26063363587372,-1.01750954937541,-0.156662687562039,-0.0603255227810471,0.135413222148447,0.158650311863081,147.4,0
132496.0,1.87008921411853,0.197687274821458,-1.38382522860662,1.66492875062664,0.0621960274354097,-0.714314228442026,-0.194374784461617,0.0119531417612486,0.845141633840842,-0.682597949980423,-0.221384988911043,-0.629106360251027,-1.32752642989184,-1.8525259421802,0.702745785190789,0.782775564815533,1.31157463028916,0.913520894900595,-1.00017988343696,-0.196267340228569,-0.0493287321298948,-0.109695143870777,0.214437907201496,0.789347999229238,-0.145407300796391,-0.721678172602546,0.0532325967738922,0.0256695465463058,39.0,0
65687.0,-1.2516966926633,0.589174943553802,2.84658596646796,2.99863098215614,-0.37739949254831,0.64081925762371,-0.0697857050263984,0.201794960311884,-1.17165705361907,0.820525821143115,1.23047802820296,0.837133991324117,0.985566791186605,-0.354911305235019,0.180750520505838,0.144871874769617,-0.165993176501515,0.760108683764157,1.02269871093544,0.159479922007704,0.24905421084974,0.836602716488657,-0.113716057588157,0.590733007527704,0.101251571663523,0.339106278650105,-0.158339115396311,0.236299033311107,68.7,0
46773.0,-0.414560079644887,-2.26469962685351,-0.75048671017409,1.98253591248686,-0.698137674855172,-0.0602023810199284,1.4241872987251,-0.380214539208816,-0.225376111819296,-0.471669802673703,-0.208211226294404,1.05393419451134,1.16980641646928,0.233748458333424,0.218210833907303,-0.61364083686443,0.123946532699411,-0.860047502724332,-0.762318076482751,1.57565169334252,0.511602506558305,-0.169512435679572,-0.866801086383782,0.177598601206935,0.4998203757341,-0.324436017049707,-0.124382703811764,0.158277980440829,838.0,0
135109.0,2.13135982625559,0.0476071928507807,-2.52456417109652,0.343718421869628,0.742767221113955,-1.34048447246852,0.77579174252207,-0.391929474373154,-0.0635856593111678,0.508192262225795,0.186645087392683,-0.461705972475691,-2.38686844871447,1.44806889333137,-0.706945818555477,-0.399229675122384,-0.37177920630087,0.196663282384206,0.453158043193157,-0.380058451744039,0.266513724702555,0.836047117927874,-0.214246598097298,-0.362787546911455,0.632715563570459,0.735160071387352,-0.141478626022446,-0.112244333085756,0.0,0
143683.0,-0.480711904501505,0.0740125016253535,-1.03094808915056,-0.250006622219489,-2.36630080707851,1.15311368377925,1.86565233464505,0.305675047151485,0.222662238659537,-1.38710931780564,0.848792151707594,0.193472145583155,-0.538774077661261,-1.05803322316885,-0.332694250116801,1.56998984074578,0.0985148502047032,1.1486076793777,-0.473158658489951,-0.203330424573261,-0.024181044064456,-0.132139128489336,0.845476785594676,0.63232731561573,-1.23433892566275,0.0142914246310294,0.0255367300268253,-0.149925357365529,550.0,0
70912.0,1.18961995845114,1.22911089574882,-1.48780595862639,1.58324388049165,0.761943622085219,-1.63220574527981,0.653504198609244,-0.232162128540501,-0.66535052465461,-1.3711389180584,2.64051989379621,0.081454910043932,-0.623116652739704,-3.09700707831361,0.395592345908476,1.18963808891115,2.55178583191454,1.80669493932084,-0.622876303307469,-0.0548628339585861,-0.149338084350692,-0.385176564147168,-0.191528253563016,0.200711233567484,0.787789158329454,-0.323134278647833,0.0339768156708952,0.0881234938574409,1.29,0
122092.0,2.00861472086983,0.319115582102232,-1.74560408832622,1.15227399384574,0.602104005471421,-1.14260641215312,0.713544405087661,-0.371027280653726,-0.416453456327881,0.535755951132116,1.06482620446026,0.892872454623898,-0.237331688021034,1.02249830017492,-0.476897587892145,-0.29936870125059,-0.600805760325946,-0.0421243510973317,-0.198928166029762,-0.281324707620536,0.185577021441499,0.616982984597871,-0.0105963713043033,0.0175254850129248,0.415801324757437,-0.504126206489371,-0.0330722691944247,-0.0728946373141491,6.8,0
92082.0,-3.50086682719775,-2.95908945838905,1.46879156751875,-0.282784550214048,1.0631565472202,-0.585470927587142,0.5789739063186,-0.756922786831377,2.56265547653672,-0.480143559305545,0.352433630092008,-3.53585653201915,0.783972931743965,0.820406974232246,1.47963652806965,-0.083640156949629,0.312023385848632,0.655772990872549,1.4006877296199,-1.6791570050436,-0.738315166972391,0.739436267995454,1.90305059217773,0.70024067333179,0.873073500925237,1.02553673278924,0.19863282165645,-0.816234819023156,152.0,0
120381.0,-0.407768016331978,1.22939701545357,-0.102694904776485,-0.533517058035606,1.45385404398175,-1.1844108776962,1.84217583421952,-0.600262939434309,-0.716581555785575,-0.92138619211019,-0.154672970783882,-0.443396470613011,-0.453979805620314,-0.959703821453722,-0.330351443352547,-0.50801680257517,0.882057876949521,-0.321344209334336,-0.247505884946423,-0.0173536905548969,-0.0048155676876018,0.165761277794597,-0.60351638904659,1.06847754816538,1.17832336708498,0.760096234915788,-0.450363184298649,-0.295378726657183,15.42,0
37041.0,1.29645616442331,-0.392528486345442,0.410369804592784,-0.344758216549847,-1.3243115103767,-1.46025312520734,-0.585959332801702,-0.191391163316993,-0.682560238716816,0.172945811012302,0.47705839245098,-0.891560487092101,-0.454907674703439,-1.1851231336067,1.00733832733335,1.48937480159083,1.25261275580797,-0.947774026465558,0.104720926232464,0.116197208644712,0.0934544597488571,0.0989467455319881,0.0458635944445165,0.81729744876415,0.263240782751903,-0.316469816799773,0.0207406468492321,0.0549235207143282,39.8,0
54622.0,0.768498098603728,-2.0715275100928,-0.351639721755995,-1.26892475480168,-1.20001387869473,0.154110318321433,-0.444298609006828,-0.0070670466253868,-2.34125855609445,1.40268454024305,1.64880864322992,-0.138551278335558,0.143339807674005,0.234572455503416,0.23204362027019,-0.984864248879992,0.949693281650007,-0.514090523240289,-0.69394069960852,0.275948901421231,0.102281867611781,-0.0419012287652902,-0.272510012956443,-0.274883344615565,0.253533618868921,-0.138535512817991,-0.0259214332036358,0.0530222398600815,347.96,0
138419.0,-0.0430973772503647,0.730257118975913,-2.00730793568897,-1.29221989223218,3.25242165993449,3.08568137041472,0.309369076741276,0.812245493308515,-0.057070428217272,-0.633947457077423,0.235663111377927,-0.291980421956178,-0.290423153617874,-0.657309489409814,1.13031410516906,-0.0545181140080509,0.348366415593143,0.576778193525757,-0.315046346662376,0.0873175918035662,0.274852923967048,0.875878705193332,-0.112452021862874,0.63253606093019,-0.291395680873116,-0.129596212578279,0.268675290557615,0.197571421641614,8.26,0
65291.0,-0.345850209040021,1.15367309888948,1.29898923303629,0.0603885726440884,0.0560021761983891,-0.969428002251341,0.751053361525575,-0.0979183930015957,-0.459156042678118,-0.526491085148446,-0.140213438347077,0.140743293441595,0.532898111662417,-0.51147440674661,0.848486478654284,0.363514380651915,-0.0152471671143504,-0.188530730569206,-0.0948648305065703,0.146961060275758,-0.257175632447889,-0.655335986622278,-0.0126055891910969,0.345246704147327,-0.145402458459638,0.07036526065075,0.247300726091086,0.0994066963687579,6.28,0
129897.0,2.10444698502294,-0.984491902147803,-0.448117193287711,-0.967533336571343,-1.00263559646686,-0.362867165875808,-1.00069694936596,-0.0064013904568163,-0.2282411168707,0.859330132765741,0.782031024459202,0.461130278785466,0.679793950886114,-0.36158728597665,-0.513836955073657,1.5239397902227,-0.26948951214214,-0.975210383706646,1.02099489410285,0.0518618351386529,0.0027387900474371,-0.0226962825804012,0.314456716030353,-0.349247681581238,-0.476192804222421,-0.488186560221556,0.0084212954427851,-0.0493467859712511,28.0,0
157274.0,1.99771542852516,0.429796069658507,-2.3416034721299,0.699465474387718,0.402962937868231,-1.5779319143448,0.170859662510968,-0.182992533601497,0.475328133129098,-0.985233470778515,1.71610520317049,-0.330961996338614,-1.66287195280911,-2.02544847981436,0.532046688107948,1.01269523572562,1.64093177121108,1.92433400622404,-0.433618135200832,-0.244485836207436,0.137579957138154,0.488588002764122,-0.0299691457021479,-0.179161761023906,0.163314469315325,-0.12071276221813,0.0063533912683944,-0.0046988206579748,1.0,0
151228.0,2.00300084795711,-0.0718974453294204,-0.920102265012696,0.219175000225036,-0.184312606903342,-0.552597331873586,-0.421353649833072,-0.052310974202567,1.16016790675581,-0.737842460516079,-0.346172312122422,0.617182751136853,0.788576881743487,-1.45413785087023,0.77343134284912,0.615344460751685,0.367305555050532,0.227634570176447,-0.126825163231662,-0.0946084611109136,-0.261241029044071,-0.595768033124949,0.389377566740363,0.620264276519039,-0.451282097257148,-0.31914218084171,0.0238172276075193,-0.0006421932014431,7.7,0
157238.0,-1.09825253160732,0.362081053931125,-0.95126195352203,1.26374711855614,-0.684794516576767,-0.326650771946862,2.36401715741738,0.0739528654013135,-0.741169242968996,-0.524837332803257,-1.61080265723969,-0.928654414419786,-1.70642249749682,1.15336112452942,-0.200203947470901,-0.858129784627225,0.343583425067608,0.134010504971546,0.756319415981398,0.722808106704424,0.362477980590465,0.463132763338178,0.706885774407108,-0.099109989651099,0.183677889461202,-0.381284514069717,0.162268448557436,0.206605648970623,409.0,0
149150.0,-0.532195062789139,1.17632244829329,-0.263226731053852,0.76959075171483,1.57724081895689,-0.427992149420527,1.56649542987602,-0.63929638954311,-0.335240844991973,0.55344646335436,-1.51122326537805,-0.0301242372560023,0.615335522062999,-0.0263251852375648,-0.265849067554847,-1.12850193809082,-0.254257276973938,-0.275844385127943,1.06575777899933,0.0342420531973419,0.031013297800061,0.600321220538245,-0.503153490538554,-0.724706199525419,0.0800465393014998,-0.393579875270897,-0.0789945460149138,0.0345679996153,29.9,0
68752.0,-1.43739013327402,-0.75540805116942,1.94623017037238,-1.71580995104229,0.739513819762875,-0.945385705598418,-0.652387242594202,-0.0345157627353307,-1.16852459918543,0.0423048363251372,-1.02725450026841,-0.48202410147342,1.58098396843809,-0.80510677265475,0.404809129409715,1.67804695714229,-0.471860039327887,-0.831706177729555,0.174711001240889,0.197559030590641,0.324830497522813,0.749411953917758,-0.476519287617996,-0.3834790119211,0.624341890652091,-0.148758011211569,-0.0801940847343857,0.160172261331852,2.8,0
139669.0,1.86870364310134,-1.37437132646406,-0.456982839899652,-0.691822412372306,-1.38377653756623,-0.782646075248396,-0.808076444344912,-0.243481809219346,-0.0585412330651634,0.667725511703111,-0.538583464197699,0.0735249870417793,1.45932498327124,-0.665814028025188,0.468164771444298,1.34004547266833,-0.0775042660908868,-1.06784484791284,0.217471891398887,0.356945218887761,0.502903917661362,1.21785608125015,-0.0100974770475831,0.123254676083282,-0.220799479115292,-0.0885995491901476,-0.0048788382483648,-0.0156465133763659,162.84,0
79888.0,1.11693427032869,0.043851198163045,0.20721037774136,0.515731402623667,-0.245371155938882,-0.672774145838095,0.232065401789887,-0.107510744010029,-0.0331369655589508,-0.135097386705966,-0.0172837843382656,0.17092832498077,-0.372383957293341,0.536828927351425,1.24281043320205,-0.0453208855784947,-0.0242601835346607,-1.27935144324504,-0.273735048489084,-0.043672234270662,-0.445169406650537,-1.46515179676009,0.250082855153602,0.037250151853153,-0.0358915424818203,0.0012731802373807,-0.048758275990335,0.0226025520384285,61.9,0
37962.0,-2.18007919093459,-0.939121721527746,0.593447534640401,1.78297835314295,-0.502278526516002,-0.543923062319701,0.688680622716298,0.510186300748703,-0.63882770049585,-0.385143683511844,-0.385890989971819,-0.557673114805414,-1.2357039298166,1.02263466336789,1.65530798807034,-0.476550912095372,0.532009228212261,0.0452731267154974,0.0322222785702701,1.0434695510401,0.528595217781498,0.505362859644669,0.72049714477212,0.341547763793347,-0.147031830783451,-0.20784157157537,0.204098465565278,-0.0228572079199929,342.17,0
38945.0,0.0844628453953399,-0.476899493099421,-0.125419666032339,-2.16450048331226,1.44907079324237,3.48577474163622,-0.932168614048375,0.780359620663818,-2.92322144311006,1.50071087611059,-0.257043109642552,-1.46632695441554,0.54011041979378,-0.0722308467750315,1.40808244891799,-0.939562489999537,0.677544217910019,0.776901371083753,1.9385460090911,0.106217631710792,-0.0917920494526423,0.00522866862523,-0.170053941452993,1.01242409708258,-0.0122996458788681,0.111945856380863,0.157992592603195,0.120266672893174,15.62,0
667.0,-0.995087876930812,0.700493567711302,1.18187664716757,-2.61302069707605,-0.412335304198676,-0.249470608133339,-0.0406402583043447,0.526486030018071,0.929157834881624,-1.78647190782493,-1.67327303908142,-0.0261836361452857,0.364380864350807,0.113707308008728,1.79768732143337,0.419465905776678,-0.736138750474421,0.82748090088438,0.927559079566813,0.112348069216955,-0.0112948136245773,-0.0241905999905977,-0.370093234041102,-0.977191254477269,0.548306951999884,0.0245918103325099,0.172594344714407,0.05954069288971,24.9,0
157452.0,-0.911358735008826,-0.835623464434998,-1.03192053782334,0.295906380155161,1.27185274577326,-1.5894086273858,1.7158311077113,-0.588872298746627,-2.24278147418931,0.490171579546118,-1.24259778981848,-0.322205867066827,0.405677867074322,0.720190109391103,-0.664326760279956,-2.64145965232236,0.139873401776991,1.09410418513923,-0.82994723687182,0.209958159459545,0.315406877036889,0.851682726461697,0.385631406792447,-0.0217327158799082,0.173368118282977,-0.259104944164441,0.0926527634957998,0.239149168199641,247.0,0
43494.0,-1.27813773524814,0.716241580332591,-1.14327922918382,0.217804800631468,-1.29389046969973,-1.16895152511977,-2.56418198278833,0.204532467641239,-1.61115462297744,-1.25028553742691,3.36736102310858,-4.58309584545642,-0.806939683730076,-5.20830522179452,0.525823682164556,-1.81591431259746,-5.24911146794949,-2.19669120679566,2.10905264474381,0.817203155491914,0.490182667533974,0.470427403079725,-0.126261344339209,-0.126644458784455,-0.661907559467122,-0.349792996571914,0.454851068382725,0.137843477172283,24.9,1
166966.0,2.07344468865095,-0.131490672717479,-1.14847905209835,0.391881534573717,-0.169795237251529,-1.15611184265919,0.105585372484292,-0.262638901103159,0.71891342937048,0.10631870400105,-1.06136727553293,-0.197299860373652,-1.01434563400867,0.486113597890193,0.171832220856397,-0.0104911386812587,-0.27863189425017,-0.686212142116546,0.209439510356985,-0.292008206381754,-0.312149101588763,-0.816256050506656,0.335940879703586,-0.140641651548769,-0.315757481592078,0.20886968362856,-0.0779920112021267,-0.0639444368120954,0.99,0
62396.0,-7.06979693816964,-3.51933370192401,-0.419563791327502,-1.39163813233796,-0.774768479655773,-0.721094161290641,-2.21497014355205,1.49241846418805,-1.85711779275711,1.3890145927585,1.0373899252847,-0.0727417874707159,0.281219852243322,0.334474051422729,0.586047000227367,0.593330532671338,0.861467466436855,-0.012914201685476,-0.787068503662679,-4.10584659974799,-0.989670217624821,0.990802868397419,2.3639390925418,-0.198753149995571,1.11465013972628,0.0631295732059043,0.817364463193329,-1.06429152166354,14.9,0
119206.0,0.186763971637623,-0.833002131873695,1.39857499712638,-1.76491685193183,-1.60905710327231,-0.185207696436282,-0.65924983370837,0.151210603922115,0.286344062073697,-0.0691374787678341,-1.52530396960575,-0.717802063870209,-0.285108992760792,-0.545741029928339,0.876752584957439,-0.946655847662474,-0.320377109846692,2.0227769646529,-0.567227239209535,-0.329377830131617,-0.0193811435534169,0.40452219218935,0.348672251843397,-0.110982910245254,-1.33211030619598,0.829582937252031,0.12466558242313,0.127759034793187,88.0,0
144884.0,0.0990848479603601,0.868172473703805,-0.363919342556164,-0.611564882701455,0.74107990833191,-0.63102340012896,0.751215752402375,0.130708360254325,-0.041234808060371,-0.611507860026635,0.81486283339949,-0.352234388192578,-1.91769505142011,-0.451720095906542,-0.750287390033682,0.575071053947548,0.266597283372188,0.45904008992633,0.0241705852778681,-0.0950686832609401,-0.303551314437545,-0.846641580971769,0.116682561346674,0.611194030844183,-0.530723154455116,0.0927767660638839,0.207510053268701,0.071405235697017,1.78,0
79461.0,-1.63528197562094,0.645423581242551,1.85561910256341,-1.8174194026538,-1.02893275454736,-0.765539441214342,-0.293777192862328,0.482427261101081,1.45306797313122,-1.62806546343588,-0.273216773132623,0.36227193428762,-1.16822662728853,0.126179645116025,0.881569467488516,-0.566325161009648,0.233282474899806,-0.235059744395759,-0.640647994119654,-0.450912092745254,0.223327554820034,0.454003930962011,-0.136095979998346,0.593884927237512,-0.0008655419793778,-0.899422948615597,-0.513555121688236,0.0664089239885956,1.0,0
60015.0,1.05493033926209,-1.72010541649994,0.459698764742892,-1.15105151703355,-1.93274319909974,-0.826613332057516,-0.764056542775986,-0.240553064745331,-1.78003179996887,1.3035601999781,-0.413809300399313,-0.788204375818952,0.660960392420438,-0.346096063987676,0.774576348445155,-0.160506802228111,0.425219057366517,-0.0455609774544549,-0.312011167586719,0.154350815905538,-0.227774006458648,-0.826892734157887,-0.0262615327877781,0.348658282259698,0.0501252242742558,-0.435077953135542,-0.0002127370135287,0.0704010101035407,245.0,0
64550.0,-1.68411228248225,-0.54311718169373,1.76122587923993,1.05284656476802,1.78122104078002,0.378925635276228,-0.314719066735437,0.610220043927127,-0.618989881395563,-0.44305290924048,0.562129538969921,-0.280406626489081,-1.31506875252831,0.773778153540605,2.39611995338903,-1.6618004719937,1.29158433380319,-1.74192253757278,-1.14194453600119,0.238915248517147,0.341002593638394,0.640434793598656,0.133682046211074,-0.65937924140299,0.185560486855876,-0.0836518909981871,0.0767931122681415,0.0892903577491298,41.76,0
111083.0,1.85587603314456,-0.52871489220409,0.136391277269646,1.22764496086353,-0.683445269805198,0.745547265846492,-1.36350398817429,0.452630193034057,2.63536711815706,0.0632780748974273,0.993183983652737,-3.22368500594069,-0.845647223185914,1.95643591336152,0.383783596456797,1.34953711335558,-0.530311695591491,1.91052894847869,-0.84437262621964,-0.343828438551544,0.146726834004959,0.521208965594685,0.215920000735751,0.125691325439048,-0.450668091407138,-0.670480279567089,0.0314725890101889,-0.030750791134109,34.5,0
137426.0,-0.571655391024128,1.65207038231683,-1.05404528282878,1.02251826632942,1.19267126994302,-0.448657035757383,0.930417686002552,0.405204866424632,-1.06836136256732,-0.656688382611589,0.815789806983233,0.114315416953798,-0.955211597126257,-0.390369875238978,-0.792690738165103,-0.365178116920595,1.29380872574607,0.930374079236792,0.818719457027503,0.0250528975763987,0.124777882144658,0.435301215448545,-0.217227065335691,0.575166808724382,0.0165246959147725,-0.424208444616435,0.320406232008738,0.19614310770365,14.13,0
138113.0,-0.324116071122291,0.473153901348547,1.1086573452537,-1.06646315391822,0.575363079004931,0.17833878908904,0.251342435748,0.136156475710224,0.204011873166464,-0.778851883315524,-1.72526553469038,-0.490539500995425,0.142409195184931,-0.21239690454362,0.550288440808501,0.750692742239577,-1.01676862625477,0.508537752251507,-0.195753503341808,-0.0341772379851965,0.205969161601398,0.592607421967822,-0.265052370644796,0.083851630504867,-0.291914681618212,0.628636676464061,0.0953768599253969,0.152010814704403,2.5,0
156884.0,-0.522836392484887,0.076110079704135,0.282136811272454,-1.47133142932433,-0.435494398288379,-0.285231424938111,0.102699996604457,0.345988067962435,-1.5530272863047,-0.0195198852884624,0.12194921913534,1.03572769929302,1.47955395504739,0.09538098561699,-1.22203360412592,-1.02047309692941,-0.547970507142062,1.64792343620535,-0.649641650339447,-0.382218868332289,-0.0905067172791685,0.0375385943321459,0.215268947097572,-0.312566924853569,-0.934611119173433,0.41077075609019,0.0439435798921724,0.128101308952137,79.7,0
122891.0,-1.64476500215115,1.04666899829393,1.45604959962971,-0.479061303595939,-0.899425288859554,-0.142278592991152,0.715172883487869,0.124054287746821,0.584019853251321,-0.383098560340305,-1.01163326807107,-0.812494325305021,-1.43003416884121,0.181565542936824,1.28930625650403,0.16533705352766,-0.324374327989068,0.188324769784215,0.275492580681034,-0.332809737012096,-0.237946711253469,-0.45328189228286,-0.0566664660366168,-0.0838516345255676,0.281496904823542,-0.442854858482989,-0.352735019884109,-0.255928381834221,114.61,0
75404.0,-0.694630594974319,1.25879970582932,0.534550749175592,-0.279149189105104,0.263703210597743,-0.175535972673834,0.481825803928389,0.334517997779816,-0.995079836502557,-0.416692255230176,0.442855038585263,0.930074513421859,1.03866738243413,0.49509369372329,-0.122999192584402,0.511374658711145,-0.801955669383174,0.540284825757261,0.550333079233204,-0.0920700528283581,0.192468197684981,0.40851291116345,-0.202830362006194,-0.437268799217082,-0.245025286405737,0.30468789498703,-0.148944492972173,0.0655737463924484,18.08,0
75773.0,-0.44939401830102,0.702457114936454,1.07462610378453,-0.817681440777897,-0.0153966254779004,0.180269041484925,1.30134306825323,-0.237642252149093,-0.473750841636655,-0.0844903745350364,1.39284909388934,0.247644299066104,-0.575351553736929,0.278103350630442,0.467672121035293,0.12963542908498,-0.447340948115091,-0.67426719351932,0.472270408445153,-0.0812918583149744,-0.448347151384619,-1.25929367735526,0.133760618230201,-0.321859056797306,-0.597367943022147,0.456332299768119,-0.4199364696523,-0.272181815705279,113.95,0
32276.0,-0.858266344129207,-0.28199326491544,2.32732370144407,-1.91968233570378,-0.347965273255013,0.194680279219257,-0.493220992720316,0.370534239978915,-1.26708103893811,-0.0286062683483949,1.03690611566399,-0.45799727058894,-0.172232341293764,-0.317113902114539,0.169261955946801,1.62701706448358,-0.21865484740514,-0.551389630515535,-0.181979285227333,0.171152042287476,0.514241300950347,1.22878840145632,-0.336861145584372,-0.27455604291174,0.38416151484321,-0.0955978086121684,0.0505022220129024,0.0550044908827051,24.99,0
67181.0,1.26182502855762,0.320313041553456,0.0485986278951237,0.411261594039596,0.0652092375478885,-0.342818652550175,0.0026572924770408,-0.0405840558803478,-0.254369861096645,-0.1273084889376,1.10084318063751,0.957581002315726,0.752569622652161,-0.229818479273702,0.389982894237326,0.852618938098835,-0.534198114073626,0.36050197203952,0.347071144563191,-0.0155385983162358,-0.275384119010545,-0.804074750554699,0.0257914464586554,-0.383782559496127,0.294347932091049,0.117956366718835,-0.0246211924689342,0.0147550886687021,1.98,0
121850.0,1.79987051344216,0.321597152929681,-1.04644686204048,3.56789443104969,0.591432138446406,0.0913987508857705,0.28782056029354,-0.0466198823571887,-1.2852875780453,1.70104845600237,0.07889095120968,-0.129013095467122,-0.490115139683409,0.708174318309463,-0.914837880808126,1.27575234456448,-1.31125964236069,0.507504115150625,-1.2930181766342,-0.152164789938509,0.286463512378797,0.613414744322861,-0.0666240634679504,-0.51468433353219,0.114408032649581,0.136408494688903,-0.0677917851932663,-0.055526846511798,77.05,0
74530.0,1.14332532255911,-0.204719127239043,0.302147112319418,-0.198193607435883,-0.45487167451282,-0.364111345637608,-0.18470503066333,0.0642396919531349,0.0525200771425465,-0.0689926523413014,1.62378363917517,0.745535425394133,-0.448008577640118,0.558863195663623,0.741119469473985,0.18593895696644,-0.249412316251428,-0.388775229548419,-0.0056941245230444,-0.0463844314166767,-0.0142012252409642,-0.127500667904681,0.0362159575615432,0.0674713300106657,0.10923040754497,0.970789706972722,-0.0808087680976073,-0.0047618568514513,38.42,0
157801.0,1.91287333121634,-0.416397195209376,-1.83478074831675,0.355999626944455,0.166662748657346,-0.905560750342791,0.404800849619557,-0.234917067784546,0.361806013944991,0.286331550014571,0.271153631848679,0.131214427717345,-1.64812143327027,0.908130262815438,-0.948889902075486,-0.198725558743612,-0.348971679440399,-0.0472083879472373,0.592916702819985,-0.151136198935177,0.026626676054661,0.003787006106764,-0.0269927621737257,-0.311536580442517,0.110858216809369,0.557599446584875,-0.125910463060418,-0.0794813664768505,84.98,0
156636.0,0.0549156122753496,0.82616350389135,0.223778713202668,-0.61484701844702,0.440001974149606,-1.05908518941574,0.964854333213126,-0.167499909317047,0.046021723144075,-0.393321925666279,-1.14791851113096,-0.188651553609073,-0.487548379569976,0.207571947804504,-0.335093669158308,-0.0261589956148494,-0.432101953931973,-0.636759903236752,-0.0242849129100423,-0.0706794361056815,-0.277072587512164,-0.641467457877646,0.0539716608062732,-0.13139548947423,-0.487897444707144,0.149252937474406,0.244090415525608,0.0947294881061827,1.29,0
131955.0,2.00441472235331,-0.236930102777269,-1.04534952928806,0.342386873654091,-0.291243823891713,-0.982781368723746,-0.0301182554521935,-0.0953997501678234,0.540043344785703,0.291709851953348,0.742488119237327,0.227314502863871,-1.78658942185713,0.826767358329506,-0.474761167367578,0.146624637752462,-0.404800253194298,-0.189176338519914,0.411149893179512,-0.320967459335615,-0.249323027774933,-0.71475050794456,0.357048519108881,0.0297295601279715,-0.401514304332508,0.178164335717217,-0.0865693183161345,-0.07228502302772,5.49,0
48098.0,-0.828129477238655,-0.836881967328261,0.968158665162842,-0.298019196516681,-0.993751508659332,0.0146225572344307,1.02215503389614,-0.114874383861802,-1.63082194957042,0.108484874063039,-0.580403425225245,-0.49816716242346,-0.0118510571896143,0.0705344144171358,0.672433996292863,-2.48161103902885,0.989233315383416,0.572131165664746,0.241882946021272,0.374467971342273,-0.18887312294656,-0.526662893493479,0.537480696850853,0.0971308012597979,0.346360152556002,1.29684689110626,-0.166124734891381,-0.0106570565092973,299.38,0
163181.0,-5.23880773573245,0.623013013517624,-5.78450659224569,1.67888930740175,-0.364431871608896,-0.477294697773818,-4.27613150437269,-0.695172912010584,-2.97164438627248,-5.52913123107677,1.77950450310136,-4.83615901427864,-1.20899187512247,-2.90118981074214,0.281878305641659,-5.53954431982868,-7.2909602133188,-4.89776603568321,-0.30860899195249,-0.203269802188999,-0.326139919163346,1.50923868732044,-0.215966267193936,-0.245726907285863,0.893041276540073,0.865758089249014,0.854657016693772,-0.964482422283343,39.98,1
43761.0,-2.47086795609139,-0.691657035198455,0.60694128320756,-2.64958011647531,-1.09069439401159,-0.844490938308054,-1.42937789970208,-1.86118263600754,2.55574835767127,-2.1676155214038,-0.622531244342466,0.227144942515785,-2.22807239445834,0.596553714482484,1.30775983149394,-0.646076992905343,0.483179702671691,0.208127936576889,-0.264021499974558,-1.43373092381998,2.4814071381545,0.199712129167477,-0.503053309509197,0.446360222365301,-0.644120361906636,-0.906366929596359,0.722143492644964,-0.353781116005509,95.89,0
157521.0,-1.07302220137273,-0.55809564544818,0.801081250925598,-1.39168951518714,0.965652135148724,2.66540645768762,1.29310550364669,0.502000685642082,0.190102806290912,-1.20990696029686,0.6969322145473,0.631003728585962,-0.149179019202532,-0.0088319859409971,0.433092479428267,-0.44177187097755,-0.361773630373043,-1.17386799913531,-1.59031985457757,0.407544581657703,0.0660643425251891,-0.0269611867596043,0.576640731706721,-2.53911747362494,-0.479955980408038,-0.630084796075658,-0.0537841571548157,-0.080077510637633,284.01,0
148987.0,1.85508832765493,-0.856682779417208,0.920665794710387,1.84979737248627,-1.62321391137446,0.624394057303187,-1.59926612255016,0.498459949185499,2.73094342641333,-0.117521056824843,-2.28583683742263,-0.282544885732796,-2.10910820842721,-0.861656991924794,-1.38090032144601,-0.114599267040271,0.0525367386242101,0.444373855758377,-0.111471801786662,-0.423299219166313,0.0856981197396611,0.757884747864734,0.145353966054799,-0.0536422782006101,-0.18705717056903,-0.464604219732613,0.123140775790163,-0.0237812304012161,1.0,0
110690.0,-0.596607080653563,0.930677025821234,2.3042819848942,-0.185054401379012,-0.0589466045223236,-0.08140931745415,0.274053516309385,0.0753403027784487,1.08661662001214,-1.18690247133428,1.96422460739349,-1.75834313910622,1.66249521252299,1.64279464520892,-0.148006284427324,-0.0257626604003138,0.179055842640109,1.00174910600037,0.790967423675858,-0.0114383136800569,-0.203482526072336,-0.321333166405202,-0.277250273343098,-0.0238561725328717,0.248989215073568,-0.724985249344671,0.0824695248084928,0.06717369180149,2.12,0
29835.0,1.34464577833512,-0.524537257617286,0.818832794010856,-0.570505448456473,-1.40194102861962,-1.15495157575075,-0.641480434892092,-0.184610255061535,-0.70664373490002,0.600093733436695,0.0899676221103624,-0.452082542741824,0.154712532438128,-0.19943182011022,0.886881442235027,1.22322950698359,0.290424877463118,-1.52898247829448,0.394681445510018,0.0940538078063853,0.0217884615078566,-0.0843650058771114,0.127080971289524,0.696630291124202,0.19259822947444,-0.432880209387433,0.0150752674316541,0.0303679287224598,25.0,0
170779.0,2.02462159790778,-0.30106615986965,-1.26684562736282,0.328805226369768,0.2094355551089,-0.114338379223176,-0.141391367299631,-0.0986445174379578,0.801596620830356,0.0706089919123389,-1.52924222631722,0.063841151503254,0.223564451957649,0.0658149605851387,0.356191918358085,0.326344054741197,-0.71519814790972,-0.113416507660921,0.146548780721525,-0.0954183475778193,-0.0695345663432279,-0.149981356581847,0.135376480082909,0.0535855780249745,-0.0945708935580272,0.232911387020806,-0.0516895611839211,-0.047814057730627,39.95,0
74159.0,-1.54878809850026,1.80869795041448,-0.953509033832342,2.21308539346999,-2.01572779170327,-0.913456844516923,-2.35601298316433,1.19716896702387,-1.67837405659509,-3.53865023182429,3.1020899271543,-3.99337305447702,-1.93741062327519,-3.82289410599595,0.830970110708369,-2.47535885382925,-5.21187516766885,-0.413871678166879,0.933262164554872,0.390785963777347,0.855138263312025,0.77474482148342,0.0590371520063436,0.343199807900813,-0.468937928609185,-0.278337986906642,0.625922215184372,0.395573378256676,76.94,1
145839.0,-2.42160735146445,-0.501264065892439,2.17491234257183,3.27921015133299,1.78230773190856,0.452738410888128,0.333627607921136,0.227246464642692,-1.59863475296348,0.642807723637088,-1.41756240097243,-0.28673983284044,1.11072904582562,-0.489708580413213,-0.282110422276587,1.23141547251066,-1.02957384072784,-0.055880160236018,-0.783185155100068,-0.249301973472333,-0.330894882018098,-0.53805310227006,1.44679621275918,0.384694639471538,0.660211360658271,-0.136567008749055,0.180398333473575,-0.117672952761975,45.36,0
43935.0,-1.46781863695548,-0.363749253346616,2.95619318841357,1.89897135331014,1.00305041757976,0.0608209130673595,-0.380689166591191,0.285011205063154,0.274791579741057,-0.0570614481570821,-2.20457395658675,-0.993100812304333,-1.7034863487608,-0.761666838665443,-1.80914215189461,0.295069842878649,-0.396429336563488,0.132294774797104,-0.870182275318555,0.0821686175087558,0.0549701078779014,0.207908351694735,-0.342803926328246,-0.12718902854548,0.658982201173875,0.133095443857194,-0.146387280326535,-0.142303834214328,1.52,0
78040.0,-0.92382287896226,0.410134294186939,2.31459600073438,-2.07921518530965,-0.463165694680379,0.0053002420950967,0.0520160949010621,0.43796006319673,1.12030104518097,-1.52731090260416,1.13621002492694,0.759323549028993,-1.09804116863357,0.0511928840155268,0.324713363086349,-0.351190841753132,-0.297507308618645,0.415094851623218,-0.0532215052099095,-0.0533211102133893,0.0579052648623994,0.392913666027884,-0.33569973251238,0.006633627472771,0.442138076678974,-0.742002871752478,0.361436207886397,0.122556237836982,1.0,0
164646.0,1.72478190942105,0.197103408763446,-0.209237651661743,3.6139099106403,0.79290597369635,2.09275600745388,-0.491246781645232,0.603959180853577,-0.446912053539898,1.15968746445539,-0.762750989336017,0.142663650304634,-0.172762367252003,-0.0415785641335669,-0.229884392051359,0.0611559769911248,0.151912048966971,-2.14782073568726,-2.36194371713658,-0.348378191707173,-0.331143917021063,-0.855096572798075,0.603920841954007,-0.457557198653476,-0.769002483278274,-0.443110773241483,0.0463429115872561,-0.0317682633777425,18.91,0
84033.0,1.25711058138094,0.536029443098452,-0.703345357589889,0.687598943446973,0.256088836385076,-0.962968662542044,0.243480657330328,-0.101854367362116,-0.276408020034942,-0.518527380074603,1.45086357798358,-0.0123801441669289,-0.957343972316437,-0.952833853392765,0.384545248415975,0.883864127105844,0.713094138736676,0.973409947088183,0.0546167067280434,-0.102364992780558,-0.133831415707169,-0.403722867628227,-0.126919045162344,-0.137260509969432,0.556615990559856,0.374948161307304,-0.0404476843873847,0.0275071176281545,0.76,0
142347.0,1.99480633494043,0.263177185610298,-2.20448545405254,0.91119070615043,0.408249274886195,-1.18269429111222,0.141574919290922,-0.198660474765743,0.78319469863074,-1.05737087734076,-0.0608964976812779,-0.365025266364143,-0.961503822589645,-2.49353791777373,-0.255454979031413,0.232298059845666,2.23769109473865,0.533790297710296,-0.463416679534957,-0.172494012954583,5.80266053930301e-06,0.260685186929406,0.0462214307127954,0.929739254824266,0.137837736626154,0.675178945259665,-0.0429046639011611,-0.002681180212782,12.31,0
144995.0,1.9581213312776,-0.517165049657182,-0.208822023537748,0.150664233533615,-0.501192140235875,0.492456078384743,-0.994430897357833,0.292182359533789,1.32109387500646,-0.011698171424432,0.40064793749671,0.995350615901559,0.23592100460907,-0.108697684055111,0.285533160842981,0.779157707216668,-1.11697758452651,0.941089911845303,0.143342131394151,-0.155987895239806,0.0950556334912459,0.396803184912441,0.236189508935455,0.268413777190232,-0.339115957209214,-0.435667982933815,0.0489741008588184,-0.0332559510153183,7.76,0
58950.0,0.425974022308508,1.34608562499461,-0.455199280648589,1.23509009348321,0.375772259636378,-0.0470846832517421,-0.725372015701951,-2.83061514828445,-0.712329037266713,-1.13516203159979,-0.575888296113111,0.42265852338228,1.03693034181,-0.868934464018933,1.16859191707241,0.663596789406835,0.624156198193792,0.716114037265598,0.0400478548175963,0.727018075029709,-1.34729595336422,0.261184949701694,-0.147497549189752,-0.54252726660294,0.959207333547367,-0.184966273237654,0.0616831393676084,0.172377830999017,1.0,0
170022.0,1.8285118550593,-0.399749783186445,-0.732698474944993,1.042104523701,0.0201460042889889,0.465077666463926,-0.37249581383785,0.156353088284658,0.674508205924345,0.293551214056224,-0.136475133728701,0.720449729482242,0.0844607524915969,0.19934163113475,-0.14019148960245,0.807555066525642,-1.22818460890825,0.568702295767923,0.184084986880474,-0.0672134808052567,-0.184199658423187,-0.614823740269178,0.181001713892695,-1.23660886111947,-0.316396241521127,-0.935591864793065,0.0361191702989635,-0.0334571140282324,83.94,0
52999.0,-1.27716700114089,1.57789961352799,0.448534161159299,0.974964059137251,-0.511276099252278,-0.799298046702491,0.284776417178255,0.522493540638383,-1.01691338482489,-0.496756264314462,-0.622444712530664,0.729063104182917,1.19733281560239,0.693405425956326,0.853212859921502,-0.129073920068819,0.0661130101011159,0.0492802290034999,0.430533568833731,-0.234754320355422,0.266061776278637,0.580619225806348,0.0441488967805221,0.430718379525403,-0.169960126330887,-0.354576918476189,-0.30213638925795,0.0081883642394899,37.95,0
123499.0,-0.680417594075547,1.59302068060403,0.385944703103563,2.81889447158771,0.78360853448954,-0.0896969179259335,0.662376681965528,0.351546033548835,-1.73175237829079,0.65418003576027,-1.41719828905917,-0.308860900618816,0.0513707109571485,0.363478279950191,-1.43586377780134,0.719638246148415,-0.637270161009063,-0.104922659141423,-1.97764142664398,-0.344959702943748,0.518090256595117,1.31723200851241,-0.0876648339912801,1.16338645804368,-0.606293928998804,0.0029244369108444,-0.0587021532936321,0.175301298357163,10.59,0
90676.0,-2.40558049004183,3.73823496480673,-2.31784304058402,1.36744244056479,0.39400112765787,1.91993798476143,-3.10694204753682,-10.7644025337266,3.3535248599039,0.369936028027435,0.382172176843061,-2.26293253493218,1.21060458321664,-1.88061870491121,-0.934160416330735,0.235476804417352,3.32156931100987,1.90627082950488,-0.581355690647057,-2.14087382269319,10.0059980130045,-2.45496409501601,1.68495694696092,0.118263083149952,-1.53138011163519,-0.695307571119466,-0.152501562016877,-0.138866256312262,6.99,1
73606.0,-0.39028593080914,0.43088846386259,0.956610138786453,-1.49702874976611,0.27029993929398,-0.558536972874636,0.640882740376742,0.069203472305111,0.435570499031,-1.29460472113699,1.2453235226159,0.834225971467672,-1.01951702714409,0.574955799605826,0.0961789459633207,-1.29499966974745,0.23809420996144,0.0075031276808409,0.927824762217569,-0.130073378998789,0.138483695283775,0.562291172732521,-0.325178703290012,0.0333178363607707,0.368350981377888,-0.576685521741841,0.0944974887586297,0.0385920138204077,1.0,0
132475.0,-1.85607390650868,1.66171143906565,-2.22957915083275,-0.209997065637907,3.00018065967157,3.88229517323644,-0.702753382638879,-1.65582580479818,-1.3030616844333,-0.26903787930523,-0.272967409521079,0.126868630647368,-0.450906906031437,1.48025424285389,0.887771389132905,-0.570762737249073,0.0407591498101618,-0.222136649553768,0.400890741556519,0.321268443934294,-1.05713176792572,0.688610805344165,-0.0053921807221001,0.687207591134514,0.0156253774822566,-0.507455781737181,-0.648172846083893,0.200530929263155,21.0,0
77014.0,-0.366027872065026,0.848584083629213,0.867919986155126,0.875891762760055,0.729662631608621,1.13357838680404,0.414840256311719,0.42176603362675,-0.241355120291036,0.102942224410855,-0.373432889485744,-0.393930097200609,-1.50083017805331,0.430733325554653,-0.221461588603294,-0.563072599435922,-0.0211907221036579,0.436699938228264,1.52473068632155,0.105092273163068,-0.0849551784811417,0.0145828410202331,-0.297431549825777,-1.33367128936208,0.0096068850509588,-0.153524056734866,0.412317040197614,0.177746590530806,15.99,0
142749.0,2.18833948723301,-0.654638876605947,-2.44406433140649,-1.20392816849341,0.461582957598695,-0.770222994038762,0.201534864813224,-0.396666765952717,-1.27146080540152,1.06299504466985,0.681192397801326,0.0185394249787267,0.434707647680222,0.464306299305614,-0.725215924209175,0.79818470776732,-0.12979187494928,-1.04118263458212,1.13775679838256,0.122069867044518,0.391246521398901,0.983461774437806,-0.156843834667091,0.270079415602362,0.504142718587536,0.0529054027852541,-0.0950245806355644,-0.0804710535322576,60.44,0
166504.0,1.65272119827212,-0.666652363835264,-0.565293249868802,1.34735773947434,-0.488840436407906,-0.0583586245300878,-0.314397134320016,-0.0067279984089817,0.88818040649578,0.142963228069023,-1.00038555709877,0.158548023218614,0.106734742787745,0.0357777990625889,0.852050107013586,0.526603193233871,-0.82262632020382,0.4391366889747,-0.784235421566297,0.113902248036232,0.314920004415027,0.647900718395936,0.023002216431908,0.722720935374108,-0.126665267226952,-0.612242022650646,0.0202840744786168,0.005437303023827,171.5,0
75179.0,-0.683790099177331,1.12848199018212,0.969095591009061,1.04728906865015,-0.583709728202828,-0.882000143193416,0.723724824435082,0.220561692083854,-0.857190213775474,-0.508003731466611,-0.414770033472958,0.0194744864297495,-0.143912330752524,0.724481077819825,0.972296189501203,-0.27481362440485,0.10343629542952,0.09544384964875,0.286127850071114,0.0302382751525632,0.264472771193057,0.540053449518677,0.111397794388492,0.713984383530534,-0.251905514286189,-0.354753485523875,0.0209762513214421,0.110525478898217,85.25,0
30174.0,-2.26890252342146,2.2346196739969,-0.0291212979132085,-0.0995116446888812,-1.23479234530262,-0.995644142092757,-0.384909835838505,1.27174413232683,0.0524312188295461,0.482801036481947,1.05489245227977,-0.0072589900097996,-1.9267931923065,0.65283614178695,0.387918401943085,0.82821332646716,0.314597222190409,0.567946088275106,0.0034719147359565,0.225060909010005,-0.275062603879876,-0.810497269919462,0.168998410525051,0.41269256501287,-0.0409249523972705,0.0453446801863573,0.124669638224652,-0.0944707386095612,17.99,0
76004.0,-0.0222102947771102,0.985260759051968,0.913576955310319,1.51525788002664,-0.399546223200886,0.142217323437285,-0.946667878763872,-2.67264519954333,-0.78026081696469,-0.540584581377904,0.0764934781182763,0.552332554105445,-0.0396047857737208,0.857740671727048,1.50858965653569,-0.449645653231628,0.380298211602459,-0.466697667160525,-0.253992511872617,0.68331479658651,-1.09811916410101,0.884665660205499,-0.118860052636568,0.42751545791223,0.636436386727334,-0.118132575005585,0.143445013858835,0.265598873506795,30.0,0
136966.0,1.302183360055,-1.37247932650374,-2.97330135636744,-0.195381920692881,0.144238943876533,-1.90955105036545,1.6578031942166,-0.923987438610264,0.0028797804171818,-0.325841066975616,-0.449436401196343,0.874794474268503,1.04959696144061,0.694839685550134,-0.104039684678038,-0.970886308264385,-0.0048552566571852,-0.850576131267967,0.297589074086587,0.790238060178582,0.539632128215142,0.787763171190492,-0.584655097044205,0.246162156065399,0.449894093899163,1.21200670361252,-0.243063486605871,-0.0205534331935526,462.7,0
65654.0,-0.699744841555699,0.0156253066470907,1.90019515181174,-1.38860448403237,-1.07415831047506,-0.547855743563953,0.111958814963677,0.054155185227811,1.04359877289523,-1.23685982883809,0.138783932091276,-0.261942409539433,-1.17203127938259,0.297026648096011,2.81958578859556,-0.907235381093076,0.516535858365847,0.0654024556144387,1.22494549430983,-0.0010029155365357,0.139110930524874,0.46105608262128,-0.0381059261644657,0.429588214261596,-0.395612617761694,0.0480232850639247,0.0638863665451133,0.105239061190477,88.61,0
73928.0,-0.687611152861821,-3.8827607812995,-0.995549226152214,0.282563870495248,-1.8560834773071,-0.0422745653798756,0.911744533977239,-0.24420957847623,-1.0682631105115,0.292726130255253,1.23337192450879,0.39755664610257,-0.65724954345925,0.660259460526942,-0.284508903282585,-1.77754650377478,0.495706324483297,0.889672255717723,-0.932843451725787,1.51711357470739,0.258540768505097,-1.03504973683971,-0.861623927804746,0.300646779844889,-0.104234566302677,0.984606538169729,-0.256181950851915,0.164125550490304,1038.0,0
40106.0,-0.589925436803564,-0.0828066039440102,0.667308798445348,-1.50386281044463,-0.559826928928004,-1.1298124807833,0.467588066694776,0.190424258414639,1.34284391728082,-1.73444513696178,1.2544948186457,0.0116051370364988,-2.32155594025011,-0.767185456467253,-0.0049665197455688,0.168362697477721,0.498155730640366,1.30769587901,-0.0738898900510625,0.156186017879375,0.0890841032541273,0.166895529840302,0.180201594622561,0.364600169113424,0.113703274560508,-0.844019245581341,0.248539573840484,0.0712951942333365,118.09,0
86286.0,1.17851512037101,0.407378172380441,0.666196751797854,2.06390578055084,0.254805541977488,0.858824567946191,-0.293667486426844,0.186477129734157,-0.786338676878852,0.776131564434712,0.144667902215133,0.812083301142732,1.49773078090496,-0.0643691396451335,0.0809419796211347,1.57314497936852,-1.59458905662816,0.704106893109369,-0.339544812862022,0.0259337816087271,-0.091593101590601,-0.322161101212207,-0.108060670916135,-1.03760424657306,0.386170779892617,-0.0856960026223754,0.0174368319418963,0.0173852733390677,19.95,0
35474.0,1.20958704770604,-0.946630918438953,0.379567260801114,-0.29150358732244,-1.40187965937354,-0.800790487683844,-0.504080155547454,-0.0954836646956368,-0.236485264544962,0.542955051822262,-1.13146632408104,-0.777402364685469,-1.49305750832852,0.109554046631086,-0.103844570410372,-1.65372280859631,0.47095245910036,0.715551261072695,-0.35277021769966,-0.437438834545805,-0.589600719885117,-1.32857111015935,0.0714983945737313,0.359824763934088,0.114155844445872,0.909882010377641,-0.0726103213859555,0.0182936977864194,90.54,0
72058.0,-0.304870903135603,0.414377694088916,0.399626753090288,-0.107595259119652,2.65504426882207,3.88493827441444,0.127194923929367,0.782972970912894,-0.184383377769853,-0.16763064726277,-0.532316559946638,-0.137305097935206,-0.224124241041302,-0.142337179212272,0.194730316778706,-0.421446739388538,-0.404487280791102,0.153099174875416,1.25642052417779,0.24261141894984,-0.237352546248242,-0.540132794468619,-0.127845433809427,0.985898528992193,-0.0468880280409062,-0.502738990437585,-0.0022538494208223,-0.0834842099453674,16.84,0
159624.0,-0.171177409936062,0.889243825518075,-0.235730411218963,-0.980908398206187,1.22388561034604,-0.946836124201149,1.05248260034928,-0.129853761268702,-0.408568708555844,-1.21007120998541,0.918356593212718,0.571989512081142,0.249555351619555,-0.782243418015684,-0.532841440936798,0.645687987422288,-0.255637705945596,1.03385121617334,-0.835413466221368,-0.145521912073,0.310345678811297,0.913408447396211,-0.386727487640408,-0.458785720240582,0.238638980409053,-0.234461785357648,0.0462157020160542,0.0510069413837439,5.49,0
21388.0,1.18591938845454,-0.344152810138088,1.00308547252453,-0.560480549210903,-0.987643768739584,-0.309084002070797,-0.752254629644801,0.04194604350857,3.15395642849904,-1.48944507173939,0.666908285101421,-1.8653688346497,1.23687856579464,1.38500462676092,0.826230954098983,-0.745027525796377,0.883899143906277,0.058470400158542,-0.0047042670794371,-0.200604230955792,-0.132966854345674,0.10748274061629,-0.000472607434021,0.0226039132366132,0.389312178168068,-0.695142303578761,0.0790865886535469,0.0265639869073451,11.85,0
71736.0,-1.79051424513252,-0.322883326326577,0.240103304113958,-0.989852722404379,1.31087476418669,-1.17441269322513,0.855429272253696,-0.40830163771137,0.226327687617613,-0.254502753405854,-1.21635513966421,0.595174539282747,1.48817563715955,-0.536324019546429,-0.643715608598929,0.120491857384473,-0.754159962195458,-0.626257220432015,0.0756643342282884,-0.691075813023515,-0.249106217224872,0.375417681690491,0.756218894552266,-0.330050598301073,-0.0611642968791378,0.915932196770768,0.283978254397828,0.0118426670793034,4.9,0
11080.0,-2.12548982597957,5.97355569173344,-11.0347272274446,9.00714687170235,-1.68945053397167,-2.85441528535313,-7.81044074525876,2.03086994595841,-5.90282812214984,-12.8409338181318,12.0189131816199,-17.7691434633638,-0.431035658230095,-19.2143254902614,-0.962464574748091,-10.2666091836641,-15.5033921000669,-5.49492764246329,-0.410480977392724,1.49377464554928,1.6465182926595,-0.278484510810644,-0.664841293974353,-1.16455536944202,1.70179641354046,0.69080561470369,2.11974873337031,1.10893340333617,1.0,1
129847.0,-0.459161565729443,1.17961784727974,-0.141682179001858,-0.344146281217755,0.308782778025832,-1.10097373610049,0.744748943543305,0.0448332119791373,-0.418836532892076,-0.706792536805799,-0.872208736801708,0.518542443485509,0.884212646849377,0.542336062588858,0.479103791058073,-0.386116328013149,-0.287730286982508,0.0524544715723193,0.0179823262673708,-0.223134199095038,0.467611693671247,1.37045658439862,-0.124329926627022,0.0517816111860145,-0.445294036751191,-0.169302457451126,-0.0223537556714053,0.145838203679411,8.3,0
129712.0,-1.74130141343084,-0.660269110834338,2.78265603604766,1.22220818255143,0.151661855905874,-0.234323248796782,-0.589340416620754,0.134703306577688,0.864599335260469,0.12876001647538,-1.2375480205859,-1.10900005068136,-1.47357615631645,-0.363097183339287,1.54279451382472,0.283945585788693,-0.467152753652586,1.06791985152559,0.310883630853015,0.0435225676032766,0.110536419334775,0.692545255379927,-0.471297498426415,0.0306382207688276,0.309685072493359,-0.291221411664206,0.250474548863703,-0.0966039114407455,100.0,0
88406.0,2.21766188320746,-0.597584340102221,-2.44750751837558,-0.802657393819043,0.0317638424019484,-1.87996831626535,0.483632949613413,-0.660457159989837,-0.932223475200664,0.942851264888068,-0.807158820633102,-1.1054520875044,-0.960063643214784,0.623441778939192,-0.397833751566661,0.0404742434324676,0.661970272872075,-1.74509399649157,0.671108917219021,-0.063328555183322,0.495810926085739,1.40907661473143,-0.244006495459856,0.0692310477470958,0.707715153922451,0.302192206200688,-0.104571727231927,-0.0890628927043279,48.0,0
46231.0,-2.04277455666051,0.0591435253853494,1.55334084777982,-2.15085041410172,-1.3549022967713,0.743004759716852,-0.160964063954956,-2.32965442968936,2.15450058493141,-1.87712518257401,-0.892907158995556,0.944382855392568,-0.340727343694672,-0.800037463841594,-0.661298009712187,-1.07012418475176,0.597171054082955,-0.55257733196263,0.164201886881745,-1.14982887898526,2.22096868558868,-0.0281973498330466,-0.0142471305179778,0.16436076408061,0.36760708207899,0.0710982930330883,0.366247276220346,0.0626134306561591,200.0,0
160243.0,-2.78386548658584,1.59682357624614,-2.08484398883683,2.51298558446866,-1.44674856585353,-0.828495614406621,-0.732262192061793,-0.203328860039345,-0.347045718430565,-2.16206139007752,1.96612345703981,-3.12745594474482,0.506574101009247,-5.92613104122097,0.931090795564338,-2.49930719432672,-3.71275186652084,-1.1421334371849,0.626240855695279,-0.515000920121256,0.203563419764299,0.29326788153054,0.199568287904264,0.146867632313486,0.163601884592709,-0.624084665941504,-1.33309975919931,0.42863399433625,156.0,1
76372.0,1.08908044393431,0.27920926537273,0.908476024494763,2.27879139321965,-0.158791200924948,0.66083079323473,-0.447044896765962,0.330047320390005,-0.605613648018917,0.812925561627561,0.925576847374146,0.225224689626537,-0.502021219535918,0.390722567905972,0.40259560966151,0.960356437095533,-0.817719901106247,0.324039099700531,-1.16350484311549,-0.174398572999738,0.195527901134572,0.513569478261857,-0.0796921177634176,-0.324301917702008,0.354681788294765,0.131341613992784,0.0203184718748289,0.0126053390549112,10.59,0
17230.0,-0.469326705102944,1.11145278248281,2.04100272504592,1.73159516277684,0.135146841769907,-0.0936251754891053,0.266155169970928,0.0829882363836626,0.58025540346041,-0.164562674892883,0.500376369958899,-3.0217601822032,0.924213260310925,1.50079377517002,-0.400282644242405,0.706047712602575,0.115114264650572,-0.0467958788933584,-2.54852159198286,-0.358708665630957,0.159387389394564,0.592669568808717,-0.0535961838321624,0.320747502076217,-0.36912075429213,-0.136604684929151,-0.100845186803931,0.03934714768212,3.93,1
83362.0,-0.599228315655986,1.0428967401246,1.02228899623386,-0.15777361924553,0.0039491604667143,-0.566189892481921,0.390527431898943,0.253501220602152,-0.048830497385596,0.0468563721713323,0.773683965270311,-0.854671199630125,-2.47690334414195,0.18842123315554,0.515752328023,0.775211054495937,-0.225082890141713,0.763012148612028,0.312957577079279,0.09074715981351,-0.295875186899642,-0.871625775183413,-0.0364778971386836,-0.126835657857583,-0.183673504757379,0.0886060193044807,0.33490769748682,0.13759060223493,0.99,0
125551.0,1.9984014686995,-0.044056367786957,-1.70194216792307,0.166136200047512,0.399568580960663,-0.953382247981366,0.480102593404871,-0.351466723494302,0.275030798494236,0.0226334859644991,0.80043989889025,1.39223624445451,0.631263964453693,0.625007786121408,-0.370238636579296,-0.354395559733477,-0.72484718177277,0.211906527880821,0.439663717270343,-0.135725987507573,0.164215665029594,0.601597502024003,-0.0730090525104989,-0.301310342268524,0.399996110855445,-0.524207424575499,-0.0132308196667959,-0.0653224210820662,35.0,0
46980.0,-0.457622639945627,0.255205526166414,2.90126767960725,0.383476415020694,-0.728248915706563,0.17559257568956,-0.096055037510431,0.0305384941609271,-0.050650005145334,-0.132016061803269,1.44048096809192,0.972225144279081,0.529918165984652,-0.541814581197202,0.346496628917451,-0.562346231888911,0.282050996410806,0.329356191498654,2.29792333132742,0.419483411012041,-0.0163836328337785,0.271791124621706,-0.166837840586141,0.642629057895416,-0.241528822158491,1.2143958824404,-0.119791944742381,-0.146993073719647,22.08,0
35143.0,1.04156223596454,-0.859989083120063,0.522942707810349,-0.104759364260426,-0.601037080988644,1.06579806272888,-0.84048803371058,0.471790017225692,1.22809241421547,-0.323287539909711,-0.15895553960418,0.210885968205586,-1.33624484241977,-0.0972602496530951,-0.499764884861888,0.201494711748686,-0.16736340801581,-0.020555397976689,0.818652958403078,0.0212711628714751,-0.195890322433056,-0.561353774153207,-0.105347932836966,-1.10936384978981,0.109240991052324,1.02304806745966,-0.0479314595790236,0.0006560560392959,93.8,0
75861.0,0.798935446641545,-0.50712761704165,-0.567897734728902,0.592209405225652,0.213377059787351,-0.106811208387806,0.656058352448812,-0.256496397958109,-0.27133072270343,-0.218890864664579,-0.622446538658208,0.68595529143173,1.46878411339343,0.201084706035809,0.998694058594247,-0.0726997167427683,-0.378140836461172,-0.763381656930436,-0.245752190269225,0.493201991607623,0.0864369150811248,-0.205537831294137,-0.377780367519495,-0.682928262727376,0.555848493539679,0.417452744920254,-0.0772133232248691,0.0419008034834657,263.88,0
131460.0,-0.514099287834218,0.655905163825447,1.08709575585226,-1.84572777417182,0.973412380028728,-0.660870554970661,1.45963407170037,-0.562963262565393,-0.0379303945223425,-0.236808069301099,0.782303225810324,0.540280635903791,0.0829116246131354,-0.192441186492375,-0.925334791578084,0.943608908578867,-1.71911128944537,-0.288088696832071,-0.842852958375519,-0.180228201080229,-0.414924894326747,-1.05015621574983,0.14226589530998,-0.393688300990543,-0.937821139052739,-0.321222753422085,-0.49693636171343,-0.311441732542028,14.73,0
66612.0,1.0193532550212,-0.24512036045634,0.322418862159927,0.721749462622597,-0.368471729988727,-0.144947849074542,0.0513141262424126,-0.0355645561341617,0.103683147125323,-0.0924877306537837,0.869365850638028,1.4501199234484,0.688850271136995,-0.0162224433736911,-0.955301108368175,-0.0118464742111997,-0.37699176743391,-0.181061037630352,0.594721232847897,0.152913680005286,-0.132818612011846,-0.426084828689806,-0.136872638881108,0.0731139800628382,0.455943576282869,0.258505111189104,-0.0407203015728232,0.0184817318807294,106.97,0
113060.0,2.11436005745924,-0.913683592571731,-0.435742927694257,-0.783795787277426,-1.04860638014605,-0.618671167086155,-0.910227530961382,-0.17361708443046,-0.116665851234003,0.684766448911731,-0.277120443880731,0.349785871612097,1.58370434050826,-0.755567260854774,0.0356435402752641,1.00528585167709,0.164982761734743,-1.40546681399427,0.302640312367309,0.111827483177037,0.367875715570928,1.14061611407737,0.184207901565479,1.22275412899372,-0.138808096087401,-0.15320835910046,0.011957378588897,-0.0309930452001497,29.95,0
165557.0,1.97741567670639,-0.249809435875076,-1.11461683326104,-0.107373695418305,0.204286880328222,-0.103288495539794,-0.138444212125231,0.0069217176455644,0.252915855966091,0.215877353952494,0.859986951669052,1.00406979069401,0.399634358618489,0.448612385437952,0.247831680357911,0.718936381505722,-0.970667399474716,-0.245893241281257,0.409159655713706,-0.0668218654553842,-0.414558104540274,-1.33431318756835,0.495633482365193,0.176965928949926,-0.690290090950914,-0.0039185201285535,-0.0781778369890654,-0.0501908335209355,36.24,0
128595.0,-5.31377384241729,2.66427399774238,-4.25070701802015,0.394707094952515,-0.391383377283543,0.683526139774215,-5.13367100176311,-7.90778989157428,0.215474664930064,-2.29773425918487,1.96148093151336,-1.94444112769897,-0.69255896504056,-4.3463476308633,-1.72692923293524,-1.82040477188062,-3.74648955100281,-0.880399311360603,0.267914551538718,-2.64290184721809,8.66466242953635,-2.71638258812677,0.483559093855452,0.0792347976258407,0.311065240462952,0.555544234123026,0.176740004036668,0.362906575787496,1.0,1
148979.0,-5.22562536573708,-0.776349440414064,-0.873901294029029,0.449453122517478,-2.86672493494233,-0.0655050127706293,0.0370108002021272,1.5751738372648,0.587344660910044,-0.932980417353787,-1.50901361033698,0.0704585606935297,-0.701282884714821,1.0784728246834,1.19028700453147,0.861022652264938,0.282807440482008,0.41155259245424,0.0346054598367754,-0.136358648295941,-0.130097442738715,-0.584164321015855,-1.33664679954977,0.0677706641236368,0.288279678120789,-0.32469621948878,0.350683428873829,-0.416865312105345,297.0,0
125502.0,-3.04214850067133,-4.33141644096839,0.507447591170722,-1.77124776036802,3.36647513789691,-0.795634407339223,-1.05631800717507,0.474758138127585,1.35956860335756,-1.26293712232073,-0.864129786075063,-0.119069092457586,-0.650314514404519,-0.0450078188833537,1.05284726583656,-0.153575416488893,-0.429703313118551,-0.809922349609105,-2.2184202955179,1.19010207689555,0.742171748823711,0.915355967975062,1.27084360063415,-0.573016261752908,-0.833447375521517,0.418495687566571,-0.190000194180745,0.0678253741439538,281.6,0
128689.0,-0.921082615437551,1.93834806812232,-1.52335926477538,-0.207216299487605,-0.0017136659176809,0.778764234595112,-2.13668020351873,-7.91181014420598,-0.22095985749324,-1.32224268319467,-1.73846295267628,0.542777900307136,-0.857240210916831,1.46898566456312,-0.164923902316762,-0.0869376520349167,0.047666461378064,-0.177671961756622,0.1732006553948,0.575400311763023,-0.359360005948354,-0.21868566081783,0.300877847675689,-0.714980530547095,0.51809716793259,-0.27994203087701,0.262624335724189,0.344540348999938,56.3,0
27321.0,-1.72525541008703,-0.0781763989824088,1.37407251492432,-0.334999793571284,1.77290321695543,-1.3593672021191,0.0132898052279753,-0.219678544692958,-0.167301117055474,0.0760969551167453,1.24763237379438,0.627964874896527,0.237545456109639,-0.58578371634158,-0.100377641356573,0.83339720055584,-0.755409376393305,0.275709390653729,-0.247664356982906,-0.33395160872681,-0.364680946948661,-0.604689808482461,-0.503748773728878,0.0051376628708727,-0.384086170135366,-0.102427272649873,0.149388286928134,-0.123591498142576,0.89,0
161992.0,-0.929451171455589,1.47964919513489,-1.35733035660341,-0.665963102056834,0.823653885047649,0.559663618070495,-0.024478714256083,1.22348218559916,-0.147931792043352,-1.10774718783597,-0.329662814615113,0.291345235855196,-0.285156451161553,-0.291972421827393,0.558422335964579,-0.365413770346411,1.60742250428028,-1.55745563114563,-1.41924100433358,-0.188589280656993,-0.201640522945527,-0.547416942592048,0.304668794628792,-0.464350273904474,-0.568041851097863,0.219933016446091,0.132266352346167,-0.0017819182089749,8.92,0
66037.0,0.286302363835244,1.39934474808556,-1.68250270884931,3.86437703955242,-1.18537340204974,-0.341732013808781,-2.53938012266357,0.768378375007388,-1.54788162780199,-2.65971794652165,2.6215881261205,-3.46236188507757,-1.05430017332918,-4.95582330430277,-1.40027445820489,-2.33994291742419,-5.19779447735003,-1.34281449785555,0.288846910516582,0.270360155086889,0.352456413618901,-0.243677652080658,-0.194078546536702,-0.172201087463232,0.742237197555102,0.127789797006944,0.569730790365159,0.291205858831994,7.53,1
4313.0,1.15869937602772,0.331467847385589,0.689981146823551,1.67213875516198,-0.255822044164958,-0.337555183716471,-0.0464789186146701,-0.0996162747736554,1.599443075069,-0.483461947354959,0.652977842297811,-2.02665739860475,1.15334149887781,1.57761226179648,-0.824536487841159,-0.835255077872237,1.13185503274519,-0.777231809440918,-0.68992743473325,-0.278714088299257,-0.238616327267301,-0.201781336002048,-0.0003909835246996,0.33875071331917,0.588835987126834,-0.369251924034552,0.0131246944510283,0.0108864294235151,1.0,0
72556.0,1.35714226947189,0.371745110769288,-0.264507167146714,0.356928921457114,0.375369853532305,-0.255236795478058,0.104235759989172,-0.154585021180529,0.0201935583761885,-0.301222947707638,-1.19628370147671,0.153499429882252,1.18659363021927,-0.5141119336483,1.11769247289006,0.853143338254395,-0.555156292235343,0.069600159302083,0.324718724516683,0.0086381313492687,-0.371970648717457,-1.02866793163961,-0.051514691193349,-1.03746112854101,0.427483316166284,0.178931566969393,-0.0200603400319024,0.0180057238832514,0.89,0
59494.0,1.04971207637754,-0.681280819523243,1.02417988124879,0.263165010628281,-1.1811419575535,0.0698053729789914,-0.72759428871538,0.241594214699237,1.37164763082283,-0.490014057242117,-0.769554476643927,0.0435380210088382,-1.20305409726109,-0.280566662808344,0.0839724686777647,-0.350813174344643,0.492500171984721,-0.933546448007907,0.0950573376254344,-0.0610126945140704,-0.182680870865587,-0.424752025402893,0.0699446864148353,0.119343598676034,0.0011946746675064,0.969837687123889,-0.0362743911042403,0.0189674965186336,69.32,0
22913.0,-0.849881311158869,0.3513698858475,2.45916861056496,-1.96700681624594,-0.102351262070002,0.268754242799965,0.171783047332687,0.163129169596817,2.58678604866389,-1.69177886548125,1.86588783481992,-1.99881883422804,0.477078954388646,1.28033153646565,-0.345720015483027,-0.361706429475105,0.217998307375116,0.785912616925791,-0.132337293499303,0.0182519679656115,-0.155820053587581,0.161934635639046,-0.362842914699452,-0.384864073665947,0.439833239224154,-0.788957574284293,0.164021617939589,-0.108727151091886,15.3,0
130967.0,-0.007920201116248,0.581854732167443,-2.66252817816037,0.255160767931046,3.31014160176382,3.53374310257217,1.36889069594619,0.66366305960448,-0.854373879582772,-0.770391711967331,-0.0098418660489741,-0.391457010752116,-0.48932473086026,-0.744370786236721,0.0768708255507475,-0.693488883033362,1.13645581447931,0.344968245227592,0.376212854060849,0.360989358943847,0.247453809524049,0.550574490167091,0.332752037353933,0.5700548807596,-0.716732280604434,-0.524504851911919,0.276972953310412,0.313897013836351,176.9,0
116299.0,-0.446984015165168,0.397821509700067,0.843050672729844,-0.0460555238952926,1.14603982136958,0.553963973169309,0.962959875376605,-0.0931873926712106,0.683946531260779,-0.591292182335472,-2.08610254812724,0.193934959839655,0.0450439059956559,-0.735849465887594,-1.89741088722806,-0.155600934878995,-0.747006985053452,-0.662947116646478,-0.272772520136723,-0.240393621508092,-0.489653755529779,-0.99752745917429,0.346460896770619,-0.0642474643257253,-0.810202747440033,-1.35541510000639,0.0059587153732681,-0.0180059666196157,32.88,0
167602.0,-3.11794873695974,3.14213496033955,-2.71015075752697,-0.692116007540279,-1.1426941308533,-1.16703843926807,-0.97852768445148,2.07343668113696,0.263867733829506,0.768337430502806,-0.268232623486462,0.906222549270487,-0.627800100348173,1.8971549906639,-0.213678778493432,0.365262657674772,-0.0101418351952582,0.953643039998766,0.267677327178088,0.0705617606891857,0.412873352418222,1.15089345522443,0.253108510842259,-0.34929674127059,-0.367314598450504,-0.183187334239768,0.407888868088617,0.330376666828625,0.89,0
11357.0,-0.872882275208075,0.880469799604721,2.2134354512896,-1.21685308247265,0.287124688460896,-0.337387054543133,0.662547873421018,-0.320846675522574,0.939137356731645,-0.767170344868446,2.13123461667737,-1.78381553372256,2.2436770821851,1.18642616970615,-0.730185731429346,0.656974619171579,-0.348355831004179,0.43320319663281,-0.180392056938888,0.0036813600547833,-0.216698251772343,-0.386504281434169,-0.318666915447977,-0.003705153233557,0.0762362027078685,0.73885972479459,-0.508285966294009,-0.190277626027426,8.85,0
145548.0,-0.344417964610621,0.171994924900591,0.186514667904188,-1.31360247857911,-0.548682476773407,0.0810700514520559,-0.0215129876306762,0.434374400100352,-1.68579237761297,0.170525810661576,0.757940564031881,0.0486636841989276,0.387881180892095,0.212168571259801,-0.556620589487675,0.685753913416944,0.531124936627047,-0.731334659589404,1.83399212305719,0.273830129109224,0.446925514076665,1.02781829929793,0.12545955557676,0.742513606049944,-0.515340457191516,-0.116329059036624,0.0392571452108718,0.127195280889977,88.17,0
42941.0,0.575602055618907,-1.84540826072234,-0.554257038389472,0.0599960309261015,-0.598344815920572,0.84694857311488,-0.0570900747745511,0.101689441364631,-0.77959908521104,0.594787078251292,-0.151846382275894,0.16541714866571,-0.336363998725502,0.225002982094775,-0.674857413901652,-1.56335241054573,-0.0145113261520505,1.24276908189913,-0.297627246423806,0.255711159764881,-0.283265127501147,-1.0881790775854,-0.447675081368951,-1.14340987943294,0.35399514351975,0.413923178590224,-0.0735139630151631,0.0555733358619574,407.6,0
149651.0,2.33607509000829,-1.20056093182456,-1.30012966927059,-1.54407791791254,-1.14559218597472,-1.3940819828739,-0.740896130060852,-0.429037895594938,-1.52723286449895,1.70002908817186,-0.931113434363913,-1.11982263663259,0.122737544787141,-0.0504006329493927,0.215194370281433,-0.602192167542053,0.420598429292485,0.0905525358426042,-0.329786796995458,-0.462190274187096,0.0658879224778716,0.666428650424732,0.0706058426985033,0.0290224203159352,0.0829412957265936,0.0704248495086886,-0.0156021216434397,-0.0616363600817065,15.0,0
104265.0,2.04943469942457,-0.352079543819101,-0.699448288158156,0.0787547006518775,-0.121139331093108,0.0553783070679679,-0.695224518136351,-0.0628772646215729,2.63182622128321,-0.525051771567781,-0.521168845763902,-2.42978349687182,1.95643952029844,1.34429806501569,0.383474434795897,0.519576435958366,-0.193897200525948,0.763926594270497,-0.186999384311001,-0.163615398058214,0.0036355394274012,0.369561288465878,0.100841222355159,0.0029500052146298,-0.123454662190059,0.0618007995923169,-0.0267147320982906,-0.0461085597387573,20.38,0
74247.0,-1.23405957163395,-0.826800121148385,2.21411567699764,-2.22489002896982,-1.30584642115919,-0.0583652964219298,-1.4226895131623,0.746950050943489,-2.09524496805575,0.445594617259305,0.139119011913863,-0.246203732890412,0.306909161843723,-0.574133734365548,-1.46446408819823,0.0598826236350845,0.346570402221502,0.815617586564686,-0.103663159395944,-0.259837129996928,-0.0750222169253881,-0.08845704597753,-0.225819512627364,-0.0102112452116493,0.284955631809183,-0.268710578309873,-0.0241381478170411,-0.0831599739052912,13.8,0
145826.0,-0.818577086632139,1.06226796654186,-0.333123751064486,-0.496923533869134,1.56482621392846,0.812737775783978,0.403941928118422,0.717358691183241,-0.710197919730488,-1.44613925445115,-0.387280086520035,0.205502336757566,0.330163010872761,-0.558095311008714,0.817561934497914,-0.61739628476547,1.50240470327331,-1.34974574974913,-0.516048849666166,-0.115907485204313,-0.160235449210375,-0.508115243077463,0.0065797756083922,-0.638360787888037,-0.449013278686249,0.343582532875058,0.0102494880668214,0.0561345645066945,1.98,0
123470.0,-0.564179027951509,1.7299581190119,0.0912952321568272,2.39586174523401,2.33707034734625,-0.0216072004393882,1.67662282741808,-0.259668300490431,-2.48224198498622,0.843521475025249,-1.48273711444629,-0.419083617382187,0.879691235703836,0.367926450816069,-1.07167939360641,0.552259468783919,-1.02875710487765,-0.517038941281359,-1.51747658073873,-0.162402438421349,0.166731194508091,0.362885072916827,-0.393910783563262,0.281426257286905,0.257378188648138,0.0142857085441832,-0.0469301011042597,0.143082096843081,4.53,0
143267.0,1.89088581924334,-1.03443233303712,-0.504816258967353,-0.343671859607423,-0.929390046810158,-0.192124700529977,-0.686410134524767,-0.0563089903577461,-0.269138002008655,0.740487740759148,0.603337640612616,1.4612509568082,1.55948461724468,-0.176446205998,-0.317127513927576,-1.09880351784703,-0.702975278151814,1.53939641389332,-0.428344934408608,-0.33723458700342,-0.484570119576719,-0.984474348721771,0.322097908622785,-0.393078299187634,-0.531537585039896,-0.675705333613465,0.0414593558398629,-0.0204919573401689,105.75,0
33303.0,-0.693962438887168,0.17682605724932,2.44022178736334,-1.1116498365671,-0.531129234048315,-0.313486419890654,-0.0399772800434445,0.242637736633998,0.545765463449331,-1.12230738385484,-0.412586270588304,0.272193256334041,-0.272675009262692,-0.538731231651728,-0.219639614900143,0.0413984805785137,0.0509918273656313,-0.930702059701799,-0.876912238493514,-0.117037325101235,0.0234318322313618,0.168916108283476,0.0096652626710477,0.475280186227146,-0.60344652221778,1.14605998419436,0.0363213605201293,0.115832988269895,6.83,0
32907.0,-1.27032045339454,0.536495119259367,0.762782457062302,-1.28949231291625,-0.60716559569861,-0.232409427760865,0.880045741613605,0.572316963410673,-0.569391881378789,-0.936991060413215,1.16218009531,0.415095694162174,-0.922457769410307,0.817375957010429,-0.0851447728520974,0.508900846689146,-0.347139849373385,-0.334631076812228,-0.660243030603138,0.207328913315518,0.0338274878437386,-0.334178527227838,0.432409416105756,0.0116881814689677,-0.358153211074354,0.667472358723811,0.0685241608487137,0.107668240722599,174.24,0
70657.0,1.2660157533075,-0.27889894464674,-0.7751236529325,-0.428143771860533,1.76131922477254,3.66126660840598,-0.801735563941241,0.944212152882655,0.492759412772428,-0.179818472807598,-0.406611593262885,0.309534531008785,-0.106899466701411,-0.0221188603496619,0.141352393318645,0.253347550697607,-0.52344381641072,-0.310151132900601,0.628779894144345,0.0175495821845271,-0.426218794581063,-1.23912790761703,0.112650466219623,1.00856449325731,0.345091679950681,0.206481912491635,-0.0144311291756529,0.0137361798160628,10.0,0
134173.0,-1.22550142529517,0.619035289128116,1.50502524181519,-0.29995681956253,-0.940522119910104,-0.234058665011613,0.729120822785209,0.413272888073794,-0.189506852229489,-1.35053155331665,-1.02939467829994,-0.154513410851106,-0.290644868887278,0.392530079908704,1.0197350574881,0.268349045590391,-0.287964075158517,0.278260055702968,0.283540192096285,0.22185176348169,0.0018943936061562,-0.437011595464419,0.194684663570696,-0.0227069895416039,0.362617835493067,-0.413711675437256,-0.112740568979252,0.0246531484713287,175.2,0
127635.0,1.73732159214453,-1.50985798459611,-0.70502563431232,-0.051290533261354,-1.28457421228617,-0.520620328203616,-0.54518763700494,-0.237771285778664,0.0582348375773468,0.661745724600811,-1.26603886754443,0.521438749906996,1.12912879258065,-0.52262784897961,-0.497620266787166,-1.59510142409396,-0.0153330282458469,1.05802966439308,-0.829986369977168,-0.153922516123348,-0.0777148614579304,0.136879644441602,-0.0283560127393007,0.0508039763340666,-0.234298119436926,0.762967687562496,-0.0479547987330916,-0.0174596588939522,209.0,0
118339.0,1.80848847037841,0.0224465797481602,-1.61967713324536,1.76090691546419,0.850278158080866,1.52630135167645,-0.80160423702813,0.595258791550124,1.56086059617435,-1.3315015804278,-0.550391054907691,-0.0934825142270551,-0.727790382506736,-3.43200920403672,-0.212097523702388,-0.314639465367763,2.93600289213787,0.151301978701008,-1.53040241651799,-0.28753156156692,0.129416024604819,0.961028538481322,-0.017050502731366,-0.775354320383052,0.134552000492403,-0.207818710444841,0.151959150663394,0.0164921715395576,6.0,0
37267.0,-3.38019526218842,-3.21249256799345,2.64209158842457,-0.837088768182018,1.33430888073068,-1.22344449303826,-2.471730344186,0.54078035436227,0.207129660132586,0.563564664635724,0.296522366696093,0.282208838594626,0.0678175206493212,-1.22705454709212,-1.83879495571438,1.25418227406006,0.109623161394349,-0.608569030538335,0.795532972914271,0.204007100209893,0.101018225020136,0.658780097420841,-0.488384920696626,0.124110987379037,0.593514465481329,-0.107623560328506,0.675338051996777,0.256619956919506,95.96,0
60315.0,-2.57412594263599,-0.17957322381937,1.54342112111261,1.38599432475689,-1.01468792426445,0.278119602005709,-0.375433460653749,1.05656215947105,-0.298270290088662,-1.01105975098691,-0.815401697981086,0.289646614730889,0.083762439024729,0.376283631076618,1.1595278481741,-0.0366292755268142,0.484646519877494,0.0281667956374802,0.203244574493383,-0.225346278287413,0.136670132378043,0.350234285850197,0.454892258358095,0.0904332942424716,0.311722796876997,-0.22583074869118,0.0277621231580104,-0.517450716770137,93.83,0
149346.0,2.16673918674052,0.16942360256623,-2.83315314290547,-0.253801195239145,1.33673736437505,-0.966302942275725,1.0251995111181,-0.574527959911662,-0.275927167144096,0.155585257173903,0.220418055883311,1.30974824362642,1.2611799812048,0.735097347459889,-0.871790897989865,-0.573969443539814,-0.7767983173076,0.0721519975197748,0.883980688035433,-0.105331157540371,0.282106157391362,1.05361610386278,-0.375866855847099,-0.960751206514895,0.911641048229595,0.502332415312074,-0.100626234775142,-0.106916155617376,14.0,0
101827.0,-1.25943566323672,0.212172973358252,3.87058515328659,5.20621469882807,-0.156260728072514,1.82491391588728,-1.03276757801832,0.338716559670443,1.26338328885658,1.04892653818154,-0.874356475621715,-2.75704161693458,1.89503613166947,-0.13944114988669,-1.66297389629003,-0.583804836217103,1.38029276640472,0.565801362052065,1.30334779513566,0.271652954818764,-0.161618595204556,0.607489789366609,-0.452701944361549,0.0002342649515481,0.0882614077819959,0.606763380336353,0.249109325138888,-0.102343838025675,72.12,0
138541.0,-0.629801074198576,-0.132544384832533,1.815136488961,-2.7537186535701,0.440167723050982,0.623031098670618,0.177221293548309,0.0516427119340589,-1.21108824348206,-0.0970091077316557,0.387170098001032,-0.18758693683994,0.921002168842711,-0.781773233444668,-0.625521465876803,1.88422914983449,-0.876750331372658,-0.634871615951177,0.43968313334577,0.316786691646539,0.0325486667037101,-0.0048542610869277,-0.323715673965421,-0.122414326813472,0.462698863506043,-0.420717356725575,-0.153085382062466,-0.172457095055071,33.6,0
61818.0,-2.22304536625395,-1.64144048784025,0.496448077448767,1.17367249703771,3.73089044063249,-0.546898813462704,-1.34943616499503,0.766653563401654,-0.82825990369735,-0.642676817272527,2.60639247571504,0.400017680887187,-0.836437137927911,-0.747764591109196,1.82199116709951,-1.04026341157517,2.44105624690912,-0.721243404067173,-0.482802685740027,0.624617845548695,0.344362645314963,0.370564320006176,0.433145050775941,-1.14993749931185,-0.553601995758933,0.545246457224546,0.0929648838875485,0.201999642171525,0.76,0
28476.0,-0.35331684442108,0.366961671051151,1.41255779084385,-0.834840133474299,-0.592559076692416,0.626509695654588,-1.24780033947164,-2.53439764425088,0.478871002841562,-1.64590324459123,-1.55255501254993,1.05986351837508,0.934684663418125,-0.447925993633157,-1.00813976908603,0.559614376480495,-0.413067066057014,-0.543816748978936,-0.29643022221219,0.687892900699571,-1.53262877386259,-0.254184390944936,-0.191658596279006,-0.368447555868636,0.948427906453294,0.921685589821096,-0.0236995871942003,0.194512665592129,40.78,0
124089.0,-1.75073183502613,2.37095204083362,-2.73363851432641,-0.797651065446065,0.810619122088496,-0.819060225342103,0.377005812514016,0.976911718942061,-0.763000514178173,-0.540280165431484,0.180417091645448,0.697561040387136,-0.103447175577843,0.18854007400176,-1.4048090756782,0.28014730500635,0.77378231547832,0.559921213589256,0.132600049638016,-0.288626001489449,0.317714763393207,0.65384090324229,-0.0163698539441853,0.190617255399659,-0.340076808853852,0.497487699956628,-0.407287582641846,0.144489030546632,1.5,0
111511.0,-3.41042864002,-0.689851526687636,0.948120634645085,2.92685827989871,2.14383505602003,-0.382764077493869,1.41625862080589,-0.52193711997101,0.0846894124900597,0.379794664671761,-0.261336996495102,-2.46859702747514,2.38997104293795,0.772617557427159,-3.18182562884148,0.860629030205877,-0.36777469129011,-0.507244668437872,-2.53910917144681,-2.18618462269592,-0.532921361367747,0.841856648674928,1.44183959947157,1.14917553553345,1.0709144712662,0.0181353726548727,0.423894149980823,-0.432550739167741,82.38,0
45830.0,1.28967444711154,-1.25047478635375,1.4248473447496,-0.28730137551684,-1.79802822886548,0.748661731806525,-1.78235661460388,0.502470093391226,1.05109503344581,0.279143041039551,-1.62124447095895,-1.25004218360489,-2.05022893297236,-0.966912030554858,-0.862387856865971,0.470548608026946,1.16029132618942,-1.4366511963624,0.780219757080943,-0.123599019717836,0.119536131525163,0.639140495849363,-0.0812166309259542,-0.260969115037578,0.383617101382165,0.0130174185467047,0.088237339569524,0.0158901768038698,5.0,0
160264.0,2.08360639149906,-1.00773697494882,-1.82775519237401,-1.14726290469941,-0.188792200190756,-0.535011098343876,-0.332626791656329,-0.0847875735150696,-0.65696260959318,1.04114158372731,0.541283568224802,-1.02286436752123,-1.78151747616071,0.725116606739002,-0.125474577611688,1.22772064011079,-0.0420419455374128,-0.956475070425291,1.03335586950719,0.0214454020344919,0.0958987419003889,-0.0890032075227445,0.160216324113377,0.239152362384681,-0.131513962478221,-0.340009591347764,-0.0797799190277569,-0.0619143023527072,81.9,0
59915.0,-0.707213429913548,0.241176230571062,1.70049131040131,0.771910578056825,-0.916517978152126,0.810066337543265,-0.779780868036841,0.841605395806419,-1.23702034105084,0.335442505323841,0.276922975580018,0.569208197201057,-0.47325458959227,0.0622169598669313,-1.2304504448865,-2.46932508623935,1.01222282011311,1.36345816721117,0.393704196662943,-0.50957421518255,-0.23078355977443,-0.0501823308525618,-0.0290123467642367,0.0030662182722351,-0.336569898182554,-0.199640251943497,0.114125766437212,0.0604923356279604,14.5,0
140051.0,0.0657021182690892,0.308416663864354,-1.34133123037739,-1.31308455256136,1.85116481604053,3.8147384627213,-0.934249605878513,1.60419606157236,0.469328311365566,-1.27717855893534,-0.0974149271757549,0.0125841498429142,-0.0581166893707713,-1.19621195344431,0.736924680353429,1.18060444836279,0.256734278992264,0.617675518468824,-0.978955457649679,-0.124109467647023,0.105609142574325,0.114299441343562,0.409656689739126,0.590518441302209,-1.21704856733925,0.198217599292716,-0.0322253407326203,-0.0066205082874859,43.0,0
75242.0,-1.4472905371934,0.0707347930254099,1.93772665854621,-1.15174807730948,0.10776088746758,1.84382600285733,-0.638779044045748,1.30991348020455,0.152799628546692,-1.47300587073039,1.47802337305948,1.58422526856047,-0.110080753390024,-0.0836007944568207,-0.666597065623535,-0.868882683855473,0.971659003479002,-1.97053938213725,-1.46347219529475,-0.210164819220023,0.0951341303247129,0.304579312180728,0.0702431070934134,-0.942049943981296,-0.464277780271109,0.890454517689083,-0.0379712490625835,-0.0378570698857289,29.06,0
123682.0,-0.826511926882932,1.60472557997577,-1.41873276072787,-1.29602910175896,0.856945974557587,-1.26554174574311,1.19283003900183,0.167793646775622,-0.328056171743521,0.0961551491920078,0.31147738013827,0.304190357543451,-0.903116462498052,1.20857859941539,-0.745219476993433,-0.315200525803222,-0.534526843518198,0.222849278154099,0.156243568542934,0.0301524318754067,0.251585237776927,0.893064671590194,-0.203220903735964,-0.393298427983057,-0.199225030967248,0.110426634270413,0.481443607908293,0.307094105814377,3.7,0
32327.0,1.0891110008088,-0.322182861716601,0.865761584563154,0.0828447168890966,-1.06022968310028,-0.658019955030579,-0.418399147488385,0.0499773553581582,0.240484762885668,-0.010211599363161,1.54913920505479,0.69014507127478,-0.460696475691915,0.366759559181063,0.690263551338853,0.7588180078989,-0.594725918522961,0.176209722319193,0.103355721677378,0.0302326078358069,-0.0461146611446909,-0.332182423469131,0.102819024478733,0.575595734797551,-0.0787453294346643,0.797587680059086,-0.0755911993489591,0.0166629544969294,62.5,0
141377.0,1.93181056655561,-0.485051139876166,-0.444968628444144,0.431149833871901,-0.530178090285547,-0.146090254446393,-0.591780228351845,-0.0031257806815946,1.39175419782471,-0.196483532131065,-0.981005788727806,0.674420558815801,0.639888631399721,-0.313390222964886,0.47160420671646,0.0840869884569206,-0.567337097213434,0.251824894423519,-0.245279048013524,-0.0969960884113459,0.264040729300126,0.947406375112028,0.0799089504311918,0.781655815976845,-0.0161120977828182,-0.192272737485355,0.0341895020441663,-0.0245276021927672,39.95,0
77966.0,1.16103269364612,-0.442424141193665,0.903622578159005,-0.892285315014346,-0.957428111013481,-0.0267204854999701,-0.748449194163289,0.248504599516191,1.54711220649529,-0.957239202532125,1.49153488231495,1.55296131536341,-0.0719882181236745,0.0614528939004097,0.815810670983509,-0.541171659901254,-0.122405580705989,0.226086720452341,0.487680056808236,-0.141655189383812,0.067642919471417,0.446641273724096,-0.01980943796433,0.0439020307948806,0.400093564243708,-0.674413900575622,0.106787442423974,0.0218351038917206,1.0,0
14152.0,-4.71052878230567,8.63621438967976,-15.4962220036783,10.3133493732845,-4.35134098287048,-3.32268873543923,-10.7883728387388,5.06038112024979,-5.68931118776998,-11.7121866242875,11.1524905985837,-16.5581971409376,0.302644522406362,-17.4759212828566,-0.412393267331071,-10.222203169604,-13.7991476446987,-5.00858517858957,1.16202614780693,1.43423977941906,1.9905453513529,0.223785002572736,0.554408428563337,-1.20404159623154,-0.450684594730258,0.641836059375492,1.60595762479265,0.721643614506061,1.0,1
41424.0,-0.513899521675234,0.600797548327292,1.42016429758546,0.670589445786127,0.33255857216199,-0.579304525710169,0.217469525737828,0.13838987154157,-0.417535882477069,-0.440903533381722,-0.233011919615749,-0.951879427576795,-1.51431521891521,0.0786446283578201,1.86417698811093,-0.232668391393567,0.753794374148215,-0.225224142329663,0.591574383437958,0.0491546133199911,-0.146375731084085,-0.558433833764955,0.0960067048201818,-0.0054866497313976,-0.633208108847931,0.217173147487178,0.106582072141109,0.147054013640406,1.98,0
20011.0,-14.7246270119253,7.87515679273047,-21.8723173644566,11.9061699078901,-8.34873369160876,-2.26284641969245,-15.8334427819606,0.0778736741759969,-6.35683349086288,-13.2616517082667,10.0637897462894,-14.3947668016721,0.654888723464231,-14.2483158270781,-0.305360761401071,-8.16163244506225,-12.2809648581754,-4.81858639342974,0.719787682108791,0.996468755724792,-2.36234492751884,1.09955729576975,1.03719942301307,-1.03635934178889,-0.254776514154375,0.642343201018144,2.16112922373151,-1.40128201963858,1.0,1
149575.0,-1.05230602967926,1.08157581361791,1.04382673763101,-0.887520126987392,0.0461894272981974,-0.56404856104675,0.332426100909677,0.234767060399298,0.0826796970491465,-1.23321856016555,1.20447295932804,0.884792953387736,0.299085163016955,-1.24141618489721,-0.335180407353356,0.749705353071917,0.188133741601004,0.827593922286461,0.0201049415370329,-0.145721665600278,-0.128938626235333,-0.335540112969354,-0.0367941251468142,-0.0400154119087086,-0.367761699692308,-0.351445569739881,-0.408188496165081,-0.14564627924339,7.7,0
56908.0,1.24376179651491,0.136599672311679,-1.24522657261714,0.0434031978313598,2.30555375935553,3.26584587768238,-0.212993364126397,0.767822453505733,-0.332794672607271,0.082780131713996,-0.0304538987160251,0.131609678711235,-0.0383595070170749,0.617076555067869,1.06313641636071,0.501996136978422,-0.926653688219935,-0.248732373519472,0.20681734047814,0.0268778768448826,-0.50958769402707,-1.73349356047476,0.171967775322467,0.917337565573816,0.398252558933767,-0.825916096060151,0.0081805179633589,0.0268501797402885,28.48,0
31648.0,-1.27024183317714,1.15612427367954,1.09951413369538,-2.02407780816514,0.84734695034682,-0.135164863422717,1.36284100741645,-0.826327177630699,1.2853878739057,1.71955998934718,0.427646454220463,-0.727451251055401,-1.21548051804274,-0.764439393664274,0.0907733966126943,0.597100942195256,-1.69335518647606,0.408648422943739,0.0211766201273381,0.609536172247802,-0.314852661210232,-0.25806752147841,-0.352912802135072,-0.841412767157842,-0.199798863971237,0.669514737626476,-0.651766012378409,-0.551489823623344,7.68,0
66038.0,1.08909054405861,-1.13429449964944,0.162244523539353,-0.50220144618445,-1.04775510522814,-0.0962854690448583,-0.603732445859223,0.152028314575543,-0.503554021517726,0.63473736306194,0.983548303070759,-0.598569718092001,-1.97591189839736,0.219258295998354,-0.79188716975174,0.479364754945779,0.858489051849234,-1.44932834641425,0.843993504372567,0.139745058952085,0.181202633538926,0.268596813341497,-0.168034647686398,0.0279173674033116,0.476940971564595,-0.139947491509264,-0.0161676291676503,0.0113964574801529,127.9,0
153539.0,2.08851738942859,-1.46359784157282,0.300734021679677,-0.491046108116731,-1.93123638721682,-0.0775673184702754,-1.77033304823682,0.276664538382024,1.34646755341145,0.556997662438837,-1.68886048582232,-1.26930414954253,-2.0015524666195,-0.792623237443736,-0.754388790827887,0.954445036133985,0.656615581720926,-1.11405508575143,0.772416047752118,-0.195390537542725,0.116761589414234,0.551059817300175,0.25774029292027,-0.106645401236693,-0.422058272903754,-0.175340948108754,0.0506876152824067,-0.042071276544145,9.32,0
49487.0,-0.681605590362916,-1.11457365562607,0.980378139749382,-2.21201034412711,-1.43024721612991,-1.02168785021427,0.165865972136699,-0.0665630663895819,-1.88414103613072,0.973483764127754,-1.17375997306714,-2.35622401124673,-1.76710902471851,-0.0187872774175768,0.0853783059137994,-0.160550766683347,0.332095332058795,0.551100965639828,-0.978683438725425,0.0828898799988704,0.127851778649047,0.358604493626704,0.397796068324833,0.302535394720475,-0.286650953837416,-0.269280353564378,0.321774973272127,0.238615785772255,192.5,0
136660.0,-2.82801878245004,2.4387213000494,1.14376128085407,-1.8139914725547,0.165660874735739,-0.438561107400066,1.45488848068526,-1.59995482155347,3.74260708738534,4.19671277588593,-0.0172602315143005,-0.125335551532389,0.187535812068186,-2.51889503413892,0.679307377088859,-0.678211199789617,-1.32115334742208,-0.66561226070143,-0.446514325275362,1.37559642444229,-0.50488617637535,-0.416016419099969,-0.0837096900162754,-0.0814007077668503,-0.0650445923023479,-0.545958982316505,-1.531853311848,-0.793464534382812,2.16,0
61739.0,1.2296498556981,0.142890874974663,-0.045489052545127,1.06010086928045,0.281451584583295,0.345572423584659,0.0278876207435958,0.0677156619333516,0.118909115884566,0.0867211037659708,-0.109181584903639,0.730398290240163,-0.0229254579913004,0.172613086058074,-0.956154946336946,0.109111518317207,-0.687957464796618,0.353090576166443,0.717710416842173,-0.0931339642284124,-0.149394810476104,-0.280930478754704,-0.255926195656884,-0.817483024467486,0.85734813628132,-0.288400660747677,0.0161080209118353,-0.0010554182711872,17.5,0
48532.0,-0.710394328774757,1.09632372888293,1.54809562949995,-0.141572877983456,-0.220376613952951,-0.73392739878611,0.535173102611439,0.122424265513098,-0.35469104040802,0.190044417364376,1.36812200396674,0.289040780759372,-0.892654125395857,0.440659853807794,0.23763356451487,0.353396006831646,-0.532805331569235,0.158074319454074,0.202732892033457,0.170727848545014,-0.204608652650137,-0.533406806929867,0.0053491645805224,0.491490524330283,-0.228471743713186,0.0487623072726995,0.368634651176235,0.168157477809558,5.25,0
59520.0,-1.47581590332888,0.110136835310935,1.87587647855264,1.22712016739641,-1.92295927425556,0.4668872025504,0.841931750148878,0.542458657427153,-0.209276052920465,-1.02680801231456,-1.07719095781395,-0.523039023367824,-0.909142652734679,0.268832670205931,0.955031509483743,0.134824041779212,0.102412544680612,0.641256834214534,0.450412819561118,0.611338403784466,0.278083229789994,0.146620469420107,0.576571209207529,0.309139878916272,0.343120754631936,-0.270598770236502,-0.121975561901873,0.0525794656637275,344.24,0
42011.0,1.10926422309698,0.0439605107508119,0.76375622279383,1.26882510225255,-0.633696037801133,-0.360507158438995,-0.156402905688902,0.0840498791246578,0.310165848270001,0.0150673189148584,1.0491145660555,0.906685347768015,-0.871072979238572,0.295140995835359,-0.810510582682566,-0.118903618662102,-0.204380538572137,-0.029724861971405,0.262301665069012,-0.162438446511164,-0.189233733227204,-0.468286621593527,0.0358997086124852,0.511334837172095,0.43559568312247,-0.555811093430228,0.0277147538826784,0.0202716773225163,22.18,0
78430.0,-0.457419416834812,-0.0092059107832196,1.56680758551916,0.273894895340805,0.148500328475923,0.520850299791611,0.761677574487236,-0.391370725125499,-1.74491125748459,1.29580569193458,1.21193894974269,0.195231236924774,0.548441232939644,-0.108269338847851,0.746694334124645,-1.93852265606938,-0.183731111406136,1.37331051279353,0.0871675968516233,-0.268796582470018,-0.478072820815092,-0.520423352585279,-0.0504325328648281,-0.349096927486003,-0.586506042155972,-0.507153980064636,-0.159228588707186,-0.353799949332931,117.9,0
44151.0,1.05409038425318,-0.40315942271916,0.165012266824685,0.194041999365836,-0.324535084026471,-0.204969816225797,0.107846194710666,-0.202238623907868,0.394409691736059,-0.408173489120462,-1.02645516552334,1.15913896830658,1.94442066216615,-0.532415403566245,-0.203095112539191,0.0302283793965686,-0.32511803892999,-0.794267101265102,0.685157257074875,0.32743296389927,-0.277803331251268,-0.850009204222,-0.136329999271819,-0.3468973065778,0.321176166441254,0.854239571687371,-0.0787859649495474,0.0256352537386527,139.98,0
167636.0,-0.705508866397427,-0.897864392949238,2.80911103508488,-2.75245658382497,-1.31733980007074,1.1771868249696,-1.32521909990156,0.468139142115071,-0.470955060538781,0.170315681699751,-2.85968680017033,-0.458210914060744,1.51102567258103,-2.35440405414384,-2.59302514106814,-0.406886969947589,0.328020635576492,0.507540785304221,-0.0628672508699119,-0.11315543522949,-0.172363068538813,0.464615997984039,-0.555172192749438,-0.943098784177529,0.768086917888001,0.139076201313283,0.375116056662713,0.121809833071196,14.0,0
1910.0,-1.12949555119829,1.21996022804275,0.309778775053261,0.160573850210469,-0.452048436415658,-0.0338628737921173,-0.0447107416538925,1.00608628847035,-0.96504213518585,-0.50415269934177,0.732345745434921,0.0590346873962853,-1.56004519977994,1.49688604594659,0.688234847332802,0.158635346362091,0.257307307033913,-0.20261883217467,0.972485383044079,-0.317936392210113,-0.239839796579298,-1.13769558106568,0.295929212167616,-0.374796127039361,-0.954602523596389,0.0019547021624611,-0.243133275832076,-0.0229676051603988,48.8,0
76122.0,1.17074126190421,-0.996370384727114,-0.54483048575683,-1.04499856200412,-0.392140851995047,-0.067392492271554,-0.104603631313014,-0.195502234920753,-1.12107953720383,0.63790098185221,0.160078059845332,0.9006701921099,1.49362977414328,-0.0795035408099936,-0.738473548624288,-1.27410785631993,-0.376429162582695,1.26633468222788,0.330163347464667,-0.0486776820977158,-0.384066627043591,-0.817879426159096,-0.291949856046885,-0.729395252379879,0.461212026403809,1.50759430703409,-0.123901874056637,-0.0011319566159232,158.0,0
130280.0,-0.727254547994972,1.76748276402722,1.54793870637515,4.49978619087393,-0.366073507851243,0.76622898800981,-0.305667434143829,0.617283268514198,-1.47381644182537,1.63187080104898,-1.26727747599331,0.022069126292322,1.35934236719541,-0.173238536836065,0.510323723621729,0.104066662384722,0.163723481257794,0.480727962773323,0.888085418813217,0.403919956703576,0.312962481780528,1.18811751507227,-0.104460048162907,0.0934823506400538,-0.558142297786711,0.502446376501387,0.491075173121011,0.266093731787473,16.25,0
59551.0,-1.8753755368436,0.0453197192780506,2.1053940612424,2.12194919629366,1.97015049374693,-1.11984988651998,0.0221927511229186,-0.153824266460027,-0.569903868790774,-0.19140969920682,-0.734582281277825,-0.242741788388843,-0.0710433077036556,-1.7547438551694,-1.21587724741255,0.501462275001574,0.436674022617343,-0.010540549879242,-1.13667781310603,-0.273510663256092,-0.197719572984893,-0.191284733772426,-0.66712336269333,0.334243342380033,0.555936616373459,-0.0227314834784631,-0.0545748683145501,-0.211331162534167,0.76,0
30938.0,1.09586151237162,-0.326775003970995,0.680585042860467,-0.0170620057674434,-0.707992264025397,-0.0771752401126764,-0.495980624086851,0.167335052723799,0.214526047320667,-0.0339010711507238,1.57810106113454,0.808427363014972,-0.146155657888063,0.311704108924689,0.895138048269791,0.434894728922038,-0.399241093256145,-0.0395761920685884,-0.276683118266189,-0.0057610634401021,0.18014600931587,0.448132949620067,-0.0357733441353785,0.104784007682471,0.109235056969141,1.07895720287368,-0.0574071095827616,0.0038528096203307,47.85,0
150127.0,1.88986200155194,-1.61477006176746,-0.945041245276559,-0.845634886184904,-1.23941501550819,-0.35950239728062,-0.989309388458735,0.133226827364206,0.238697307514814,0.937424478004624,0.0744644584148615,-1.52651592747719,-2.91924421868311,0.430568879868864,-0.18951006759141,1.4776677958908,0.0288964272484952,-0.395211378391726,0.887833617362994,0.0512105617475045,0.292794086777342,0.437851007899231,0.0457612388956661,-0.520335326936749,-0.31733809215843,-0.170964227167477,-0.0451305282967769,-0.0479656368002032,145.0,0
53398.0,0.40128732348063,-0.652264280668757,0.623169822853422,2.66688144748805,-0.635375913113297,0.0678573054189009,0.379680585578406,-0.027847145453477,-1.00757602016395,0.627169491918604,1.32949357744345,1.05530955947499,0.818892209894534,0.309098344632737,-0.0462227512405645,1.12917303301411,-0.998228425857852,0.152192800094911,-0.836072675091354,0.677983677061783,0.0764954790503242,-0.708173140084627,-0.197012459011235,0.310546451124461,0.0358462068521315,-0.317943398947749,-0.0638579197760642,0.0901847625270712,379.18,0
77564.0,0.93302603875866,-1.74933347288571,1.62294076834341,-0.420230477928543,-1.32637300401019,2.96483616779695,-2.23911318338913,1.11256593852961,0.897681042753699,0.156359703143808,0.894434967871048,0.597338892683188,-0.692991053640455,-1.24717114685137,-1.19584111189837,-0.425100211909272,1.84246454999971,-2.43232458232101,-0.175679444290256,0.0257843948497639,0.449126752740412,1.67206900695693,-0.149483660314717,-1.26535562549519,0.187905573067324,0.224208215701543,0.15586360670867,0.0130677526746171,79.0,0
127337.0,2.17759457793969,-0.944488315606721,-2.90495556273457,-2.02365618394624,2.03420546399294,2.97733149724466,-0.734445840791878,0.64227090482475,-0.855540569840417,0.868556203273372,0.253626561050491,-0.511922363584127,0.0022972402807627,0.358765375520782,0.654720310595578,0.779845091262927,0.1175653943651,-1.8957482125127,0.535555204694231,0.0807059737013191,0.0611014467723658,-0.0385685368967376,0.23556898872222,0.701722879759693,-0.0361429079685509,-0.29609209860329,-0.0327327902523321,-0.06495459554757,34.5,0
36609.0,1.33463151558997,0.502459803978111,-0.70233070174582,0.716859948969713,1.01003233013462,0.104849939300978,0.522511114437968,-0.193388498334666,-0.362837726683339,-0.0304521486497536,-1.19392232363665,0.458750525119142,1.38620899315809,0.276311050124283,0.908407106287053,-0.155955548260626,-0.609687123587319,-0.505596095676986,-0.0914087066144201,-0.0683985071715605,-0.0485036519276826,0.0189633569794823,-0.302153187695113,-1.27545889577129,1.00633734053738,-0.183741864263408,0.0144657956858313,-0.0042720119450154,0.89,0
162715.0,-2.52176529640069,1.79565312263726,-1.84215673899852,-1.51343534309958,1.01583379845858,-1.26163672838921,1.52499289748202,-0.296046337403555,1.15332078769807,2.34436454752987,0.869894381201467,0.0202502370768923,-1.34818904189014,0.401496183319242,-0.509343593513181,-0.543630650672692,-0.753588876997486,0.0947666436374669,0.0304992571444961,0.362352470918134,-0.117788055771172,0.840732260779544,0.0807376245054188,0.775100409543163,0.0440532044543521,0.0128345824501473,0.495164650123768,0.292985405338155,21.67,0
14557.0,-0.0338295213768459,1.0098320276793,2.56595394607658,3.31745301329089,-0.480549816911583,0.506730834011854,-0.319470651209071,0.167488092224601,0.743991632656759,0.215938357966571,-0.0407736210150216,-2.75601262234968,1.63992987443423,1.04664215064036,-0.35008565133437,-0.110951584502655,0.919090946456239,0.448608760037691,0.673622426686459,0.033665458027035,-0.126905260834253,0.0768859080303643,0.0129686484129855,0.336134303030232,-0.664464349091994,0.0794861187574685,0.133880046258306,0.0936561388510639,0.0,0
155822.0,1.54242015431386,-1.57028833480185,-0.829552904496676,-0.199714423944706,-1.13203221788328,-0.248624183364937,-0.629067769391161,0.160862004266396,1.32230914774226,0.107673537788036,0.18688634939944,-0.661769314504397,-2.56069570674278,0.665942990326593,0.638466368633495,0.9848282188254,-0.736816067908046,0.838653415955495,0.126790228412384,0.183182835008347,0.300075531037139,0.287364411098771,-0.0152030057033696,-0.441846277253493,-0.660846089349618,1.26525934441587,-0.148198587000769,-0.0363473062697942,250.8,0
147746.0,-0.442974358898208,0.866550192205059,-0.369098828843172,-0.711149716793188,1.60845418288836,0.980449346835984,0.619684472634607,0.49576590198686,-0.0153207309362929,-1.18733852894896,0.819113665624894,0.0103766338069467,-1.13745792763733,-1.40664150397892,-0.667901445841487,-0.391285110528896,1.54300754735221,-0.204863217970164,-0.784151779621188,-0.0827261267890769,0.106727693536619,0.702691585787212,-0.2902027996515,-1.7235608294077,-0.374028681312762,0.695921275340121,0.419060709523803,0.234664679567319,3.79,0
99719.0,2.25779739281833,-1.25999904521525,-1.20821706725854,-1.33071616022886,-1.12124961373197,-1.10889701562475,-0.877887000084155,-0.283396555992294,-0.233292256327149,1.46112024210409,1.44453890451685,-3.60919753944445,-0.146149948346476,1.88923112674481,-1.72177425181445,-0.68849191207523,1.29866420234046,0.466540687754621,0.123464219858866,-0.596758028832274,-0.412232631963168,-0.591821431262835,0.26744838680608,-0.0649477103736604,-0.210490445415967,-0.295943132129292,-0.0639049986467893,-0.0776655316918805,28.0,0
138964.0,-0.283612527822155,0.936636115445612,-0.505753519196509,-1.29342365732931,1.07437028481753,-1.67035659748523,1.87472750550594,-0.553407151528128,-0.287030262971503,-0.963095543364839,-0.835213997087983,-0.0644189762461281,-0.443211450097465,0.706138552280669,-0.168439363234464,-0.657294748921457,-0.505099434373923,-0.399241474030651,-0.644497625951913,-0.292103470368792,0.239208787868435,0.694768964720455,-0.39552245101341,0.006867839238262,0.704488938094623,-0.454661154752608,-0.137315687046191,0.0020775614651718,35.43,0
113565.0,2.06734932170159,-0.258494661455882,-3.10982562659928,-0.654439063431305,2.75149115293384,3.11370772475312,-0.0973114363642952,0.652333598045331,0.438553447752471,-0.0446936335075628,-0.137421040273211,0.451146081465436,-0.379669455084502,0.685132281943861,0.107120290384223,-0.881631075968881,-0.17027684090406,-0.758346661457321,0.109458206949068,-0.19794275895397,-0.0070053685650267,0.111737403552318,0.0739052608294743,0.728066090867666,0.399039243321043,-0.19963980146575,-0.0166793307383628,-0.0734672982393074,3.0,0
69345.0,1.17480102279188,0.0071208863977296,0.101070043024692,1.13168016053635,0.0752248132861669,0.491208466722733,-0.185994985710945,0.287773924061503,0.374281063428171,0.103919229534126,0.213704986998806,-0.0471018487311581,-2.04772616501734,0.608837349677061,-0.530308850044731,-0.23483976165358,-0.12590650356163,-0.0194224092543851,0.195369712101925,-0.2881376076144,-0.119658818282177,-0.228920952400302,-0.133357457538696,-0.70133211505546,0.660039741335128,-0.280724320918663,0.0229739925050873,-0.0058401000238308,5.34,0
75406.0,1.15288993469896,-0.299527141562066,0.595949668561193,0.0828744251998629,-0.673947151214093,-0.0974121255780896,-0.396015308572006,0.161120465558565,0.564689569973654,-0.226769147646167,1.3320202708261,1.10667613830601,-0.600661955513375,0.0883877985107723,-0.721772380691227,-0.502959702425331,0.316042242248532,-0.687255727836686,0.315215727177208,-0.13406000039742,-0.0247525368201514,0.146343691345001,-0.0155619305241289,0.314368364520792,0.297859027687819,1.11252089364664,-0.0573126626433536,-0.0118357972122984,10.0,0
162463.0,-1.22310181775265,0.868983196133197,0.742110180716202,-1.47205542370094,1.46158216514249,-0.630297469800472,1.10835851769813,0.0411188060790052,-0.657280680358045,-1.42501324606297,1.02423617592356,0.334726421504235,-0.588830539941405,-0.78244654782851,-1.35899809774014,0.809738377075262,-0.0878326486535691,0.0943917192852489,-0.950708636425017,-0.139548354495445,-0.274024628003749,-1.0331708482573,-0.268269060885984,0.591989404986518,0.617843991434836,0.0773554269048637,-0.238233506373696,0.110685862903795,9.99,0
129753.0,1.77206364281595,-0.185935149540684,-2.08845440703319,1.17426563410862,0.598981541509441,-0.875351893918002,0.834319471049591,-0.336256479386461,-0.287218244478303,0.495172199008053,0.565674582725192,0.350965504691275,-0.913961632555944,1.18271080135813,-0.344597243561195,-0.124602138466468,-0.702616785298848,0.215556804549265,-0.081937284168795,-0.03809680273234,0.232676544248112,0.405207570680207,-0.17327209193376,-0.410060518507245,0.394349716906859,-0.49056749305528,-0.0645927180405884,-0.0548531370081591,144.0,0
138025.0,2.08244641194487,-0.943744914912171,-1.74443550352326,-1.35733499975632,0.472079798362,1.07235771804867,-0.755886273558482,0.312749615767002,-0.713163162998513,0.913203851987256,1.29010273652534,-0.100961254954654,-0.329632318688514,0.371850205895769,0.571338872493294,0.310281843318562,0.640083355529294,-2.02143019840027,-0.264526470897765,-0.109708809480479,0.533809148463285,1.57763998386584,0.055079496918448,-0.681839871467757,0.000120703807134,0.140518298331915,0.0016855196790138,-0.0851626645046317,15.0,0
124169.0,1.18964898001209,-2.28371963485254,-1.78872771132915,-0.563663522386457,-0.430232466374101,0.448631214394706,0.086692306699277,-0.0640443307930185,-0.464383870025688,0.383689576590971,-0.0284072070859331,0.144087888111219,0.528734868110351,-0.040513012232,0.321840396912194,-0.297412720924093,1.31842864180294,-3.32149999512778,-0.389983243805719,0.80036300760029,0.33549947604424,0.134685121633702,-0.0914087215328916,-0.993224603071885,-0.454212986723263,-0.279843900089996,-0.0615101029219615,0.0083492426237669,469.0,0
46472.0,-2.54303474656473,2.17398835899194,1.0694618237663,-2.03659990389788,0.111463315900278,-0.658269781719491,1.33273613282681,-0.912707753652194,3.02446757534282,3.86213257879252,0.447124716033317,-0.357002321080289,-0.308299797027809,-1.87736913934799,1.11072173562481,-0.29165246529978,-1.02970910803721,-1.12542329497361,-1.42534981634224,1.70041373506464,-0.658132237130881,-0.265079280928026,-0.0384102282942768,0.0663943832638003,0.0977328825351312,0.648558295216165,0.378469434581584,-0.33366748204421,4.84,0
65961.0,0.66943360487865,-2.28909975030722,1.18292679362382,-0.552995106713919,-1.51744553200723,2.80176744742525,-1.90126815453581,1.06985532362849,0.915927879502675,0.126462466861929,0.51912998336995,0.386410966151529,-1.86971478061082,-0.624526142519527,-0.953084152935667,-2.77708300914012,1.73676953761689,-0.344725376799141,-1.2272949705083,-0.30169241734034,-0.245538673354264,-0.19658778446767,-0.0194218523833432,-1.27905571052267,-0.370859643509957,1.62423758328693,0.0180770906326154,0.0204560819551209,217.2,0
87523.0,-1.22468180534751,-1.10298179332168,-0.488272028884002,0.14887726115839,4.13490840327176,3.30923631337929,-1.18571870430507,1.13407938041755,0.559706534946342,-0.148281908028916,-0.771050545274443,0.50217664967173,-0.401135738334909,-0.10770648283106,-0.969992945128415,-0.702758226919341,-0.099436049615588,-0.813367644386414,0.473620784253394,-0.404982245490983,-0.42322510775108,-0.929657790349304,0.120919519412733,0.670399627217633,-1.45636024201252,-1.20862735404738,0.462183103777351,0.188920292864506,15.99,0
72096.0,1.13216668207062,-0.403061448279274,1.26432153240413,0.198036882756233,-1.21111351774365,-0.175849643848959,-0.750673890942194,0.159599988237982,1.06793722460012,-0.437245619998349,-0.137001423657465,0.6380367752425,-0.0279886192701655,-0.394874755302548,0.527734752337391,-0.223420220808504,0.323726106604335,-0.941088201983833,-0.252047876273007,-0.0875716873194807,-0.0634963081083161,0.0205422188644739,0.122222994885344,0.488790457670583,-0.0083258387614018,0.998400539035832,-0.0191879677512764,0.0180010329276129,18.39,0
128255.0,-0.995315425830249,-1.95314028596804,0.526630321712707,-2.19982033787124,0.38906222610494,-0.12801367453903,-0.872349781217336,-0.237225896144885,-1.59768666790299,1.72829669515735,0.178722337467564,-0.854318339433901,0.080428603602705,-0.649234204387567,-0.642581693628993,-0.35164644670813,0.0059927684956521,0.76595460370284,0.636829221919666,-0.846485458241087,-0.218241281093387,0.409723566442252,-0.446860619448695,0.270959594238615,-1.06850884470046,-0.2731133803715,0.222277886771403,-0.175656380981522,138.0,0
86439.0,-1.22587603099152,1.67414305031029,-1.68969774620817,-0.903249455839279,1.92728690850461,-1.48702510300756,2.12356773695229,-1.3590513824842,0.873604277905432,1.7203996727104,-0.0860965453382206,-0.356705700030247,0.346351221647253,-1.79960900511623,0.0136016191596822,-0.385922217485288,0.0028943086755159,-0.243041612522954,-0.480388758429635,0.278800117526563,-0.0645856035896655,0.636946165011518,-0.122396803424407,0.705680923041418,-0.341212540234371,0.342449828671389,-0.820953208189091,-0.143891276344173,6.0,0
70105.0,-0.926817423963484,0.386786881853364,1.93563426665111,0.015346683849477,0.343615190452892,0.634299318977126,0.331836750209198,0.469958511686795,-0.352112677286519,-0.650682058706041,1.1060530325636,0.227749716416219,-1.63472321374818,0.375616998740906,-0.389979922963297,-0.748260129477647,0.491141681141733,-0.754417728462629,0.0413005965557292,-0.0549121744941577,-0.0561018717911685,-0.173981662103671,-0.122501363059443,-0.298667375057367,0.158364015696491,0.347835965637521,0.0214684117770737,0.0463328787257052,31.79,0
44656.0,1.18734802499625,0.333783374580372,-0.0452744452822356,1.06207344383284,-0.107796770748513,-1.0029682541798,0.409443002112272,-0.170767602796678,-0.407470270599756,0.234920501631346,1.35393449020563,0.456747289094263,-1.09130884552913,0.969493085731113,0.0751472355088841,-0.0323446936129817,-0.433348885549766,0.180953807415309,-0.038939947449321,-0.179481867888002,0.0668195494778648,0.128484256481049,-0.135335874080042,0.530859845402336,0.756536272552098,-0.325011816780028,-0.0209209522671156,0.0036161182136513,17.99,0
80743.0,1.26687550108339,0.229874346030077,-0.163403563417328,1.05537415774,0.604154368259992,0.638743943564847,0.0873352050286375,0.0321843100347528,0.272983972619785,-0.144063572112912,-1.66040599098837,0.468033560606454,0.867046368817558,-0.168469705662044,-0.0743990695574204,-0.350314760161684,-0.288521179341774,-0.614088143737093,0.155434648724135,-0.0997124431048293,-0.18614058831535,-0.251767557593782,-0.242743564908056,-1.28696828960122,0.876134791327402,-0.228340148622219,0.0432540085700449,0.0031935701213451,6.87,0
16568.0,-0.966797709226374,1.44467732988037,1.9341356391813,0.630253432085815,0.0678201882884065,-0.98684054014393,0.596062392313791,-0.27122482882865,0.632452201822393,-0.624432847335671,1.24513497980196,-2.18802731545352,2.47134022317538,0.869113038790217,0.51805251107357,-0.0907258885505564,1.0951431928513,0.0197897334736777,0.345020714684771,0.187616068334315,-0.371696746666642,-0.788172928899305,-0.0760907290949406,0.63317944659149,0.0446118755369038,0.160020208758786,-0.0128469088321718,0.16194791435723,0.89,0
35989.0,-1.68244620239599,-0.767809583855294,2.79505254392176,1.32090965549574,1.23483229417515,1.18786820313509,-1.14652274456321,0.929411994905537,0.34289949305726,-0.701860466724813,0.102032425403686,0.403657357834423,-0.887752227923949,-0.186370267671512,0.997232373742529,-1.94634655937577,1.66294522926207,-1.98015196228987,-0.740904006852007,0.159319052009093,0.111514856843071,0.322400152833971,0.144591125428833,-0.644820131945055,-0.0625532557311472,-0.212045130558213,0.155393248880416,0.101842078270648,1.0,0
91336.0,-0.830170655575198,0.804252209188399,0.965805571502522,-0.166378243818453,1.25314945390731,-0.111631870442278,1.13143875425703,-0.464394662321849,1.28368583268649,-0.836226017040356,1.75003704998649,-3.24626385446375,-0.374416422334656,0.195125994022923,-1.6399172035502,-0.287613269536819,1.43642275593404,1.13067357879004,0.591339806707404,-0.0326196983444767,-0.149332654444253,0.214131437196083,-0.50879743179897,0.652147201336304,0.808236267000654,0.767325496233674,-0.639891500997838,-0.384742283892636,12.36,0
38341.0,-0.83170924775609,1.59203964581096,1.47485702254702,2.55037670492818,0.262902387485293,1.25908289027008,-0.0335562467830668,0.794812800078452,-1.45044684027187,0.560232180436271,-0.437140445597176,0.223812458284038,0.269401840972119,0.276462939044754,-0.491997652048526,0.207846291757646,-0.135875667087196,0.630560551395397,2.01400357818899,0.22187675951284,-0.267598159535583,-0.670436008080876,-0.292546516319065,-0.96975715622696,0.307846876071437,0.187230441572581,0.210378634287993,0.0673975918630417,3.8,0
129534.0,2.01073914831873,0.0017637770749314,-1.94525366973051,0.541963828738069,0.103256581477348,-1.61741168297212,0.387898800460373,-0.352114246063056,0.607504139321002,-0.372779840241073,-0.675864157021361,-0.744110651494973,-1.73395879230952,-0.507607837295678,0.198142660459866,0.153668814300075,0.859967376593287,-0.116739703414037,-0.0100672516309793,-0.22615038612799,-0.203601109439749,-0.569010707913994,0.167360766815298,-0.0622551147838212,-0.121401653757374,0.518497398044743,-0.0987930762966494,-0.0420338499459166,36.95,0
71319.0,-1.29952064393072,-1.76483698277294,0.921889169353549,-1.49362919517985,0.123815925551427,1.54453568115603,0.0089916808490293,0.387412348286979,-2.70353335885728,0.644615570892011,-0.288668927815747,-0.877037487126119,0.595314279923322,-0.309929865818437,0.990792911882403,-2.44690757960358,2.17082889824106,-1.73323956386807,-0.459954249870165,0.474360388010766,0.143849205207834,0.409862130424586,0.452531578389268,-1.50115125121684,0.410539520929345,0.223030984743982,0.0311782245597018,0.0760383409297371,265.8,0
160262.0,1.93073022740337,-1.16612010315325,-1.76725227839522,-0.992924663170641,-0.410860253542542,-0.931273651765264,-0.0707582583062593,-0.29179107292573,-0.830895755843696,0.983248368492923,0.637908929990458,-0.378654494566368,-0.549415096786381,0.504936399875026,-0.334120063632776,1.23832089065029,-0.173666832753201,-1.0075001455412,1.09241680681229,0.245203063863884,0.153746238323496,-0.015534865608282,0.019614107247332,-0.505800059508921,-0.11228396698222,-0.318239774573381,-0.0856307131511455,-0.0523915837246055,164.0,0
95292.0,2.04556385948982,0.285447475306903,-1.46320454896951,1.59991149654175,0.406089507092875,-1.1327726683739,0.463885217184907,-0.433233755931177,1.66096248910804,-0.0753090652562326,-0.220035574104047,-2.79170981804024,0.230613635886319,2.19455723023154,-1.13150736978055,-0.715996364987651,0.670877182959667,-0.2483461606351,-0.416730769197682,-0.433900349359463,-0.118321686207132,0.0983197246194855,0.0303783788566921,-0.100422335651408,0.399003602779357,-0.523424854635964,-0.0474359688918699,-0.0722160684748432,1.0,0
62515.0,0.92866937552577,-1.54007572989765,0.773291655656215,-0.575527415263735,-1.48842179859075,0.529541832170806,-1.15381519667916,0.32203140656386,-0.210121046231559,0.574091138574749,0.898818214488317,-0.317470806184774,-0.761709414426752,-0.269693105069875,0.0663173113338499,1.25462270653256,0.282189114192674,-0.712707913640123,0.460687159203138,0.385483916720294,0.468392665322223,0.949146916292548,-0.281221999054901,-0.260656448799152,0.295085565948749,-0.0310464892082826,0.0199773856911666,0.0395357412189146,199.0,0
147497.0,2.04825269382825,0.199634051241856,-1.76710429234176,0.506533337814788,0.242702255423335,-1.43128436452974,0.304573979621982,-0.406039503414871,0.556188453519785,-0.484823997872477,-0.431684416485401,0.169610084023881,0.313856668921585,-0.792853442269925,0.878020378826146,0.23324575371912,0.326714931242234,0.514271182029135,-0.382157852101528,-0.1624655618059,0.195371279674579,0.732672574304234,-0.0510998168966874,-0.165636297383969,0.27903807654146,-0.0963649521212217,-0.0025774256788039,-0.0302188983560197,13.62,0
35806.0,0.636228766789817,-1.05132510030097,-1.52658068309742,0.528634921610581,1.86631889723942,3.7236618090748,-0.0083685032408028,0.764906029959011,0.134224812260883,-0.169459558369556,-0.537683470328599,0.249498610151649,-0.164946749958607,0.264970452297567,-0.11032426823417,-0.0584860007731486,-0.501208772453341,-0.0098214085780403,0.259896475535952,0.622253539138664,0.0132528334831908,-0.652133749590708,-0.412706922252586,1.02653306668289,0.774019260024909,-0.361248187866161,-0.0359927295867391,0.0689764069224492,333.0,0
137742.0,0.0160794436236899,0.677565489869332,0.118075555304943,-0.77345863968105,0.52757493333918,-0.620418464440816,0.793176002513289,0.0516352915004921,-0.0465326576684948,-0.196765108400184,0.163692449684305,-0.110310902903914,-1.52583696458086,0.588792641285581,-0.907836246491972,0.288192521012387,-0.714112953292194,0.0616311777132377,0.362666986969574,-0.105979516860944,-0.250070063435507,-0.656142906703305,0.0329816797933328,-0.455300186620313,-0.517618605256521,0.150073192385038,0.231960512707817,0.0803854664476811,4.49,0
65679.0,-0.169868574230525,0.366543476279393,2.44790684943296,0.0799633079441932,-0.501968974750084,0.0044529864314449,0.503430625809201,-0.422666946172692,0.696724041160097,-0.133586536989242,-0.58774002804869,0.566046610471147,0.929868368368562,-1.25077224834529,-0.292023271521003,-0.672128112622312,0.0886078217942362,-0.555919297092173,1.20223436821756,0.232364721787845,-0.183858996388025,0.103783864635499,-0.0661298702717032,0.501324455964189,-0.835187554092846,0.831237572016602,-0.31412269309973,-0.295408624064914,30.0,0
159796.0,-1.04819010905195,1.63568681498307,-0.635048672223038,0.0884768447497105,-0.25070084042447,-1.98692482163581,0.409737953603681,0.381052323238725,-0.518626034383458,-1.26917353637154,-0.0193019514541233,0.384413299230841,0.084842030890875,-0.192921125386034,0.534124614920624,-0.0612977972339047,1.09301473927406,0.479216481445863,-0.412100896976617,-0.411162970805458,0.495087129808046,1.27626072832046,0.0743262486144199,0.875748643442631,-0.544671692770142,-0.234480258336184,-0.259750698857749,0.104129891173391,3.92,0
66089.0,-0.685334959224091,1.35850207346513,1.24632000564972,2.43652004788022,0.304676351019212,-0.906082392392194,1.29404587664734,-0.331486931394165,-1.72184168959551,0.732517915410456,0.12609109145372,0.418108257732608,1.17751710035891,0.142516467602922,0.251348930698286,-0.20623210407225,-0.11402482949773,-0.607568496873043,-0.343307949476936,0.17251092297822,0.0567579053032938,0.266086041959905,-0.157202692959992,0.955513698048044,0.381048603014783,0.122261173472568,0.132977303129099,0.0539237244493301,75.66,0
136659.0,1.91386088609813,-0.0651960357364498,-0.124934636753556,1.35959993874012,-0.46524227514093,-0.423662423464274,-0.327414182118226,-0.0862588565516815,0.756337676058603,0.112985015318436,-0.686821423978114,1.004685953984,1.14581199321604,-0.229701524300546,0.364281387813143,0.26237272421385,-0.665087175724063,-0.357191695788313,-0.541714669259449,-0.167414634251648,-0.143197028236306,-0.251210036947867,0.350311349398507,-0.05683311426447,-0.359203498397268,-0.941806362103139,0.065821566694993,-0.0199728389461438,20.0,0
36790.0,1.28285375896042,-0.570945314578005,0.551163209534226,0.0290086849469922,-0.909970242556675,-0.0013501400695805,-0.628592641031635,0.0309227372771275,-0.726377195766612,0.738378047248905,0.476497230433612,1.0180239791338,0.687658774494352,-0.273990638687456,-1.25762536670597,-1.56927220196428,-0.0617063742534746,1.3229117683591,-0.168521563828857,-0.443375849454306,-0.425648389949483,-0.56057793836383,-0.0594386950222816,0.0432393727807201,0.463972417605329,0.411954352143843,0.0080983551246159,0.0073527123598946,23.0,0
83050.0,-0.827959343556647,1.05899470604672,1.87881137635586,-0.36461652151296,-0.642925317550366,-0.307369752278822,-0.339187169137816,-1.5347716422489,0.14157245638222,-0.462845635785165,-0.548445018827571,-0.063186713528076,-0.0972824618282914,-0.0156490962905848,1.16025117098369,0.50467206310361,-0.390045377549535,0.191991413934067,-0.121407888445299,-0.36714351669656,1.61948310452008,-0.255785724900408,0.190971347790183,0.380250298701771,-0.628935632903912,0.430428559533979,0.186480639515523,0.165654136838236,4.81,0
154629.0,2.0041055613427,-0.173639913089441,-1.02728767705299,0.33408968051523,-0.211803953699346,-0.961291991100774,0.031311219245429,-0.146413194561465,0.404368484005419,0.265170732825414,0.895237470895231,0.703680038202067,-0.890843100791463,0.648633671314443,-0.572967215017907,0.104677126393509,-0.455967214344355,-0.298960268303627,0.404943088844017,-0.262564012086038,-0.238722177040345,-0.641662125641503,0.345857287710763,0.0542775337418966,-0.371392846135908,0.175109598837469,-0.0808086623387899,-0.0702743807148832,5.99,0
49624.0,-1.10462729753309,1.36285531620156,0.793722313072767,0.852235897398066,-0.493780609560392,0.243416790168571,-0.396191261666213,1.0934976034438,-0.452720544297272,-0.560222662982312,-0.315565612928993,0.0806596218112271,-1.54126546916427,0.975539096937398,-0.582729770987648,0.0345484840956823,0.115362709661851,0.702285425094355,1.43504682035771,-0.323365861725615,-0.0616772546415929,-0.41490675082312,-0.0821982623898562,-0.404787981375651,-0.14720601995025,-0.467323932409542,-0.234398822171505,-0.0036671040661585,1.0,0
56127.0,1.42289398945173,-0.555389447099989,-1.39006612352534,-1.69750527309038,1.58861593001593,3.07860449534082,-1.05271629627241,0.79237630265423,-0.947503911606829,0.270718896116536,0.333656282918073,-0.840911305172612,0.169074688919534,-0.986993001833989,1.06055177777052,1.85250556142823,0.455840307666471,-0.73329266067349,0.843031884057244,0.257996505848991,-0.191486777579322,-0.843634936478304,0.0684708358612607,0.899549743736604,0.389202112701333,-0.466068064090842,0.021909210182833,0.0397022887447216,25.0,0
131052.0,-1.85192881233124,-0.285610008843167,0.176337128291937,0.0259933639072482,3.29115936154041,-1.693939155155,1.985413425932,-0.862113460116198,-0.908554871336674,-0.138616199329952,-0.944885529794479,-0.454436181451987,-0.274930673602518,0.265300340565019,-0.7415923992624,-0.802419285356255,-0.710606668011693,-0.362362339274277,-0.696967781864672,-0.10736234595666,0.163318603024284,0.954887722487383,-0.0149917535396767,0.7679202889079,1.95571350090266,-0.223656347244338,-0.443430693917692,-0.397875442287645,1.0,0
43824.0,1.21283426037691,0.413096665776127,-0.750710122894926,0.648970244073294,0.348392335101348,-0.52025535686893,0.0958548676720028,0.0949869966218587,-0.12442208477276,-0.532383168739852,1.50100540001182,-0.473640364614509,-2.0087769617317,-0.719061771123144,0.749176122645028,0.638231592642678,1.05226746011368,0.649230070826554,-0.298775823056543,-0.200329100263392,-0.11771223100759,-0.372776464551596,-0.0843804537796209,-0.471373489494263,0.448213633318379,0.407774744735365,-0.0306954705638385,0.0219353266560777,0.76,0
118303.0,0.104907810505502,0.957510611317075,-0.379549232533418,-0.956285884428464,1.64587240313451,0.151427053977024,1.33832271483018,-0.46383468219903,0.106826944782263,0.577468335378745,0.375450674253425,0.672717466990415,1.0080919665897,-0.122245821889347,-0.120956470076326,-0.254255558183276,-1.28526040184693,0.700004363532744,0.572467525626302,0.371782762403465,0.240523783427509,1.368776720353,-0.297434513021715,-0.146365267466468,-0.668499836369808,-0.269452716015718,0.288666874708853,-0.0746269677217524,0.89,0
53440.0,1.25772132569302,-0.0613263265373495,0.494464801784874,-0.255062352593846,-0.541127095185862,-0.508731047635897,-0.28342214565199,-0.0247496958849282,0.0919003560604515,-0.0574659504773716,1.2546161216086,1.0365386682724,0.537974416828509,0.22105179045788,0.526999505831633,0.677300647181271,-0.757809633121233,0.129624487468572,0.437047862326173,-0.010143971632009,-0.0968487399416838,-0.285729508473754,0.0358481683430098,0.0652514463109374,0.144415165883447,0.906044291899214,-0.0726201456943702,-0.0027070159553955,5.22,0
161817.0,1.71244042344826,-1.13336276991072,-0.938000474885651,-0.634603095388873,0.0795020184157396,1.68155212251718,-0.992531519019719,0.620757480204179,1.04293531797367,-0.0215147809453612,1.02966771777435,0.493958318081728,-0.735490260976332,0.324864247534213,1.2387952045993,0.0565335318395257,-0.0761017057046962,-0.704936362342652,-0.865559222144571,-0.0535752781320033,0.302648067302681,0.781537095555216,0.197923917961713,-0.74859208334814,-0.728431967961702,1.33980335865027,-0.0635672618901902,-0.0623782593402896,106.03,0
124271.0,0.11803282800017,0.726823067797493,-1.68014844490022,-1.55084377405494,3.12637717289886,3.21208755390199,0.359390689660165,0.920083092865499,-0.160947396508556,-0.802551208079006,0.13733906661963,-0.156963641283374,-0.429210239560461,-0.752303884030853,0.155330503601389,0.215257820635806,0.352149554990033,-0.375810586590934,-0.399142858288881,0.0456855939438295,-0.335294649012531,-0.906231988037537,0.110466545659084,0.592954267929457,-0.423932431905296,0.164172155571902,0.245567546639207,0.071094460161588,1.79,0
123608.0,0.130503968878375,0.77880590487782,-0.728401272924829,-0.200518324637018,0.0302413188452199,-1.11407335264244,0.85031963126165,0.0788203652798243,-0.385438561404655,-0.622557040798462,-0.963221726738825,0.391813021719186,0.312400830446614,0.540291401399812,-0.287716771088578,-0.325909790915642,0.0144471336609108,-0.753751226440361,0.264581603448491,-0.132598249671683,0.0070964155761173,-0.0753962178742892,0.280533087534167,0.0157313841309955,-0.611337975384183,0.431168284223969,-0.173446569610401,-0.0813027958597112,62.8,0
21951.0,1.29134861688526,-0.482645534167635,0.577788368723061,-0.205108760532704,-0.871330592389299,-0.534071473152384,-0.534048073161582,-0.218864563422835,0.64017057506513,0.0621252880719787,0.963325643829642,-2.32236312042545,2.2452751422863,0.94463727177106,-1.14651430536373,0.0251833170765696,1.81135692662728,-2.11271525599538,0.239429892544206,0.0523019459846037,-0.0255302507031448,0.289419972025303,-0.0530682134095347,0.414856087974644,0.560811932728586,-0.180269366868985,-0.0044826401792393,0.0080118812591766,36.0,0
896.0,-0.985444539307757,1.15101812975731,1.44975303866876,1.03652242767219,0.305473062363866,-0.0390506763127264,0.973651300389454,-0.402890380307831,-0.345995490644653,0.644694723831506,0.102009676109259,0.461405205810064,1.23676571164837,-0.313856228705718,1.49994170077163,-0.72586864197438,-0.0670181686713203,-0.539314834084541,0.343300382672886,0.069321159210772,0.0055828245932487,0.461591774387566,0.0587035973543116,0.106775594709028,-0.276164070450002,-0.376627778563251,-0.202825802697314,-0.0106000177951941,38.0,0
160486.0,-3.39386554787581,-2.48250856738377,0.729683206062919,0.576489345300511,1.09966590300029,0.51074717674081,-0.0028403939347668,-0.0363717236535239,-1.01759385922092,1.14587451261317,-0.219926466574435,-0.611611981981524,-0.433798582163641,-0.0775508741851186,0.403856654374557,-1.17165663715095,-0.521725837556695,2.35363181946896,0.69818105548812,-1.67980938619772,-0.76055648464825,-0.307968689661989,0.854940024140159,-0.160007438555807,0.915330215526088,-0.323759620656164,-0.183054677109135,0.681774704360011,150.0,0
45240.0,-1.20082969848996,0.899121391254916,0.609794833272572,1.06474577503509,0.865495530556261,0.202666170199737,0.569374157684902,0.246814233703063,-1.20050505889383,0.227805821080585,1.68900729707299,0.910233182000195,0.181700573097074,0.797540420162856,0.773765661458324,-1.02163564413386,0.389330621080644,-0.530819500677412,0.39263055975753,-0.140010316057608,0.227610745131646,0.735080360430792,-0.376446954463988,-0.230070679689068,-0.211772860622784,-0.22253667138524,-0.3012990683681,-0.261631005528856,26.9,0
159611.0,2.06504217622682,0.21113752222754,-1.67723681743721,0.407563873422833,0.510485422848009,-0.789835523725058,0.228663737734744,-0.26008933476579,0.363316628670271,-0.411447699000125,-0.352551692091768,0.622321928447274,0.898471272039847,-1.00492400223723,0.158464866752632,0.21142725696664,0.49033860831628,-0.507662449662147,-0.0336228350543526,-0.108977026975251,-0.347485241805762,-0.847712712973815,0.339321038525675,0.531611150015048,-0.247842875844521,0.172488606512372,-0.0539919101991348,-0.0289579522537166,1.79,0
77375.0,1.49690465760737,-1.04684307230459,0.314958106121394,-1.50844217064936,-1.3808270628099,-0.528661781039693,-1.05175675773045,-0.0544681113671188,-2.00525051716868,1.62468179556327,0.837122814883658,-0.570321853446598,-0.0391000669491129,-0.0286670147558599,-0.0533689151146102,-0.084307418952512,0.166781730365938,0.624407272035241,0.17307206306487,-0.33700257227814,-0.189521541864155,-0.213985682522126,-0.0141065676963025,-0.039351990891417,0.383743769240574,-0.201414639268781,0.0221519203329354,0.0065495165634674,15.0,0
71517.0,1.19859053953818,0.381333749044743,0.296919444218482,1.12601312524573,-0.180595034863449,-0.928978347125321,0.337316729324199,-0.31235962253155,-0.21405064572415,-0.0338237621945894,-0.17401930183372,0.870322800908442,1.28152117582821,0.139997719371594,0.782144855604725,-0.0082375335775653,-0.498168041501302,-0.304161175009202,-0.387350740022069,-0.0128383729548708,0.0568759868579823,0.218909111466725,-0.135518882434567,0.434235602026098,0.721979346696386,-0.33530400826447,0.0175478882985545,0.0273223063753906,28.5,0
167418.0,0.0626500387955108,1.36553906886977,0.666991848016013,2.64945196135057,1.29026683859671,0.431190087653743,0.945258634792814,0.137498419810417,-1.97056774450562,0.936048946617638,0.430537909747652,0.45427527274372,0.262125247491029,0.236599788996026,-2.03715172910834,1.00881738822934,-1.13077592938846,-0.232291060721123,-1.2699881743405,-0.202089880333245,-0.15382072079911,-0.565091422380439,0.125793180482617,0.685703134286888,-0.477101326788873,-0.473119097487703,-0.0009716703234013,0.0076838381156844,0.99,0
107386.0,-0.477361714889012,1.24952271654791,0.116911119577517,-0.683681420623087,0.736341517881104,-0.51456128833846,0.820494996272126,-0.120048018664235,1.26681744433436,-0.024770382237245,1.65933460680891,-1.32421199819287,2.4216347529206,1.42821201343594,-1.82285263052707,0.0352332810184087,-0.055244405267518,-0.0913269410218288,-0.0076436635813369,0.229057168210634,-0.431299908719686,-0.658637754816871,0.0749311442527006,-0.449267675679633,-0.375202218779711,0.115681791756773,0.438724799551425,0.208971249552198,6.26,0
78082.0,1.23146875096447,0.226191470798496,0.501379015539902,0.629129063245301,-0.463371135868195,-0.977135427931763,0.104961911173095,-0.228512878826122,-0.0076528057320135,-0.0827141133498329,-0.161733736830894,0.548333321657983,0.65659926714722,0.175212546515838,0.996974714314113,0.290168349460443,-0.443406861540161,-0.579329076911693,-0.124467794681854,-0.0405201343013365,-0.244623406000662,-0.72552668806702,0.118500393324697,0.384769339009929,0.223879785983568,0.0921079199993045,-0.0297237657081326,0.0223482554156911,16.99,0
167434.0,1.97253421839934,-0.365200284844589,-0.403842234052562,0.25944338686239,-0.502807304154426,-0.217394694746361,-0.585143182685732,0.099307116092429,1.09422172236389,0.0171759231908905,0.486834981636961,0.92394664440608,-0.234064694010141,0.198599636612206,0.0128716868242608,0.51602269011118,-0.916700932068869,0.464376777681251,0.36344867012855,-0.228586030530078,-0.15893472890296,-0.347928393422624,0.317762391798212,-0.459911999959159,-0.41632089719052,-0.616250480868009,0.0292454538392822,-0.0458179764953326,5.0,0
113965.0,1.70960723801613,-0.720923094089427,-2.22406365938594,-0.146742884981417,1.13458726705323,1.1529487071537,0.161883096150721,0.235064127574578,0.139190014951205,0.128247107610792,0.890246218773315,0.64600497464791,-0.470373141701732,0.837547059056221,0.417971485296777,-0.646561323674452,0.041469493374149,-1.11915178733191,-0.550093519361425,0.0097470160964158,0.218576815268764,0.460827336967077,-0.0130991631511885,-0.886821827574918,-0.114174018900287,0.762882748208139,-0.0924415233600596,-0.0719987259772645,146.95,0
43693.0,-1.55630527461862,0.0493501844654169,2.45662694452429,0.295344606347317,-0.381110170972388,-0.469782362751489,-0.209022592631756,0.310386614090164,0.733814211381835,-0.230326629624003,-1.05886256256615,-0.581976771189526,-1.32143296583492,-0.335779644101157,0.264744109867843,0.0757198555791699,-0.0500177217193861,0.103647806232116,0.169745436102608,0.289037186930329,-0.112057653277695,-0.162781125821467,-0.0881493913051406,0.385390748656579,0.281014414067369,0.377635559276236,0.354429400971308,0.321068708434611,52.95,0
80561.0,1.20330370806517,-0.540232835806276,0.0096921380901056,-0.189649542710231,-0.683189037363707,-0.783321296191457,-0.0007882262762354,-0.280330843623383,-1.14725463918653,0.675751354254324,-0.806853785390403,-0.0438945541862267,0.653354998015598,0.215065644616422,0.813157556148321,-1.13471493839415,-0.260768598783138,0.610193478086649,-0.510274188864004,-0.253944736698317,-0.828047132789603,-2.22168297399216,0.185956471255495,-0.188062658124041,-0.0060923671630875,-0.0030134501850133,-0.0458644173029354,0.0362243428053712,115.6,0
135918.0,2.04761468675743,-0.0798052330655175,-1.23419800571631,0.185272940055654,0.196404241492287,-0.601373855364716,0.116014689724768,-0.192094814210918,0.223743088087132,0.223939036169447,0.633610610261862,1.28774038276179,0.660166885453573,0.325337512209882,-0.690752397693261,0.202444329166966,-0.74589556446206,-0.291570306555,0.610084487287911,-0.153601805289925,-0.260200185662581,-0.626975335887912,0.259140683460129,-0.476176347540087,-0.245860626418964,0.205676532569877,-0.0718352812431602,-0.0731423469813429,4.77,0
87724.0,-1.33183850066629,1.32492941291251,-0.509541149110067,-2.98472152253341,0.934647562721943,-0.282622528846398,0.722879610202708,0.54012451383385,0.195944099195305,-0.648901721716638,-0.353495800438661,0.20289138868314,-0.669815784030795,0.603551342905905,-1.0074543596996,0.903928647211155,-1.24788871332604,0.111213947024336,-0.175997072813948,0.0766158184682708,-0.33043969793091,-0.997838065771587,-0.156677588562823,-0.370433800735707,0.142929383344887,0.397862269701417,0.298552730598541,0.207210632783782,1.0,0
155125.0,-1.49902044947991,-0.223056891927467,-2.05878639009778,-0.744662005587081,-5.89860452668499,3.01656466237449,8.55510445926368,-1.98962885805591,0.148635450794439,-0.992882117905772,-0.650583163117386,-0.886324397329803,-0.430241949479849,-0.320746756398817,0.0755429625958835,0.050762073859918,-0.808112233649562,-0.475596569471495,0.0194054972191294,-0.564464167057761,-0.666266358177033,-0.0142826639767616,0.0704792650197346,0.0848194490160861,-0.0035439511751572,-0.127867224454161,1.02275167155573,-0.682367280052654,1579.0,0
62343.0,1.20709875759075,-0.3001115202089,-0.311003049729314,0.164989426471494,1.54326472348786,4.05865022675963,-1.14080495923655,1.09085348453284,0.761327738229007,-0.141319101135942,-0.565553982033055,0.302142763139756,-0.0249322679977842,-0.216030046653649,0.36733108173688,0.404881112359228,-0.74709712583239,0.38399848884688,0.160885861274738,-0.0096467593880133,-0.115422147944545,-0.279334781249564,-0.0405026611028565,1.00106257899499,0.573693256375126,-0.393610629845826,0.0746482703195791,0.0315668177327135,9.99,0
79727.0,1.31373941599144,0.335801173838614,-0.0447195942388144,0.496104850689299,0.0447644477507334,-0.590212371544176,0.0762828801385486,-0.15552443625571,0.0759974916405025,-0.284564614896889,-0.801332069682865,0.0068669855597797,0.465126265017371,-0.355974301041559,1.14535945245917,0.719183873292058,-0.315719411228253,-0.0363732048211091,0.117118962666243,-0.0458139281579552,-0.341200933941434,-0.977478385129705,0.0236657211664606,-0.49312338241623,0.330924863427291,0.14607410716413,-0.0237426722062254,0.0226634996143026,2.69,0
170336.0,1.85156033596302,-0.0597237350411119,-1.73083070312,0.656031504866777,0.166563252640489,-1.29223368293051,0.473859238830232,-0.39170595369657,0.621399974614006,-0.663563427482373,-0.428334630250539,0.54202569078838,0.492155981414925,-0.97728055459528,0.264145234533507,0.0812707333918116,0.568367925960098,-0.116685737133194,0.0162016668815346,0.0284383974937431,-0.265746002470096,-0.797161111746153,0.160173345901514,-0.230486408377189,-0.115086644897934,-0.588625494939568,-0.0116266930169014,-0.0049596757908451,105.25,0
171412.0,-0.657909837796998,0.146070815191582,0.804880831213176,-0.917235222729377,1.02702549616667,-0.621729766587592,0.4721363101941,0.0984284607983101,-0.139966081268299,-0.635026381645671,0.0179090499252776,0.210197078160781,-0.720907481414855,0.316329027499359,-1.10859417253283,0.609417964383026,-1.10198278096836,0.443926052586032,-0.331590229672434,-0.0944125812131204,0.11887484026677,0.184053894708252,-0.0955945024159865,-0.496888270978084,-0.391777141482801,0.0788676816895512,0.0872166752021585,0.162327554030308,11.9,0
161772.0,-2.8054246155302,3.29729522977386,-3.05003923171467,-1.13633373486802,-0.619829146962769,-2.0056852877454,-0.116485102247244,1.69146393097834,-0.350443709904202,-0.0708168805584887,-1.47747414640231,0.94575265608818,0.437603091734643,1.8719952403035,-0.297474603402796,-0.22455233819586,0.40796488245567,-0.391173378381107,-0.358754232212107,0.0382028572856643,0.315947554422834,0.808596500447082,0.079690038765604,-0.0436722702386023,0.0774048050427695,0.129329009565484,0.29988670901196,0.254637447377598,0.23,0
73125.0,0.364217594096117,2.004092775598,-2.01563195268327,1.5739763948159,0.818636570217871,-1.91799009472731,0.905629201707676,-0.232268855558337,0.109804463201306,-0.55993170604835,0.671990646700348,-0.904864897112912,-0.70506578438949,-3.56391203518949,1.16896287502263,0.820357035619943,2.83546727020184,1.54711127002257,-0.467942637240347,0.322521907542299,-0.212273023267509,-0.252351421708651,0.116145408160798,0.0107069183372418,-0.373471137116965,-0.389929719265851,0.463672256718558,0.134814007140463,0.89,0
60835.0,1.0295478202594,-0.337905445507988,1.30397382095355,1.82867364856508,-1.05733959216792,0.371057053967351,-0.644660521482061,0.373921966092707,1.53020601456939,-0.364689254417463,-1.15667118800113,0.0269430013819834,-2.32095740223221,-0.322097750315231,-1.50648311828985,-1.14606036540908,1.00747032842888,-1.21205810953048,0.0609640293081281,-0.32040361158694,-0.409022218989907,-0.830294801226497,0.13707565748584,0.353644629255197,0.309821244971037,-0.524639528995155,0.0761398256495943,0.0300941207486415,24.0,0
37723.0,1.1470971793318,-0.147556353838926,0.74587927193814,1.02480581253038,-0.361259791934713,0.70291922148641,-0.630000242985238,0.299988786881538,0.552111428721952,0.0775410893851752,-0.0786586598022224,0.473941563206498,-0.167062288249167,-0.0229866285311541,-0.0010290301024614,0.857374720466747,-1.06422464978978,0.963084111880837,0.320695586979721,-0.0503201125959106,-0.0365628022193486,-0.0747652094177906,-0.171649265432829,-0.855959987403456,0.483433125622087,-0.344530881794333,0.0532997346353497,0.0206431606823667,35.3,0
147645.0,1.62973855191441,-0.869907987850827,0.0536250902247539,1.05028077618914,-0.291976428801125,2.02489100264201,-1.32592817077719,0.768723399921083,1.27831301895758,0.156451437573705,0.596712746007303,0.719168805124878,-0.438269276682339,-0.0150363909150601,1.01522907964507,0.289892125331754,-0.484635332267016,0.0716087635181592,-1.42061114956104,-0.182637140023072,0.384827880579298,1.18019841054107,0.128175794676466,-1.66311167571741,-0.517674718497193,-0.481272338203944,0.12291227659352,-0.0310847774302873,85.0,0
166231.0,1.97454404391163,-0.136996530299024,-1.16095313044189,0.486989465289015,-0.068517618379987,-1.16210767054233,0.348257228488659,-0.414390186033468,0.421087836377879,0.006808677179952,-0.645167507216665,1.00092921811166,1.02988911120585,0.0498267462229925,-0.332464737630673,-0.307692429430111,-0.24107282152619,-1.01503457561451,0.181482909659553,-0.0723676729864503,-0.209730548329442,-0.480914391090571,0.232751641336813,0.0916004263179427,-0.17694546659737,0.265367033871849,-0.0750194367202362,-0.0530796366220071,48.16,0
143042.0,-1.16823219372097,0.234295356459605,-1.54025049686212,-2.05050329891493,4.34206740980855,2.5962846886407,1.36878006510996,0.580780613690787,-1.1329158142055,-1.08339068091377,-0.25342025512151,-0.236925469790446,-0.672134894166388,1.00759046772819,-0.263098905078734,-0.941526689589398,-0.382277907374471,-0.499798695426853,-0.585471075846203,0.170228083498301,0.373834648428766,0.727922418592654,-0.579041162329694,0.766077241819292,1.78307862804542,0.18032580814001,-0.0928902877152988,0.0198648171279815,70.09,0
51798.0,1.40465131582021,-0.611425025769436,0.0358545841977713,-0.732553769597385,-0.788797765515299,-0.520951754141777,-0.513089459569575,-0.168978276302221,-0.686538820301187,0.68485760437067,-1.34376130945144,-0.580275355708209,0.278089541962097,0.023326785217705,1.01954921463693,-0.976353181579775,-0.360037806902336,1.41021578734741,-0.566734992511244,-0.408570183807451,-0.293032795459301,-0.386939063981994,-0.137580629662367,-0.398181229291454,0.404895116332174,1.20998949116118,-0.0605814493646565,0.0022085371027214,32.32,0
119766.0,2.02890212317454,0.116681698873678,-1.67863356511984,0.443144072364684,0.404311394707096,-0.839410032518621,0.208580630381231,-0.232984907602329,0.451882235942804,-0.400476870567513,-0.396604718728289,0.311607571499377,0.25978718643957,-0.871883394237463,0.224344789518455,0.222490079322732,0.552377657195738,-0.450199177193155,-0.0610082256758111,-0.119192259991722,-0.340452539706025,-0.894657593070947,0.341568387272042,0.585765879259381,-0.284372500361533,0.168532061654601,-0.0610169156924663,-0.0268262365203941,17.69,0
80897.0,0.3162721658226,-1.6933549138174,0.780559783061022,0.459319709123326,-1.37940382929507,0.455039820281455,-0.217213664491893,0.164513022386088,0.736549899237801,-0.546965884892283,1.47634178273065,1.93824193458575,0.853797986319486,-0.41318722442719,-0.819194918074042,-0.266520135008554,0.20512964774378,-0.69195666242743,0.181723718276384,0.793439955040712,0.119265733405494,-0.286886757704227,-0.252010277121134,0.34530460594075,-0.113285739638588,0.895281457993453,-0.0922933587063697,0.0764776052303531,420.16,0
169203.0,1.62361670086893,-0.621390288209523,-0.990043704538791,1.27902023966291,-0.1288706336585,0.0649556710315465,-0.0517444638446287,0.074421626118447,0.479100135934364,0.311330260424471,0.67566423222007,0.627078686409743,-0.811473301060118,0.550711212871318,-0.343884764566271,0.23699892364165,-0.686259259619618,0.375612066922745,-0.247657987465941,0.049963729011469,0.137474480604289,0.0894928316865961,0.0833784801580549,0.658526016945225,-0.128207188232843,-0.763711771036033,-0.0101075503386351,-0.0151378401464105,170.0,0
146835.0,1.95364993386777,-0.293313446765648,-0.368858836405519,0.236980269319471,-0.362663549469501,-0.0168847737612587,-0.568656438808282,0.113987836128724,0.907472488229404,-0.0190851872598325,1.01235545323357,1.53143327809017,0.66996277145622,0.0187109790586034,-0.0788744857358694,0.374829632969917,-0.841334824590581,0.244593151747536,0.208825235645459,-0.150338891724475,-0.125825804882696,-0.248278520676319,0.394667522507302,0.735705593693948,-0.421797560101267,-0.680015233633954,0.0310795772080912,-0.0324087254596608,4.99,0
111905.0,-1.01612909038593,0.421615367024804,1.23094623040399,-0.776548456163317,1.27575735520533,-0.648048609392581,0.721853791236014,0.0295038994785334,-0.808552551215769,-0.710893080035863,0.563248202196741,0.591974086225621,-0.0787246794530702,0.378315260689671,-0.803899366288067,0.0463412134672768,-0.57256797810038,-0.175179499486483,0.563628480254742,0.0890136424043036,-0.208020459850078,-0.783842509163434,-0.26315607327652,-0.391352015241215,0.510381686465237,0.339265738778508,-0.0626241937668942,0.0382573977361694,1.98,0
145072.0,-3.33581677567871,-4.21230680750582,0.641075929189909,-0.210177602054919,3.10559747472223,0.0118062685496706,-0.568949744121039,0.0225064836346517,0.885274419685203,0.0017482613445282,0.870491173168898,0.585464298278067,-0.235004881617826,-0.290348892369839,0.356407753783097,0.041376769819196,-0.624252797886404,-0.924265829529264,-0.931587313987409,-0.208613754261776,-0.166216322199666,-0.01347706374238,0.288267116711831,-1.56882787917051,-1.47395516008757,0.159690941436934,0.118742498940506,-0.166670867850122,384.0,0
145576.0,-4.63130862153755,-4.33942423995809,-0.645025638791666,-0.668984719468835,-1.9471289063391,-0.709231447999533,-1.34935564325956,1.00769728724329,-1.5188336622502,0.130213930602409,-1.79233048917396,-0.0406753669725303,1.28154096685886,-0.331922277078028,-1.03608205878452,-0.218292373645738,1.26830161862682,-0.0511500058924617,0.594001093780806,-1.34888059206792,-0.44125943231193,-0.183719710670821,0.998790220288059,0.0738717346070777,-0.796402671235146,-0.353018221440737,0.687910140324608,-1.55737930569791,147.44,0
105372.0,-1.41158038157501,0.692529298622833,0.657928861396335,2.67990859020966,2.41093632214886,0.444266523520196,1.10020298801843,-0.359994256497368,-0.54808462499914,1.15991148580633,1.01904871389043,-2.66596805738687,2.05816891041269,1.45917435444004,-2.0556921923634,1.17791400839686,-0.962929618635325,0.81038478355049,-1.46138112713526,-0.653984516813092,0.0075152392516824,0.834963751698325,0.396694772076597,0.135384159123621,-0.0017402022768062,-0.0300687363271412,-0.250226353685386,-0.131485632965383,3.31,0
128182.0,-0.527929321999303,1.20097832008146,-0.626537838873388,-0.477143361034266,0.659419471592592,-0.638997438137518,1.03090959864059,0.266667651800944,-0.549178504296995,-0.554396917246905,-0.0036020912210554,0.598316559398467,-0.464899769858511,0.942295294943646,-1.16608674186307,-0.57097650400046,-0.244827566674031,0.310423526730697,1.03686492810758,-0.0512080217736742,0.136262041600441,0.497988498849054,-0.222198942002764,-0.471916143845695,-0.0008342768441993,-0.204675970012925,0.269668623694875,0.165001006714318,29.99,0
4507.0,1.05632850112621,-0.111432406071381,1.41813976926183,1.44964218151866,-1.06722883576463,-0.0599893175381677,-0.790625731028785,0.17228071206009,1.9657431056576,-0.317568868326775,1.93159014612376,-2.0178218251332,0.444060421916067,1.62580803978153,-0.699863910407903,0.407911499756753,0.217851675242011,1.06053547581943,-0.424202243233728,-0.184700208171936,0.0443306688611079,0.39280959274314,-0.0796750322218097,0.461507671439654,0.380993615735047,-0.326043840900279,0.0256269640526624,0.0240455272558022,36.2,0
52902.0,-1.20773047924112,0.0163499437589577,1.82719532299303,-0.405859838971213,1.32705383342031,-1.29953418872799,0.399513162464901,-0.119514527582713,-0.607363392482068,-0.579714754084331,1.46741359889768,0.642970942843205,0.0760127935434802,-0.423668074281168,-0.260776210098736,0.766628080764522,-0.636293881068129,0.266617629628422,-0.551548642401367,0.219863481208852,-0.132392295951031,-0.609054113137645,0.0107423187933416,0.275610920058306,-0.0922364091987375,-0.11330393261635,-0.16774419557449,-0.106872744420141,1.98,0
85227.0,-0.664414113538667,1.18157204884162,1.35782417140663,0.627108412461864,0.57872445604131,-0.125583430367361,1.00112000549286,-0.206858243931721,-0.902056206812147,-0.309352388633672,-1.00929541229038,0.122969302168231,1.29316978561257,0.015558984936074,1.09958001258258,-0.141804694416938,-0.503929636221051,0.236236399883088,0.832758725792194,0.135798413971415,0.0587310692568553,0.198923041484564,-0.474381160692944,-0.402723219842285,0.658211327835506,-0.159093823294265,-0.0423499373704349,0.0683321287582613,40.0,0
132190.0,1.2756509462462,-1.97734210222169,-3.37002575908049,-0.152800438176311,1.89565748644858,3.49786267143391,0.0511823364567982,0.568435188602222,-1.11021630662975,0.932031230541456,-0.315470659580902,-0.0366963312990334,0.109264280095821,0.719501905002234,0.415908691532355,-1.8294213508012,-0.255042320233098,0.983840892791883,-1.41483088678557,0.299144338168569,0.0107631072531231,-0.480876822158702,-0.243430973940263,0.676721172640778,0.111594382882206,-0.543687072696947,-0.0495390341456936,0.0199220447408146,452.13,0
32448.0,-0.544233648293251,-0.448641365750923,0.657484563787167,-3.67084270575846,1.28137885134418,3.49379646875904,-0.992896706949475,1.00154993355918,-2.28993092925068,0.899774437693435,-0.490758503987672,-1.4021530581437,0.405992791523801,-0.542793760258736,0.452349964909703,0.315829647771924,-0.344233563143803,0.836371727713388,-0.592480034010093,-0.0439082318438015,-0.112490891916214,-0.0404750616630213,-0.327214696610846,0.981273784093476,0.578129854270546,-0.154277892902062,0.313498242676022,0.122707992973062,8.4,0
163003.0,2.10811554303063,-0.179201648240184,-1.63153891024857,-0.0262420014457838,0.574984440545669,-0.0275659943931252,0.0049766134325353,-0.0468392546220721,0.446353406413965,0.249807229639174,-0.304134335631211,0.441270187357173,-0.256470964091413,0.48909667617663,-0.460552921656704,0.456303869489541,-0.955969217264676,0.0439565363507763,0.886052149829748,-0.206314366257118,-0.327956403866189,-0.855030043281244,0.170414846137883,-1.45847683646719,-0.175622834416013,0.270622429315535,-0.0761788994919924,-0.0857412489637522,1.29,0
125112.0,-1.26606416236733,-1.3971341435109,1.98117785541731,-2.81134325414155,0.0133677449827263,-1.25210049145091,-0.722414429066582,-0.0138980574023932,-2.24008691066574,0.458158496748737,-1.03251651544884,-0.954063345304759,1.00357614423782,-0.650633279093712,0.0402227032071681,0.168610640070568,-0.10309354354055,0.113095335550143,-0.827679197705164,0.0448855699916164,-0.235972086783396,-0.779129330903275,0.0912954268070461,-0.183539704124758,0.330875031785524,-0.433726015264622,-0.0055207023827064,0.0837919919838129,50.0,0
85894.0,-3.03970776186433,0.466602023695027,-0.323558427422025,-0.798938097081407,1.74909973848987,3.89285257879819,-1.80398211491683,0.27463676100853,0.141496258771859,-0.779782018530238,-0.957953001164046,0.411396264574951,0.0208093299008635,0.372078821339913,0.119658382966474,1.11257657044748,-0.747947654473021,0.644844660914622,-0.669882939344353,-0.819150824996378,1.60583547602828,-0.72201363669985,-0.594479678979586,1.01859849333916,0.158546387435686,-0.582827475885843,-0.252338270113938,-0.292195710212499,1.0,0
120471.0,1.93325930633969,-0.142281101352263,-0.920335400445457,0.515417536776933,-0.19992774701143,-0.475194435222599,-0.399826608756047,-0.0415934076117274,0.912751571778573,-0.556740145442632,-0.369335074125276,0.44934313905059,0.738572251561791,-1.53225216341196,0.635675063036772,0.86493841138645,0.392525156393207,0.145229643906389,-0.28759423477399,-0.0155351553107886,-0.263515941735282,-0.713254936516413,0.388898671841666,0.629179988087601,-0.577664612070009,0.120961970534353,-0.0175050194274684,0.0013504801493272,41.95,0
10972.0,-0.697615305296562,0.568022820730785,1.94086735347596,-0.846566543525862,-0.19700245987651,-0.248315231888823,0.0774033324286582,0.256881839027689,1.2508333362801,-0.792535618058513,2.28068154084955,-2.45000758063485,0.295319705884894,1.79563472064325,-0.402000329160532,0.511080212586472,0.21657935204566,0.387244479805382,-1.07861763140582,-0.058269511670133,0.0817560568671015,0.476371744538841,-0.0317310589577218,0.190403094471361,-0.574824362015588,0.855459081016424,0.264069504899316,0.174152150979505,15.95,0
83755.0,1.12509009086696,-0.0416130944714395,1.04150984408904,1.57362929798303,-0.44290112107113,0.712304078455189,-0.651101930677496,0.240298645680613,-0.212090789909218,0.559893954143089,0.347774489788245,0.921580050010312,1.09409888894083,-0.396831178397014,-0.516907688214029,1.24034777931633,-1.05940845189816,0.514095547909934,-0.184686246564552,0.0615993001919414,0.0954036862052356,0.317698202482691,-0.158770714011962,-0.409525674875997,0.289789289278717,1.06606583032363,-0.0377394996017714,0.0089560734345728,35.92,0
115691.0,-1.55027271502021,1.08868850191044,-2.39338766218981,1.00873271714408,-1.0875618874048,-1.10460238189499,-2.67050327670088,0.147654676391109,-0.978625549290056,-3.51413330486723,3.58604242366444,-4.05335784837839,0.862426024955809,-5.76582302154173,-0.507511029549388,-4.92186514350783,-9.56726769048681,-2.77297411117016,1.71709526842855,0.327490457262181,0.802316031461701,1.03710478869922,0.0958154204904633,-0.320190913384423,-0.0807306312824349,0.0910116872058309,0.0249284934943241,-0.0778199786198624,17.06,1
58250.0,-1.01232424146915,0.656529890585778,1.5920039108527,-0.392223380460483,0.416572943686606,0.145967758508663,1.26419464639554,0.173093273964829,-0.500666416514647,-1.0432048321369,0.824381618219786,0.988018041987699,-0.325185738481529,0.04421399019232,-2.03669111895833,0.0262220595765025,-0.624878223274359,-0.485504066934061,-1.64295015896117,-0.128935428488725,0.0801167250307099,0.149510811350573,-0.102459705419012,-0.006364469252222,0.444447090211865,-0.642627997066969,0.0415476535108135,0.0862220177813178,94.15,0
38935.0,-0.890753122199973,-0.16939974335305,1.18812017648899,1.23776844712317,0.349738788424625,0.0101348719713569,0.243917010375521,-0.269466128712693,0.175682743231345,0.696249237206045,0.737796516657503,0.783011620631684,0.324733653777366,-0.418804607408164,-0.378537385385716,-0.83953591919615,0.0863923365033535,0.327366894854116,2.42943869145571,-0.292270145186003,-0.07002895511512,0.732124451999786,0.573973138138805,0.0985326468061365,-0.862460951090291,0.446543949877476,-0.115194463539992,-0.106841312363993,12.06,0
114543.0,-0.414174354416624,1.38109668344603,-0.377388929211655,-0.305242758100682,0.862541487082488,-0.640622560800192,0.731042864029437,0.231111510055345,-0.741696988236519,-1.26117896691061,-0.651741076202176,0.532600648284033,1.18018818509007,-0.788125857977477,-0.0943731814183474,0.0925265614442859,0.728352726017002,-0.276735491956529,0.335827703923886,-0.0638712604625254,-0.184075006594222,-0.552343774587707,0.0706577607525284,0.54736937316928,-0.702998210545469,0.159044735549147,0.0268195592830887,0.147896606276149,0.89,0
157791.0,-2.70324614823207,-0.340501685859222,0.728988015887111,-0.0787558038947305,-0.214525421514046,-0.16414946891801,-0.0414199275384106,0.903150308388252,-0.266103449304912,-1.43049553170244,-1.15783365854529,0.245259202785765,0.374256667601856,0.561935615802697,1.14336551538312,0.459566952317976,-0.191384396005968,0.230225487995711,0.359369728730184,-0.218679023315111,-0.0856197166348758,-0.453883543919644,0.535629709988353,0.575731744543518,0.496849461577905,-0.419972793971856,-0.0157496148585376,-0.59232023806864,68.82,0
90085.0,0.15359793232433,0.999536284785754,1.03356116777341,1.16035950815245,0.470674576591009,-0.525185400656722,0.990040903742904,-0.756288636324285,1.12286952069523,0.454787676261724,0.469728023468004,-2.78600160369057,1.74206790112821,1.33831436186664,0.60341616418233,-1.44162108917344,1.21064613539736,-0.158334845784584,2.65307702579419,0.430151879484423,-0.467366833643081,-0.475350377218889,-0.0343641095704466,0.0208479718864757,-0.920655275411562,0.494334849670065,-0.0577371559599615,-0.213886429698049,12.56,0
122312.0,-0.423390126578881,-0.710638366751643,0.845564324714756,-2.3892289688478,-0.546594509967579,-0.898260661289464,0.0549186993858283,0.0690694034974237,-0.485954005769553,-0.170970240953065,0.214805327972116,-0.615571771401004,-2.0217534095425,0.48316312441444,-0.478061934073696,-1.41610695446521,-0.211171677711318,1.90273994518317,-0.280573870199439,-0.439723954523044,-0.170825113408685,-0.230818253077619,0.173666072810697,0.0292375659490582,-0.742318814363897,0.514749757768485,0.0881555298361092,0.168915558023747,68.0,0
139006.0,1.90291874203928,-0.385502508557744,-0.507275138603644,0.343628566717238,-0.321664890428309,-0.135322975844523,-0.389305850279588,-0.0333027733663114,1.10819711363066,-0.231660229133669,-0.710831739402716,1.03121903302028,1.20276375436796,-0.253193533566243,0.6417473031902,0.154710829490138,-0.615909608653235,-0.326916586560847,-0.109667143439786,-0.0340076790926383,-0.147343551459502,-0.359707750739228,0.344555932846069,0.588371702766755,-0.389241760413181,-0.653998914611644,0.0311189261533933,-0.0148544590707113,54.99,0
146615.0,-6.63772530922665,6.0633086815464,-5.39093412907836,-1.59816030088929,-2.08385651696113,-0.816137895146278,-2.05598529941379,3.46386005094143,2.45926549361877,4.19782317731338,-1.34930429620504,0.748173393629689,-0.946256072174648,1.84185440816769,0.0610128998695386,0.646741820682793,0.0018624692104604,1.18231183910685,0.168948172462688,1.61724200592883,0.0592858174071195,0.61902021097738,0.350288164282962,-1.53585603299993,0.440836923874604,-0.0681216905060975,1.31148776460969,0.724244978515422,1.79,0
54417.0,-0.675305012270877,0.209745901606284,1.95126393552725,-1.96990555232106,-0.226780606119472,-0.470277225659138,0.22404548942478,0.0456873810247395,-1.75103941948112,-0.031862016493951,1.0670016397189,-0.0546031140859694,0.456799067465776,-0.219460442615636,-0.520244204577078,1.6455961986494,-0.383331574164568,-0.934864472938597,0.534754169990996,0.181645919515768,0.0031982332685782,-0.271567240696125,-0.180766122667195,-0.0293766863728967,0.282379355978303,-0.562538605926931,0.0173592314545433,0.0534076920010042,22.58,0
90048.0,2.06461924660735,0.0854505879711115,-0.912194889775577,0.619144512212608,-0.0452083122560341,-1.16432120644711,0.114268472655456,-0.43450951519616,1.77702430512607,-0.306846264314066,0.269412126591684,-1.89382859669616,2.02485232829446,1.64646325039322,-0.733464829283082,-0.152155227815625,0.429061280407276,-0.638693831829592,-0.0626940482407991,-0.246925303470282,-0.435363293484271,-0.857371496553289,0.349052486530818,-0.0058769564201809,-0.31184848648196,0.155683360934463,-0.095380699238035,-0.0655349137950708,1.98,0
119167.0,1.99227259881073,0.326350656197828,-2.7749170646756,1.15546357270403,1.50511361187977,-0.0466824355802374,0.576564164619329,-0.11683906969245,-0.0329998166739256,-0.200213223590431,0.197666684836276,0.239699735206145,-0.423334533894791,-0.805106639097234,-0.919821784421195,0.282520299696518,0.394725642936311,0.897900010263323,0.234359775323419,-0.126777314855653,-0.0362991676955277,-0.0174901967453691,-0.157336061080482,-0.485717726248081,0.566621952543252,-0.479192609466981,-0.0143865355597409,-0.0372118387473641,42.2,0
72222.0,1.17326939904306,0.388984581241881,0.374182385478411,2.01288426876795,0.536501697623231,1.16229954654111,-0.258069288955953,0.319046136049719,-0.770088475935673,0.787205547355635,0.183367933632419,0.302553224569333,0.316545347026344,0.295350000931396,0.295742116713447,1.16328569043776,-1.17482784729958,0.253604705560014,-0.607671918006468,-0.107160391434924,-0.102415540401949,-0.344247023081289,-0.0831991664144824,-1.37617586440789,0.378609864026519,-0.0337769936685058,0.0150076321171487,0.0039912254195984,8.43,0
141621.0,2.0862019658566,-1.04958369027936,-1.06502283683255,-1.10229037065911,-0.511300817154274,-0.0211813499543073,-0.801329162187033,0.0973761762771164,-0.278341004972779,0.881550348121755,0.517608387787477,-0.308568491764414,-0.766762326760945,0.103122062992557,-0.489966910035148,1.39275060658353,-0.0850442938293205,-1.21802324748601,1.23870815790927,0.0316112741388325,-0.237059628866928,-0.910603329020172,0.426658739216815,0.139109531781767,-0.54650009071442,-0.696107809607025,-0.0281216279687297,-0.0471832144695366,53.6,0
62527.0,1.0270141836293,-0.720464994197125,1.60768409110283,0.779372044776049,-1.65644268782213,-0.0354543846973667,-0.870015821283991,0.166099694396173,1.68684798691737,-0.600233071505272,-0.940786004247971,1.05922400123801,0.0614227688326147,-1.10312143967553,-1.64480339669445,-0.644975179621736,0.643151356157788,-0.881041075627549,0.571037307455863,0.0223608591401079,-0.178235130950092,-0.155509106904809,-0.0011680395800004,0.825427325850202,0.191452933685147,1.00196757247034,-0.0131129270019595,0.029577207909037,66.95,0
71256.0,1.04090721021967,0.211100621343596,1.53452088998959,2.53717672892071,-0.487583965847694,0.964882752509216,-0.690720795121852,0.410946426566322,-0.259519776139806,0.597663569081436,1.08297390200729,1.31429724094541,0.640382186539498,-0.330276456194921,-0.828789627688841,0.492549856100944,-0.428963136177366,-0.239620308275061,-0.914587205968509,-0.139237496326724,0.0006449415651,0.189732625681353,0.0542850621592641,0.0387511277282094,0.219176248884689,-0.0335542826577759,0.0602142293776709,0.0236340491616057,0.0,0
20488.0,-0.621059143958123,0.714849510110048,1.66850001638385,0.29796688102003,0.666818720614171,1.24968839781917,0.213508793117179,0.453077615082698,1.18447606674916,-1.00157690827171,1.5113843953063,-1.47748624788618,2.0823424341642,1.22440462207163,-0.162509318176759,-1.80127625125224,2.05839197734699,-2.41352288989881,-1.56311262134102,-0.0333807848985448,-0.196806116007583,0.0862757516859899,0.0984901994913008,-0.659334009458171,-0.288268103785645,0.310473546252253,0.289711530671155,0.0643999022192191,16.8,0
144223.0,1.89908826904372,-0.629539226125565,-0.658033376423122,0.178274129420426,0.0993267335032476,1.42033357401215,-0.990553894157323,0.545264924122008,1.65281837009919,-0.266959249437322,-0.89901546712686,-0.0590817433153108,-1.0340274190658,0.0813386032145334,1.43732287013082,-0.611796584878335,0.24012749011121,-0.850307914212027,-1.14221222427441,-0.367455199336141,0.226266891578655,0.941300961462364,0.216256714853697,-0.571148060321051,-0.281147986501658,-0.12972509756046,0.0800203745359256,-0.0476660798563561,1.18,0
118349.0,-1.37569273021439,1.8594982465176,-1.69028708642198,-1.1309675827131,0.488637573087662,-1.86640640504844,1.1393055040393,0.197473584306554,0.0994071354559433,0.233165177768964,-1.2879483398846,-0.262902588396785,-0.823750323829748,1.05973352697322,-0.0872104165232909,-0.48220335386065,-0.211053464718071,-0.253372787646782,-0.163265280574177,0.0816972611128585,0.156146375092553,0.786501307128292,-0.111732772751791,-0.085184487457208,-0.123190730814065,0.090485447330607,0.326754531327225,0.0516402781530464,0.92,0
169174.0,-1.52512902126289,-0.48121589036426,-0.502442169371169,-4.02265773119938,1.77023318417481,3.42913862051371,-0.954343131917351,1.31945677059592,-2.34882358928912,0.650739331853319,-0.550009377031192,-1.05940541988712,0.131517260540687,-0.142623906861982,-0.379138566280459,-0.420541451313033,0.365124809325562,-0.168304817513361,-0.786847329241607,-0.443476098214043,-0.206243477667347,-0.242488500385653,-0.0047015436089714,0.675484409430713,0.893524739097397,-0.0888093525640092,-0.0452395614442996,0.0079290351200307,10.0,0
97338.0,-0.698422781685137,0.771977998980382,-1.02133319980094,-1.7674918973683,2.76844149796982,3.63756468551291,0.0768926573689706,1.04401073714536,1.60451702490376,-1.04937754650105,0.355274135208323,-2.32243468880473,1.17711358926386,1.65770706683656,-1.22117255775685,-0.748829259490087,0.551393562238654,-0.121802944303401,-0.237542748916499,-0.0708153478454251,-0.0125719026246861,0.457002467184566,-0.244289663706868,0.699188563566569,-0.0774727670842476,0.0713104460501345,-0.0285352034385772,-0.0849130818740091,13.18,0
156280.0,0.0111318955675812,0.808312483830283,0.175929668904825,-0.786277265803899,0.668650226958838,-0.516614829286548,0.915880486562396,-0.0287108372613279,-0.321882621226232,-0.260174690501663,0.570891568142515,0.868796265665755,0.227537743592544,0.245810910481005,-1.05937007669449,0.129434874737921,-0.736810686198455,-0.264013195289733,0.255080961520438,-0.000762434144882,-0.219926158805131,-0.475637078351926,0.0275568391815125,-0.396014786100777,-0.480955164731862,0.145396140633938,0.246662295663695,0.0840925427117053,6.28,0
169234.0,-0.0855061764334984,0.579299773012247,-0.0747317309138157,-0.999896166480838,1.27028669301991,0.986924142835643,0.603287513378765,0.453590032005601,-0.129915024538064,-0.348872112804896,0.680110371314221,0.369521891369666,-0.939662674516204,0.538120358486423,-0.191566735976123,-0.540419229464746,-0.010436403619749,-1.27588298244876,-0.617665731834,-0.156896567561847,-0.179187193316259,-0.313095871813559,0.078547280227932,-1.66388234078947,-0.680006851825966,0.255427631523645,0.285608577256206,0.068246891750733,4.99,0
160762.0,1.86605984127466,-0.297367422053635,-0.505530734847957,1.50935481839898,-0.227847168419026,0.0815457946652062,-0.252649701997689,0.0665956824881384,1.20498781892456,-0.028125629196568,-1.41380612911094,0.534658150803562,-0.442268669549081,-0.222141406409776,-1.1342228046356,-0.366734178738315,-0.0735881600225313,-0.79136421900854,0.230683062120661,-0.19364132702765,-0.510968848337094,-1.31860017277297,0.434068853598141,0.641699187793498,-0.318165573318601,-1.14200246786334,0.0399968090928268,-0.0168374175022188,49.95,0
158679.0,-0.238572310104579,-0.54443557519018,0.387482438097909,-2.45209924188869,-0.123810309147306,0.400038309208208,0.150725495299953,0.176933316514444,-0.681286150314956,0.103732704028281,-0.511470135749055,-0.435026860115541,0.515539496677345,-0.62650235536243,-1.15044253177699,2.00461714594992,-0.942699632741455,-0.151394077094295,0.427352571257001,0.454902092865471,0.34236466498816,0.819583640505418,-0.0985156351102945,-1.37294492804513,0.410870116996226,-0.0975675805455309,0.171176440926014,-0.0027166732200263,129.0,0
67857.0,-1.73933378422429,-1.30465465035444,0.314102907291187,0.0537401062585881,-0.0586957001779964,0.0712595573040713,0.694861852921962,-0.313269934817745,-0.649377114028123,0.517567879914365,-1.35655775612738,-0.238382663867126,0.0695790190825196,-0.431690053731737,-0.674723889299605,-1.65416180710569,-0.0539606012956825,0.520745840192804,-1.55456174696529,-1.46399432399357,-0.665172078751849,-0.632078028662709,-0.421175799634968,-0.400774352865197,-0.001640301894043,-0.495162312868153,0.0316326197006312,0.0662796878513276,320.0,1
135037.0,-0.643070823067724,0.941794083311862,0.799126849237548,-0.117045674020622,0.137117339909422,-0.154708281803091,1.51203140752641,-0.283749245552791,-0.198257236302632,-1.10100156382545,1.26529996159989,-0.0882491041169273,-1.17114813117035,-1.34902941959623,-0.249231187497586,-0.397624498261067,1.26058128541587,0.771771984917413,1.45343819670842,0.122600642351328,-0.229749398119611,-0.383239023582022,-0.36801138446046,-0.100480362378369,0.478425796719436,0.159538579961994,-0.204395170779059,-0.175116621803247,124.29,0
973.0,-0.770967640081607,-0.0708792285217339,0.998146286472706,-1.79221633235655,0.0407653935367364,-0.850322083368426,0.489439903627444,0.0868289799244465,-1.64323622465884,0.323733208691633,1.50843197054228,-0.509218256293757,-1.2011494532065,0.403020106610918,-0.575802295364419,0.892824264200645,0.286108329565197,-1.67896086814726,0.042517577741748,0.26385882005477,0.0539041847323501,-0.148724256982028,0.204873279628712,0.152900623581087,-0.272693540819054,-0.636777272836629,0.302181214072279,0.185768303467187,64.93,0
74808.0,1.17702548854154,0.573659412268917,-0.378237634911371,1.06725575720156,0.448318543583578,-0.210601688329983,0.121267293155502,0.0523046734657013,-0.349203841617401,-0.445729934372729,1.69773686532045,0.704797779326417,0.0990410751374232,-0.882524400404779,0.614997003430691,0.495542151802101,0.571303123019947,0.597852276944144,-0.529219216708374,-0.104289738586548,0.0077889957605657,0.102181994591391,-0.14486479244239,-0.411958827495967,0.638281127510449,-0.295550995563796,0.045285262041596,0.0347138381465304,1.0,0
13936.0,-0.895395193728144,1.24177561243247,1.30086339421626,1.21411116051249,-0.191173731651669,0.0578614566193278,0.361148948248865,0.231991872404353,0.837196733848798,-0.995638563192795,-0.287141560219194,-1.8072427487894,2.76596199541879,1.38190515604128,-0.867701246941003,-0.463036906990034,0.838992732205239,0.0620359914878895,0.850997636349371,-0.0837012112464572,-0.265151246385725,-0.461285730972449,-0.109013944872392,-0.156469158370694,-0.0982294903776387,-0.51095971368008,-0.0731275825468799,0.0285582229708784,64.2,0
153586.0,1.99677421751736,-0.0800631341820502,-1.0892200202966,1.51158949266038,-0.138826155949354,-0.872712516346294,0.0969953724044324,-0.195767829213215,0.896242892931828,0.225996943655926,-1.45818307444797,-0.367581385005329,-1.62436204774001,0.422069769962461,-0.598084568856434,-0.526279582488569,-0.0838329029237933,-0.119037528063936,-0.214011172319715,-0.382805462674467,0.155512827335009,0.699729727958231,-0.0333068523437189,0.0362241672643017,0.390300848454042,-0.371770057320382,0.0053892012189365,-0.0571385148333052,8.0,0
45547.0,-0.947094912205019,-0.333543974447293,1.46060029210748,0.365640242726258,-2.05612492476451,3.58184735912998,1.38500286380491,0.529443563140433,0.0622551058050925,-0.752757032036079,1.86350978690185,0.923311506668477,-0.31080051082525,-0.236253116124956,0.913252964015242,-1.74146162243971,1.66038188742926,-1.61466137172316,0.962278899671402,0.135014235413756,0.0247950512654573,0.521844439016847,0.424149350919881,-0.911994194073756,-0.873701397173592,1.25804912274329,0.232051218729273,-0.0156273196422381,490.94,0
147977.0,-0.61648942356876,0.963322143174352,0.0120651693431286,-0.684873647172051,-0.432244459672681,-0.298993366679314,-0.436708340691626,0.88644374159934,0.0913536538431569,-0.996708068325421,-1.43107701541668,0.369315165700613,0.333956504075839,0.357204435001317,0.0493763299299829,0.7688043975403,-0.395817769785457,-0.228504108571462,-0.179021288602048,-0.365332967521089,-0.117215477137761,-0.645985381310307,0.290818291777299,0.559971771807977,-0.785218967104275,0.127517968444216,-0.371869315432221,-0.135107289043204,11.48,0
81613.0,-1.07974359116285,0.355847383837579,2.55206275555762,0.588485149680291,0.0118843143213281,0.681827208087996,-0.0108109599023512,0.492817269454537,0.565135124385661,-0.798227681233059,0.44766936026579,1.18145548479996,-1.01939497282843,-0.606618343621391,-2.98936570551387,-0.841401566713648,0.373093683219583,-0.781701382014045,-0.129393745236609,-0.324396455048239,-0.271317950322475,-0.457606640174805,-0.140870890271795,0.213360015806174,-0.0442244866406241,-0.70220079017219,0.0555151596997938,0.0875670364775661,8.0,0
153993.0,-0.794605000099091,1.41182913391291,-0.271792163518465,-0.230862203233922,0.692987139813612,-1.25019368657697,0.848711799472686,0.0291525669471308,-0.663322542648307,-1.31493085776419,-0.584381534542518,0.376635939462622,1.21319633505083,-0.744942146828082,0.639785096725357,0.0744164605974558,0.55256622785543,0.661247655688892,0.0380279429586124,-0.0791953480090592,0.340945766701402,0.959629714721961,-0.36409185061984,-0.133096661796502,0.237672766141018,-0.0524221986708488,-0.0992648215565032,0.10025300355215,9.99,0
158547.0,1.99733428731778,-1.2449212087633,-0.534141718319905,-0.911475118164621,-1.16140691903328,-0.370940682016437,-1.0071762114621,0.0458633267928851,-0.0573753973404297,0.868113580322208,0.58307923307845,-0.159516956719525,-0.481644286694624,-0.116043424727878,-0.378412438429075,1.58613466652986,-0.200928895715961,-0.820244018724422,1.01133618919632,0.0888249431723571,0.0225985209159319,-0.147646833662385,0.280038130989206,-0.378493141121964,-0.536017130895413,-0.490127514286104,-0.0096274945677326,-0.0422857657796066,83.0,0
54722.0,-3.00611118031221,2.19635537721654,-1.05661805575089,-1.2520802049639,0.32536833309113,3.68540717922236,-2.1690144280741,2.78190573902989,0.28486762216185,0.177081274286162,-0.852629840927528,0.351633889526152,0.435384379900148,0.703474377816274,1.46653113808265,1.41127660744006,-0.56490737795803,1.11554090634391,-0.185110710048,0.10837966194014,0.365979017299766,0.545936597666396,0.0981241614679038,1.02750448585579,-0.0222488495708365,0.405191165074599,-0.349359375301351,0.149468444837803,6.26,0
59174.0,1.32955509161525,-0.772464543051916,0.956756454679827,-0.604577626413684,-1.58646314258154,-0.735501246043863,-1.03440765255856,-0.0368210834034452,-0.31180457983862,0.614760786533646,-0.417910268066108,-0.945387372001364,-0.269053488115602,-0.326808580467125,1.18164148760083,1.50931094644412,0.0903982322342251,-0.777321515661911,0.219336043149895,0.10009227453479,0.388679505645478,0.996885520312495,-0.115263106112853,0.426577495929167,0.39892454516486,-0.0502257215237382,0.029329133788195,0.0287037933841032,34.99,0
50832.0,1.29802291479544,-0.683532047953673,-0.261968469479045,-0.568965905300224,-0.914109276370277,-1.36983811108264,-0.107889118414619,-0.310480221172722,-0.837063908105754,0.698759603868295,-0.555947305255449,-1.56089412191303,-1.63264847720715,0.440606576893873,0.628151557137169,0.835173480753654,0.504440314964498,-1.29652790668905,0.591723605434469,0.106017701271607,0.262843493930127,0.449241770960481,-0.233493753287827,0.403861558988463,0.726128747140387,-0.0419211812141351,-0.0510459742953009,0.0116997058061281,89.0,0
46010.0,-0.859158016200929,1.46131323730587,0.384029543250964,1.33073199825408,-0.326707451729241,0.253288119763262,-0.348932193314081,1.00172249292162,-1.16821550749754,-0.135365510539932,0.859969331869795,0.526953603825708,-0.36594342190648,1.29127072020321,1.19328722225842,-0.40265388988842,0.452380644781159,0.493826970061376,1.42276124114625,-0.168052572661023,0.271651855746167,0.5358980312783,-0.0879382462493039,-0.298407666780158,-0.08990398670934,-0.105122793822833,-0.264586108702219,-0.0974204814701468,5.15,0
41203.0,-8.42681446458936,6.24165891255794,-9.94646974501132,8.19961393161759,-8.21309336768256,-2.52204605104398,-11.6430282742756,5.33950009801351,-7.05101582770698,-12.2653238444006,7.04773274001302,-13.7429528415799,0.821627223133927,-14.1074642630375,1.02047093981622,-11.8478871921138,-21.6739867132891,-7.78404247450965,3.20430921695579,0.563869352833826,2.42746037443776,0.692666548056743,0.0203051671536146,0.499809093124917,0.467593621860553,0.483161969665241,1.19567086957704,0.198294350072086,88.23,1
93879.0,-12.8336314219519,7.50878980635543,-20.4919522106577,7.46577999198461,-11.5753037055975,-5.14099947650773,-14.0205637048257,8.33212047126021,-4.33771253089739,-15.5637913387301,7.61081978841573,-15.5923232225286,0.504789055226229,-13.2478885958622,-0.796526030140245,-10.3423283585648,-16.0445243414767,-5.8821359384126,1.57369789640089,-1.37892322363159,2.96684240389381,0.615344322057327,-0.766494757432984,0.431261005079751,-0.104974994617143,-0.0100913270781415,-2.4008113496639,-0.720556600051925,104.03,1
154465.0,2.20627822451081,-1.68474975943394,-0.877948288041455,-1.86551904391593,-1.06308542419604,0.494603244953255,-1.55066398390148,0.20196280905926,-1.06722618050528,1.67826760443315,-0.136603082478617,-0.717141322744096,-0.174375646860143,-0.299766954565594,-0.390728801769856,0.216245821347095,-0.113957670210945,0.661199551327857,0.413619225758811,-0.340184814508241,-0.395513749756075,-0.851518692670197,0.361752216350692,-0.299823380846196,-0.559607530407118,-0.478999926148346,0.0187264075904129,-0.042085232376989,53.97,0
40475.0,1.20131993198347,0.158480931552799,0.35817764258925,0.557840059640939,-0.42744883368744,-1.03180929274021,0.197369557095672,-0.270043021120736,-0.0553767373063219,-0.0968838365644982,-0.147154219323278,0.564660806616052,0.71120383932126,0.198088949168442,0.947588456476878,0.221884448454762,-0.405227364313564,-0.598798255117458,-0.101675836950241,0.0117037046583747,-0.183761734918142,-0.587052363809071,0.0556656780061113,0.423310825843471,0.284211118670689,0.262069040822933,-0.0469974636874951,0.0215549471303851,38.85,0
78031.0,-0.305784750052761,0.295721845414427,2.04527012800934,-0.922724360533242,-0.67193324471909,-0.380864107108828,-0.0808555588208002,0.13116196113601,1.09678185361196,-1.36149618054129,0.0067072473963894,0.83120168869498,0.301820585727717,-0.220327770647637,1.55024034258259,-1.22618984153356,0.469387197755127,-0.153166155533831,0.87562532187426,0.0064084861419013,0.175420491507556,0.799669159838606,-0.0448018306610301,0.440871528816671,-0.549462313934417,-0.6853193894899,0.27259193864166,0.181166956073524,1.0,0
32444.0,-1.10868040031009,-3.54089475213387,-0.926740696065531,1.96996437163815,-1.14352605901412,0.772887414570542,1.30382120014208,0.0018382161533428,-0.222836666696378,-0.34993954431899,1.53044969932127,0.399679408181433,-1.15786710623398,1.09478162047826,1.02706354046911,-0.0339180503292813,-0.0538103943110842,-0.0890054905595771,-1.26632513094788,2.05486905239855,0.856979241882811,-0.111725748752495,-1.05468975746614,-0.246684575386567,0.0327082898901174,-0.357006590787971,-0.177043902999514,0.201728437506589,1149.0,0
93904.0,-11.3206331107815,7.1919501426236,-13.1790825454686,9.09955188204157,-10.094748875094,-2.44011507020033,-14.1843372950953,4.45250293397358,-6.24196000276902,-12.618162687238,6.05731930477932,-15.7176066468772,0.117817409556609,-8.65374335706751,-2.50255377627617,-11.2313644545234,-21.5851521412337,-9.09089206099764,1.17118873250237,-0.180934725269677,1.08223532776525,-0.350562500439559,0.483043945803059,0.661132920850802,-0.396521511995203,-0.413315388408682,-0.997547797965388,-0.235035882545031,37.93,1
134048.0,-0.0118616330851137,1.03549865367985,-0.317539735583351,0.21672824301591,1.20127034661906,-0.537322706193655,1.31971918529911,-0.18918057847632,-0.627079320502885,-0.131041912356126,0.186975737141387,0.428735637698346,-0.650820596486496,0.607427101229388,-1.60500784514703,-0.42610971858794,-0.604022275947668,0.0997915242626786,1.07442647905003e-05,-0.286628596190075,0.166827622474257,0.550873231025174,-0.323682832369314,-0.402491409834344,0.195611423571625,-0.573085546817996,-0.0791999426078186,0.0158465560441488,3.82,0
43902.0,-0.495019020745349,0.800619592952906,1.26933698890937,0.185528070738487,0.510004883048672,-1.04816345079679,0.98629493410385,-0.228690232144402,-0.666864891047363,-0.626734694325003,-0.395564511245468,0.675682481320859,1.27241714998923,-0.029713444808684,0.140284087714216,0.155441585697546,-0.757169340086198,-0.22032991695028,-0.941679418293995,0.0226573682480275,0.162045898946391,0.395246271814144,-0.125186692934159,0.415691935648074,0.248370905363617,-0.509535279507502,0.03261123047014,0.0497350119997743,33.17,0
158927.0,0.0629755831759042,0.416732433782484,-1.70657360407548,-1.96465839384354,1.01128882960017,-2.00011363516616,1.95050290394499,-0.768954914321965,-1.92519831763059,-0.477870948363607,-0.575975543453577,-0.670258267599397,0.802249680127434,-1.1056643255703,-1.43945570504962,0.622534345019339,1.04759726898928,-1.19684475449341,-0.199921267561215,0.21007975624062,0.648289550003809,1.77850696297898,-0.163081985851255,-0.0162653327207892,-0.120714683514294,0.000449568128868,0.143604651884987,0.252304657472469,109.17,0
150796.0,-0.566977826466366,1.04831514013177,-1.59348636070098,-0.667542810481603,-0.427735936549776,0.314426667654516,0.610886829129038,0.789743780997883,-0.333292728322293,-1.34487600093992,0.132173577536345,0.493833393330198,0.0623793837957971,-0.520091204626361,-0.800889365671172,1.23697491672972,0.208794752244049,1.04208234536396,0.0334958281426417,-0.312153152558007,0.095784912221957,0.0549968372164442,0.300253411841562,0.0140083917179854,-0.920955831015825,0.325291259736727,-0.224050454722463,-0.059087295138985,197.0,0
60088.0,-0.516059151879499,0.615741077986221,0.478450555630463,-1.57210176811501,-0.794129953065416,-1.38921867371972,0.463484562340502,0.171688087334826,0.448724596250259,-1.483757199936,-0.534751060615815,-0.096787546010618,-0.863671664542246,0.873132257071732,1.78512579118576,-0.815610397070894,0.358034442682808,0.265580253321871,1.52699885877148,-0.0154785297537189,0.207506186520996,0.477999866089113,-0.0043548939498964,0.42879331556456,-0.272741384930733,0.0411173258106344,0.0018197814448936,0.0914319714395774,56.0,0
121628.0,-2.00680898987496,0.908377247806812,0.163096926148107,-0.91396214935906,-0.914932613806455,-0.372982644294955,0.108698544492959,0.181345809889687,1.14666689440735,0.447767242787741,0.741256252617538,0.849845253932231,-0.329624426994716,-0.0673335875884779,-0.314789104423778,0.454867402063175,-0.772391972983897,0.292943369021779,0.104437988407648,-0.493910580758401,-0.0705085905497782,-0.171970012558094,0.104005036720424,0.0500607662363599,-0.855265416268804,-0.531930282556587,-1.45942118125017,-0.335493518691273,62.92,0
80973.0,1.19607396828145,0.19588688900192,0.617846724293045,0.649473322483884,-0.474422323364698,-0.716192014966364,-0.0274757210117961,-0.0733069277042974,0.0572863886058497,-0.102382750413369,0.254483718925083,0.427970342025497,-0.0145900418038665,0.337226389006505,1.28744901766591,-0.0732265915174238,-0.0114937372862451,-1.06709169117447,-0.598354024929303,-0.15402777813623,-0.211910448478719,-0.58996056272686,0.21037494341049,0.387998817465311,0.0928992015941782,0.105005006790518,-0.0135873547444914,0.0181859543267546,0.69,0
131671.0,0.271395855082298,-0.0695260740190347,-0.596029141234089,-0.837349619678626,1.99197401726542,4.12475513283749,-0.446825788522984,1.02163235750429,0.202494538816401,-0.2806282061927,-0.0306516596946688,0.168706789448405,-0.0137360665284214,0.189056002590475,1.60241453692889,-1.29663905000106,0.720748950613811,-0.481040625964929,3.16136051919074,0.413336870466204,-0.256059361570397,-0.668359329660961,0.473495792277305,0.736426688825993,-1.67826455938523,0.716220755852621,0.2500496499683,0.245689921462205,50.0,0
139694.0,0.112047331224081,0.628683025991862,1.62628187407629,1.11501560851829,-0.498710200951968,0.0911925722122944,-0.0522502866313392,-0.0096197072015307,-0.0920200706909842,-0.0305740392799433,-0.825633472287039,0.244411909054036,1.12347612198276,-0.328956845894979,1.49684890471562,-0.830985142186279,0.437115463760113,0.417764380564295,2.49800395522641,0.319759433879036,0.266706847919076,1.09544373119801,-0.173814438380127,0.0938738347599209,-0.700193746021222,0.980612159134453,0.213387433493312,0.183859379775518,11.5,0
116634.0,2.05676374832303,-0.97461351423481,-0.94101696420738,-0.963586111914739,-0.627273483603087,-0.319675822708165,-0.690015574602823,-0.0900788484958589,-0.536606210033713,0.86976290085254,1.10583724431949,0.716388922109807,1.03946863295553,-0.293157622028781,-0.792762576879027,1.11519134604342,-0.0704473864636508,-1.0698016561939,0.885400891179459,0.157853472875583,0.255154058184067,0.662264120510297,0.156083449071188,0.812037071943848,-0.128618412516118,-0.267236772002321,-0.0213499045415229,-0.0455783507310239,60.85,0
73409.0,-2.24426405717083,-1.58904091130298,2.1456548434736,1.6713281150352,2.72782612326705,-1.96157813239135,-0.806229999319496,-0.0441738783454316,-0.636213281654945,0.102364649743931,0.232672740069115,0.370958266054045,0.529678741269052,0.197698999103966,1.61852902343551,-1.00749736316182,0.302123134926899,-0.429489939663116,0.363050494461392,0.828678977733337,0.305134903168183,0.373832316049453,0.149504843047796,0.428332811995966,0.462967219814016,-0.168041726309971,-0.155485250337631,-0.0922794928191134,6.4,0
57087.0,1.3880488656001,-0.257518681310387,-0.162286421496595,-0.843386009070451,-0.272063431399258,-0.587798683956046,-0.143215532255802,-0.190614967477781,-1.5954241290459,0.782084152740975,1.89362167456462,0.793000400197674,1.20890196361881,0.0988056532258598,-0.159016023178119,0.57300810658972,0.366244728515411,-1.70406426995286,0.56295125813011,0.0948867806614284,0.275701179028518,0.816181852579007,-0.15094043698453,0.0926940535975397,0.735274407248487,-0.0750517525845133,-0.0059283497826421,-0.0113471168327229,1.0,0
43058.0,-1.48956052920858,-1.01197990087225,2.39900243968085,1.40338390380971,-2.10336957436926,1.86998150916283,1.2056809558647,0.441123743135901,0.961430630742225,-1.34483512312127,-1.56858601918545,-0.0847126154752957,-1.1178283485047,-0.924918063842296,-1.41270471299367,-0.80371021509942,0.646692167315306,-0.181406784931106,-0.0757242487922984,0.876715777596332,0.313527868645562,0.508629575432566,0.86800144244247,0.0433922483397183,0.26428355496717,-0.228997721072215,0.0306181421950564,0.151005312764491,487.0,0
34171.0,1.19156499191418,-0.0581705176288888,0.832072976860484,0.945374054645353,-0.285127775054792,0.812129919680953,-0.634468998089779,0.268718457200104,0.594098538920908,-0.054346084230248,-0.0032884920819896,1.19909858840806,0.931202218371371,-0.387783757432788,-0.521960515819646,0.578541508862481,-0.967799823348423,0.718571629158885,0.512815397641651,-0.0339743243789214,-0.0781850161654293,-0.0125813341260864,-0.170900080917946,-0.806014772368382,0.566821000902217,-0.356951554579677,0.0720905983132482,0.0180967856961493,9.99,0
28572.0,-0.906636279713355,0.806478152116685,1.40331573861465,1.36023610219245,-1.10060065481113,0.703404200553307,-0.592081841929202,-2.58660150190301,0.0551246651494865,-1.01181898167254,-1.17236660340747,0.304224784958661,-0.609551980019124,0.0332507303328953,-0.410423781515563,-0.483097439635775,0.438229972807353,0.0213329709185154,0.590861747237195,0.584414345752061,-1.24062588062119,0.672886173304433,-0.510823306359171,0.42903568542588,-0.0398262817609778,-0.243126983197759,0.168845239170648,0.031246130993816,203.95,0
144493.0,-5.58941295352964,4.83252271187867,-2.45376307633243,-0.770269032946819,-0.305697838373632,1.52884143467276,-3.28782203938384,-13.8688721945207,1.64424503121313,1.37529588438573,-0.562447618338019,0.981892513388708,0.266200173615135,-0.982093143404218,0.471950329291537,0.0593820139611467,1.4103708044708,0.880342427443087,-0.303866833735488,-2.99873219711442,13.1053847164004,-3.26720558465804,1.86909294686288,-0.4018677344745,-0.0073883095536485,-0.123774513717578,0.148715549384559,0.0734511018422408,44.6,0
34661.0,0.32525238791101,1.64247794091806,-2.30204469960154,1.78489431990771,0.319448975400647,-1.80552681154182,0.847001601520764,0.163770785740715,-0.420455761028996,-1.46615974646295,0.420977268172996,-0.967038540425786,-0.968960145795229,-3.03086152033738,1.14423936696184,1.01961738907786,3.03397618148502,1.69370385231903,-0.431318348938447,0.122990283115073,-0.0637490833708069,-0.254146979210507,0.353532355099207,-0.0016640902612828,-0.428713504136987,-0.398238748756902,0.0958226834737613,-0.0426840277399585,89.99,0
66035.0,-0.678353781985889,1.41004336984511,0.788179646107249,2.07903890605399,0.366002328745894,0.443938362182147,0.489270124511891,0.624357045651408,-1.84235101363423,0.380693791387574,0.64030477773591,-0.106327069757686,-0.914878869257184,1.08588329888287,0.0274628629468959,0.258836382156452,-0.159557587428027,0.138555692281546,-0.0639853255631331,-0.138225779973132,0.188339182053296,0.295193544986314,-0.0095188582540147,-0.332679688507735,-0.392237843992757,0.0368095764498039,0.0029868722274202,0.0807084692097337,37.17,0
145036.0,2.06922837680498,-0.0843597144120443,-1.3603691823575,0.36735246768492,-0.0998326487211561,-1.35679509628208,0.196609841939019,-0.348318738209124,0.7487870626434,0.0422474842559022,-0.916836139857696,-0.24321670111134,-0.902303358920106,0.679890842596785,0.853009569041668,-0.152209147410219,-0.469178317097644,0.0761051117299285,-0.203319651787305,-0.297741276481907,0.232402198823624,0.782021710689429,0.0002163368577519,-0.0134942633354257,0.24172767987292,-0.104004679774512,-0.0268956700918958,-0.0606102514058534,5.92,0
30189.0,-0.979877948976475,0.364943422534361,2.20643765728804,-1.93041869511454,-0.95008158762123,-0.65728281252057,-0.210495944426623,0.238205415062334,-0.986454632218687,0.550742841561362,1.19021700424877,-0.868853135556516,-1.28296127205288,-0.130628082461651,-0.138582607210114,1.67164245123086,-0.210689992090735,-0.379995244123564,-0.0106520051275429,0.268896110529242,0.317707721435884,0.858524835087349,-0.35059165527243,0.530192232949565,0.476048928238472,-0.192521041236105,0.378868525522573,0.179926891712768,2.7,0
68645.0,0.893035778889781,-2.21490985352006,-0.0174936193669477,-1.43349742143388,-1.54078122394489,0.302973110601117,-0.930941800950949,-0.0124375776609389,-1.82872006792327,1.43963045529637,0.16095208291193,-0.539442970702117,0.85946208472792,-0.314267179345262,0.256030300771745,0.42617019937809,-0.29639310158943,1.23940231764061,0.180218010824884,0.414685137654534,0.117798282929717,-0.0292720533609363,-0.452743896621975,-0.82618064576866,0.346502770608995,-0.0841048461716297,-0.0158352924104751,0.0635374315354539,346.0,0
51346.0,-1.73107138821181,-0.735044269035501,2.01760702786081,-1.28440507238374,-1.17085274491746,-0.0690757399163617,-0.784159762531591,0.860482236740804,-0.345554953269132,-0.489389044471573,-1.23174199859965,-1.20187765948692,-1.7102577309903,-0.369661796193761,-0.821823646305051,0.809639493474292,1.02349755564433,-1.60497876427273,0.0053133917008113,0.339703663015837,0.165956631683614,0.106219423251496,0.0330630331665591,0.0359869564422722,0.384412767182807,-0.282273416910173,0.171977470439905,-0.0342235717448447,105.09,0
17838.0,-5.18787810836635,6.96770866359565,-13.510931139095,8.61789514115238,-11.2144223939458,0.6722478387604,-9.46253281088355,5.32870420774381,-4.89700552817542,-11.7868116556041,9.36907905765884,-15.0941631493865,1.25637700700759,-11.8521613037824,0.274429814172421,-10.6882417917386,-18.3888105354245,-6.89884013301839,2.38280793552097,-0.623737291574186,2.08608300107406,0.760190240866359,0.716805785858217,-0.646743429628277,-1.61704292571624,0.172346889503238,0.626646780979254,-0.169726031129409,766.36,1
117404.0,1.77183263592429,-0.500647409316983,-0.701042979769821,1.33445799672191,-0.0292652971805121,0.645981645921242,-0.319856737649809,0.237143480112015,0.990541091353246,0.126607247485012,-0.096991809323349,1.01349368782501,-0.599873980224788,-0.0103138654388229,-1.78386919614251,-0.0415037382575352,-0.459580370007042,-0.13899107348531,0.658477291603526,-0.095654009119985,-0.462352512540714,-1.31356645008611,0.337928000139482,0.186830091173522,-0.315183479391704,-1.13859817721346,0.0269180305615185,-0.0242360498583486,91.0,0
91554.0,-5.10025566317088,3.63344238024837,-3.84391862443125,0.183208447320966,-1.18399737637674,1.6021393332506,-3.00595315203476,-8.64503780175356,1.28545810732477,-3.71748137540216,3.71921153916465,-5.03402974701745,0.918999158233287,-4.22036591807154,-1.05049995739584,-1.69104526842648,-2.37242320724166,0.450098503348706,0.407805060819919,-2.80630192287329,8.28043932580154,-2.79714954096118,1.09070659271567,-0.159259597476933,0.532156369375709,-0.497125808167425,0.943621624807946,0.553580691756943,261.22,1
145467.0,2.04182997121528,-1.21082016398572,-0.678719856379868,-0.937377514318282,-1.01215844381016,-0.254373263395449,-1.01884176349651,0.0029659741418271,-0.0913230025110166,0.886317054234338,0.441866476186112,0.0338264322179769,0.182132977374205,-0.296856409306115,-0.483674091437774,1.49216798299569,-0.28247990290505,-0.486435434840524,0.893548185198088,0.108051001072695,0.377806541514501,1.01563081474181,0.0142522594002505,-0.452712692947783,-0.139490481270489,-0.083819989401255,-0.0050219991969116,-0.0528715219921581,69.99,0
135663.0,1.98090174510101,-0.43202673996916,-0.556304600407077,0.216401917254763,-0.464674931588627,-0.331997830414487,-0.493975135341096,0.0045818997908136,1.07612165770584,-0.0054406960977373,-0.956546976791664,0.126619690771526,-0.215441429634326,0.0025277154777219,0.610343440460587,0.492496651041517,-0.541933141987044,-0.381214664201176,0.0165256435067066,-0.137105650932576,-0.26756430870279,-0.773171717280777,0.448935707194203,0.640099463815862,-0.633608075056575,0.202653924395198,-0.0510387076125215,-0.0346689127939208,29.98,0
87314.0,1.88367150006932,0.18897640538599,-2.2839285068688,0.761864457154315,1.0172334319362,0.0988456912081325,0.0238451161452295,0.0954786668635367,0.655054978885812,-1.21452797417307,0.42925492950731,0.353331557188635,0.0794043058716064,-2.62636662366866,0.384518838093277,-0.612023659328908,2.89618560642716,-0.860968245226341,-1.41471374364243,-0.219088311087299,0.0741171190723157,0.673889778609109,0.0351497597700302,-1.16062868949764,-0.010774909009298,0.822835251800042,0.0186300768145201,-0.0221967360567729,12.31,0
32579.0,-1.22042729053148,-1.36845058827901,2.06917351833944,-1.64660727209454,-0.386772534103886,-0.352601593887711,0.0170060472364855,-0.0228852522429965,-1.06713434996941,0.180954924955321,0.887309836321011,-0.52984717030325,0.0157341897322786,-0.535218984763831,-0.11995476519943,1.87069817872777,-0.656779619502214,-0.0635601047000016,0.0678171520634497,0.767454367408423,0.61492249475399,1.22488812171758,0.200899093973299,-0.0017044699578478,0.161610243694172,-0.230807770457353,-0.159238728138258,-0.0988932870210496,199.0,0
154723.0,2.0781499074547,-0.886892429642353,-1.76262023729761,-0.816393062137101,0.0888663912226401,0.0734958176087802,-0.305946905799706,-0.0660215957306343,-0.758243375140261,1.04541138481291,-0.165976764823594,0.157844106142724,0.0859481067694715,0.443327453111644,-0.318760755171567,-0.921922290428253,-0.743557263781594,1.43725065164826,-4.48171117461288e-05,-0.416795760612913,-0.624273298267632,-1.51142412943598,0.276129605366231,-0.351223350561809,-0.381661716702725,0.296421626709668,-0.0851415572679169,-0.0576270776185745,78.25,0
68095.0,-0.480984019600968,0.756295110482605,1.68387528245626,0.93173352517899,-0.174573165400599,-0.344200856594472,0.766522222214552,0.0967349431570368,-0.145700123502687,-0.564941157110041,-0.457632289819395,-0.353644164702232,-1.66899049690599,0.270081360287241,-0.19593203658543,-0.913760922864503,0.553368791501008,-0.798218853881736,-0.402034225266817,-0.169657463482131,0.0147509210114075,0.118813736603696,-0.0590336176383538,0.56713571419606,0.0938302253656891,-0.382814682566445,0.0729407733046467,0.060523555568484,38.63,0
43507.0,-0.657822672331417,0.364011857479078,0.930913297948744,0.707462751596728,0.935972722546519,0.295459668317414,0.646064195894081,0.133098699632653,-0.974822299037662,-0.145316566040497,0.8830628626626,0.772905694414064,0.712202190606268,0.42634416596171,0.562026641000295,-0.245791012630557,-0.445697282228677,0.345515679856908,0.601861366919807,0.318483728962718,0.27983742235823,0.633240088477858,0.0204895531603119,-0.644187977033077,-0.196922980930589,-0.284809958184201,0.147761345910311,0.158946043343667,85.34,0
75534.0,-1.40660396928591,0.861097793217447,0.189412392620085,-0.258737661673224,-0.369663261867291,-1.07917559830994,0.814553995854112,0.110863062340918,0.0693446924206126,-0.371633687247334,-1.09206780247031,-0.234236200949549,-0.9777326716296,0.416559446153147,-0.561350971561845,0.0038393989740332,-0.128706243935012,-0.425395694365621,-0.479642944142366,-0.386971388806277,0.0639879347850306,0.216493944207588,-0.202518043436379,0.431115927230215,-0.443455506650449,0.260467123194065,-0.0750612431174682,0.104803818951932,92.5,0
33847.0,1.19320933342886,-0.257742599696239,0.165187168453628,0.591566329661498,-0.196598797206671,0.304225289173136,-0.280013906319397,0.144753895152866,0.862925017378341,-0.247960346811054,-1.50464687010435,-0.349498091900883,-1.11576209400257,0.0221459831925525,0.0544616885489865,-0.348966088420098,0.145522298582197,-0.61398959886711,0.177363006314224,-0.14471430376048,-0.117578903913045,-0.169389491919067,-0.167410103503509,-0.730270848581975,0.552061430137057,0.626945922537943,-0.0212814666581712,-0.0006219092442894,33.35,0
66690.0,-2.30438691666725,0.197238722293029,1.26768296219408,-3.44707268945811,-0.615956762035443,-0.734608423147735,0.513876133563456,-0.233549622119141,1.19568174608736,0.659340397050733,-0.369956490075338,0.434662371407357,0.254636400025873,-1.04953456935493,0.0489675011730924,-2.64283509538815,0.238907979365637,0.214402449810527,-0.898552524134269,0.0176935377871123,-0.900184457843283,-1.04085396641925,-0.378556752274444,0.0775055448880862,0.525613491652729,-0.336898617837363,0.0156482735944068,-0.273871619953078,50.0,0
136319.0,2.04725693966989,-0.369756022650742,-2.54486104261778,-0.727895092282014,2.38667989196625,3.31866258711294,-0.476749425861091,0.79109150203628,0.40316191071626,0.0923939211554373,0.0044164255310353,0.390240491220834,-0.212234321964765,0.495951143914853,0.472859488967294,-0.171357573366914,-0.368207436776361,-0.976202880770081,0.0222945881874087,-0.151312324312473,-0.292272314905049,-0.83575190109442,0.38015388388998,0.698271853378803,-0.265459371620774,0.219083006831568,-0.0524712647866411,-0.0666266040194208,2.69,0
36299.0,-2.40834210069197,-2.26068973304809,2.09941380330686,0.375427362120295,1.39541916076202,-0.30813474548906,-0.890927259930693,-0.240880388849862,0.752416275106582,0.528991707137438,1.18365340620815,0.487831612355502,-0.0248202011767789,-0.661256034304272,0.735539841628532,-0.0341485113995453,-0.330870569169062,0.157993729005824,0.99105408496212,-0.673104224290154,-0.142076277501849,0.765844041061355,-0.848440399397489,-0.0868859067553461,-0.735010088630202,1.13477680096683,0.0750007606850255,-0.45653807640513,186.0,0
77172.0,-0.406568532586372,0.997393614460677,1.63563241196505,0.483179716294377,0.176311212957826,-0.882882832392114,0.589757165612461,-0.129003142802908,-0.789458750658327,-0.6158951747646,-0.0082424635850036,0.228567552270727,0.870337534263138,-0.493452262546903,1.26189177799135,0.102425845530263,0.250083859355371,-0.137543558836011,0.629206648220472,0.166617708676579,-0.22985288589756,-0.707568598287707,-0.106155014936832,0.365526900069771,0.140644955280979,0.228734270111471,-0.0327094731329851,0.0009975869486428,1.98,0
139281.0,-1.24186155854903,-0.0182837816702854,-0.0796099115166168,0.106725265318468,0.374134331279585,-0.19079074104563,0.978120873708935,0.25973586305569,-0.0798030971215609,-1.31615617063448,-1.55224822803661,0.90354632929661,0.877139486507114,-0.0079415554706123,-1.53345373710907,-1.19810696826771,0.404920577744136,-0.299891096356501,0.808313980433561,0.410722634084945,0.361489713809661,0.812791397874489,0.0289512098351849,0.820285591802801,0.449751983304484,-0.0504720577015788,-0.0170274341248238,0.0134930937769228,181.5,0
44605.0,0.0391322246908565,-2.63132965599806,-0.425604342583278,-1.22864790672973,-0.97985908443742,0.902994052817743,0.0521209310494466,0.0841261672784358,1.53177629823992,-1.36343385853027,0.495991350580388,1.65649696106046,1.38451062811083,-0.159720227819014,0.943786113615987,-0.0883925779517524,-0.586702422502662,0.682510625400549,0.905754950989408,1.3205901939561,0.505758114952872,0.323703715470842,-0.836200213022045,-1.20442514171592,0.364593897856833,0.138827164586201,-0.0579926540363736,0.110292668123325,647.0,0
121443.0,1.94787667729008,-0.786951394651178,-0.369675795743171,0.567170428872446,-0.850646451186813,-0.0766095460960503,-0.788423668537434,0.0066793334980986,-0.228776386072454,0.96739790628001,-1.12256344884443,-0.0131560123420399,0.442978458039307,-0.102598909428181,0.672985727149811,-0.932649324778206,-0.564022557054612,1.39024558049409,-1.33180213579314,-0.487832418449277,-0.447854921214684,-0.923240263025048,0.41579764148005,0.616696531140971,-0.502051598839707,-0.963137259410481,0.0647649723329458,-0.0001962194244062,74.0,0
70263.0,1.17626679659604,-0.0412985112594729,1.24020307498714,1.27408256823352,-1.04945694575652,-0.325273782612034,-0.623793879151393,0.130367451335094,0.925515696645512,-0.113498776380597,-0.845863035882868,-0.186006939961133,-0.993820419122209,-0.0284787302007918,0.7424733013785,0.322147546743109,-0.34369185370829,0.204735898854984,-0.354561452631677,-0.211516687868638,-0.0229369384669334,0.0461828157183007,0.014970201917209,0.362588845142559,0.356216110666736,-0.396023674281898,0.0634196309347422,0.0354898584335823,1.0,0
128555.0,2.03434030109427,-0.146023029358772,-1.19090419675654,0.219332465692389,0.0703467994153523,-0.625921435681235,0.0321925830015476,-0.118037748598331,0.363729271954056,0.246183723604384,0.645668498035359,0.825099284247391,-0.368925232531099,0.537823828118895,-0.545019838428568,0.147223364963152,-0.578915865322487,-0.306812444252059,0.490443975712156,-0.235727258555014,-0.258209616939345,-0.656135886845338,0.299155805063831,-0.406547927588948,-0.313126664527495,0.205372185299853,-0.0743396333656296,-0.0749567053059518,1.29,0
140972.0,1.70357814291856,-0.481656940670725,-1.96883017500348,0.468188082063035,0.197102274139559,-0.675756999496267,0.282542826424734,-0.209035834668786,0.989605676210223,-0.932649672879714,-0.55169500161015,0.296997497369022,0.0044023051393896,-1.440099667259,-0.0186571312153639,0.0017702029999518,1.06745684765045,0.0243117048061075,0.0574683347660157,0.192563705127792,-0.151002521122089,-0.580993176079738,0.0627633984829057,0.497142001743439,-0.102917520458537,-0.130135089519768,-0.0401329230356694,0.0136966774221811,179.48,0
61900.0,1.23336899824825,0.363934426626645,0.4427770659894,0.769915774587866,-0.52966280995383,-1.2595145907208,0.094415370916368,-0.225295324405831,0.0086149849508865,-0.283443995323809,0.227046959208762,0.347949484612397,0.179091548132563,-0.269999746775966,1.0689990497171,0.383027808236497,0.112588455915565,-0.406747303160073,-0.321272607991508,-0.0906699700377615,-0.266069554528951,-0.769076700295717,0.169510445486105,0.671777041960963,0.172963199449736,0.0741763675268267,-0.0225777708388178,0.0341479439687336,1.78,0
121562.0,-1.02687195768147,0.0052031761731036,-3.17933617350563,-1.38017553678889,-1.49170123624995,-1.27640703795703,3.42946683593008,-0.416702345099872,0.602605156437436,-2.89748541389185,-0.477437957194939,-0.943033111288029,-1.97469621480366,-2.262813785045,-1.30043788279454,0.748058559642602,2.06650493108855,0.77130318678393,-1.41319706634167,-0.488299507548286,0.157158381154893,0.703308177776688,0.93394468287994,0.262999604875193,-1.40039371148911,0.307827156932763,0.300235504028105,0.136827804357855,597.76,0
47364.0,1.28121285387327,-0.723004102723804,0.16419020462829,-0.66837977655504,-0.627484596075729,0.105742929632299,-0.592171414051859,0.0834370295334002,-0.769479908018787,0.617759961409494,1.02722407868197,0.338752397148566,0.0368424313605152,-0.212227144943891,-0.995274539700125,0.470411719818488,0.624894631308408,-1.60272356080115,0.981145241463236,0.0997671087840444,0.129844288884377,0.415894772031501,-0.155415614855047,-0.248695322669846,0.618976513913039,-0.117099665705373,0.0126980827381883,-0.0027909159844213,41.07,0
166080.0,1.94141985833155,-0.149856265732812,-2.43490192171622,0.139166514715109,0.8957930255449,-0.16268537567922,0.171328975014087,-0.0773141078179769,0.454895280024925,-0.374395316538901,0.313968680957806,0.0716510955983266,-0.371306341440459,-0.597014122597015,0.396375224469224,0.808473417715599,-0.159323548499871,1.50664738442514,0.23703563448231,0.0076629676664608,0.208707884983076,0.498810211763434,-0.197969523156689,-0.433778521071068,0.338906952108082,-0.0952764881066715,-0.0300602115315597,-0.0297381507415459,85.25,0
167052.0,-2.95844762087434,3.35471163110019,-2.80809035223908,-1.37062060016108,-0.421601844055577,-1.7453116382093,0.124824595428467,1.42448208861679,-0.0716483696585771,0.935838373753147,0.549064904742735,1.53408135471079,0.246863924818946,1.62474076592493,-0.940076184857382,-0.237938110564168,0.0284695532665552,-0.0136883289028349,-0.183983639133139,0.416002817521252,0.277964483491148,0.916169526669128,0.0610638556552684,0.0496625799164595,0.106047490900848,0.108954622378918,0.628571789788811,0.434692401812985,0.77,0
149918.0,-0.400505665283435,1.02279003987848,-0.251922844909573,0.969849335890814,1.35728742555561,-0.89823424100783,1.82732331746551,-0.992917445694932,-0.0562927451184786,0.995591848381788,-0.721644085424483,0.381614629233287,0.868605882243786,-0.302106483905377,-0.443167589450046,-1.44796642471758,-0.180831950169682,-0.590483499211991,0.721521804329566,0.0006101248180747,0.0952981682494432,1.06435463275888,0.0579464596988967,0.0317911125545426,-0.668020532946657,-0.601351177609892,-0.306576718581175,-0.0554154188874404,12.4,0
75087.0,1.27565543719237,0.219476472043826,0.199649638484394,0.305346024933844,0.0325210530047707,-0.181010777769698,-0.0185929228572025,-0.038970313821123,-0.246924564755844,0.0870232760224462,0.843628153986324,1.09743756794034,0.962387817624696,0.269496205757202,0.327437537485979,0.712769894516234,-1.00781201736021,0.150730148331705,0.478131432295876,-0.0173965753743695,-0.253226275003318,-0.736190623382553,0.0146343761727895,-0.486141817613721,0.317465189447261,0.126412106492983,-0.0301553458952196,0.0017517519351081,1.98,0
99159.0,-0.523773064460761,1.21306372368197,0.0551778867763111,-0.285162026076063,0.64143349419775,-0.721392221838019,0.711162816851666,0.0428452523374823,0.728666803568384,-1.28796975339905,-0.519251289066788,-2.31524749541603,2.51056166580456,1.99031789678725,-0.168433932440436,-0.163209463019773,0.220331142546892,0.643630404665529,0.164985903233194,-0.118802621364791,0.230197753553821,0.864421960298117,-0.353249249969791,-0.582304038733626,0.12755486092377,-0.0752431153194781,-0.0003233175934061,0.0755699187138146,23.6,0
116341.0,2.07760791666735,0.344341355939064,-1.78701285205126,1.14711647742559,0.692862673329513,-1.10294749545865,0.704334518429429,-0.449189914118176,-0.0728663480010975,0.342701854435932,-1.0186297750272,0.17942418817406,0.162301734461792,0.694833721481438,0.325024592402844,-0.243434014608595,-0.58331524517768,-0.418579173433805,-0.301844560868903,-0.263492614543637,0.0205196489657305,0.175808830957269,0.0196784207401226,-0.432468498089605,0.374061897293188,-0.566555708924914,-0.0194492500371447,-0.0622569232493721,5.0,0
168232.0,1.75799001713902,-1.77753808450027,-0.337051507379502,-0.585486310126902,-1.2368622057321,0.879898220869102,-1.40614912209952,0.244909225186748,0.273758401755589,0.856589933131115,-0.60534452971569,0.479569742902417,1.15339859846688,-0.550469669684768,0.176420333899322,-0.0810155920969993,-1.23735879200496,2.611019166405,-0.503053451036519,-0.109357041972138,-0.0723467594303295,0.009590725400864,-0.020411116858333,-1.35875402340458,-0.585444478013332,0.670515310672539,-0.009162831489768,-0.0199595119552944,198.16,0
85763.0,1.34600248140303,-0.555128730922783,0.403834628221453,-0.559321032600846,-1.18457212113923,-1.0472211230487,-0.453033382662365,-0.209858434109499,-0.776405077213315,0.678517765448082,-0.555931384457245,-0.381916399722617,-0.11742881410194,0.178388999477298,1.0228507332059,-1.15174976235473,-0.0495949554998285,0.917267572124114,-0.762174703646904,-0.453583691359445,-0.479471819532323,-0.993887491170095,0.127795131125409,0.388080492088796,0.072783434774169,0.903290999333463,-0.0624433028104637,0.0143578210012916,31.35,0
50455.0,-1.09052081077092,-0.757122313251415,2.84484674290664,-1.54075606886683,-0.551409489395026,-1.1580708520886,-0.910499322748067,0.120278627897461,-0.849358282743166,-0.141877888785699,-0.182230211335835,-0.354595934370842,0.990675505665649,-0.875632265577587,0.527813198233705,1.75492856446206,-0.249457069247988,-0.731987193218595,-0.673139571969582,0.324605202051792,0.608289659281113,1.42738068179008,-0.108474625636235,0.771530423255889,0.0630585181736534,-0.223692824376297,0.085481745446113,0.127844722391481,15.99,0
80340.0,-0.915030313918807,-0.547015513204849,2.14966130576981,-0.961873216991721,0.212135054464568,1.77555350120492,-0.743432022380796,0.394613996553345,-0.0524141651060755,0.478036024517944,-1.03032074575088,-0.148521047163823,0.0908316625382372,-1.05112820476842,-0.942969322197584,-0.760127545227262,-1.06104104846694,2.37924140794528,-1.22178601564286,-0.597883439737494,-0.161317465669487,0.364328359298356,-0.29367658522177,-1.73993375263284,-0.166758978613763,-0.337693312268369,-0.195186652371715,-0.0280204367033881,16.99,0
132656.0,-4.7059728377158,-2.19446388473833,0.675473667420545,0.0088803694185155,-0.855260947433651,0.0346890321512465,-1.09831167149364,1.5215323016134,-0.0460991787352112,-1.42216326342077,0.241466994585063,0.957269157148182,0.356894525197231,0.512814720527765,0.165113836174474,1.64581027013036,-0.571111533003197,1.15966095573875,-0.0864931169596505,-0.830058689510513,0.177050756759938,0.653650225134969,0.552323894742538,0.879605302523257,0.46828456854118,0.717513320702018,0.136025338196707,-1.3461199938286,47.25,0
59957.0,1.312790043919,0.693298307105748,-0.76153474392002,0.749841677533214,0.415433525305456,-1.15673300592119,0.446869987900599,-0.32541882923057,-0.237373360967134,-0.732144802967308,-0.134447801425829,0.0592237057635633,0.688419474971808,-1.46425658638525,0.928994416119889,0.663808889536423,0.816165353723593,0.344019545894378,-0.182913690660631,-0.0099224996949765,-0.178790395829214,-0.421171578742253,-0.153311406730767,-0.207673568801812,0.660639234981396,0.397531820868545,-0.02683042617784,0.0392980928785148,0.76,0
93920.0,-12.3810482122443,8.21302215295327,-16.9625296493409,7.11609059812684,-9.77282635905051,-3.66683564785878,-16.1473633736285,2.07870595319163,-4.25065683444105,-16.7460441053944,7.42580096307482,-15.5648376012203,-0.426338420425742,-14.0295376738875,-1.68188923012087,-11.1337609764854,-15.8335888785336,-5.74853293843859,2.27108150670047,0.53779490001906,0.1677033350947,1.5034133341063,-0.767755381526479,0.371951476263823,-1.41563947948017,-0.517022160118675,-0.434620522533755,0.292721057342818,97.0,1
166491.0,-2.79474475640575,3.35746996910571,-3.11149104761371,-0.122168645245817,-1.24907957430985,-1.68452612670398,-1.01873106887615,2.14877884811892,-0.524360155278487,-1.0599978531915,-1.08545991808436,1.49978322172691,1.86782870293694,0.36060325931984,0.364728766040952,0.657801520413101,1.37504447972709,0.731388113529424,-0.310367808426199,-0.218032358084257,0.451890009216932,0.979533565066175,0.145343727580698,-0.0714095107979778,0.0117289866633204,-0.138152482192996,-0.273935824631059,-0.046355652616476,13.58,0
167264.0,2.25298292051917,-1.57002279957862,-0.603364760485099,-1.75776840690673,-1.26889110546823,0.290784834668566,-1.66256987865094,0.101445622075505,-1.12805280263814,1.69288921164919,0.278886059475853,-0.0047612448617365,1.12043725524418,-0.684532166219698,-0.580677261957088,0.043892996689335,-0.123481405775492,1.01407018150153,0.0337769462670127,-0.329607997533145,0.12657437315225,0.893241514687385,0.105298499287798,0.309558350602074,-0.138735922721324,0.0118826607005374,0.0381654306006229,-0.0475790369765979,18.85,0
69252.0,1.10969941115429,-0.279205933886308,1.32966570266863,0.902036918084554,-1.1531566842118,-0.0417515777742791,-0.759237637391122,0.246420074091664,1.0537441150622,-0.25699888729329,-0.388098798142606,0.108941958796161,-1.01821490046934,-0.162321857740265,0.536516589649963,-0.177949540172873,0.27880830636625,-0.66943575620545,-0.515720195550699,-0.200728221043083,-0.0525290348467603,0.0219738232340107,0.11097641416303,0.421899372780682,0.103885668521235,0.328931376132562,0.026861112048378,0.0255569488088313,11.5,0
59137.0,0.800469850641921,-1.10592903059613,1.78838534403136,1.16528534061533,-1.63969678585818,1.0166086867828,-1.20469297710766,0.448837237168021,1.94797697139795,-0.626417178365772,-1.1642420071226,0.955547634204749,0.111473805221565,-1.26709071780066,-1.14342320187878,-0.622430978393694,0.61493846427732,-0.5990219344767,-0.102909083524573,0.150109549472699,0.164344415558068,0.730137945341927,-0.214780146559632,0.209731115233595,0.281855243090004,0.764403072485823,0.0495470448772113,0.0499708680525916,149.0,0
68180.0,1.01548895887398,-1.1113453666611,-0.856391222758186,-1.77359709711839,1.15577182394445,3.5139219613112,-0.989261415383754,0.922154207821805,1.69221604243559,-1.08167106170691,-0.23138866129803,0.599314967436102,0.067712270294397,-0.0281061947337292,1.47768693321254,-0.117861394075293,-0.656119075581253,0.814223738139952,0.796039781438548,0.310276829792137,0.174986462039328,0.299521446462625,-0.299696763079072,1.05125654573887,0.733167999891864,-0.531827358669571,0.0698120787646659,0.0522298201973024,150.0,0
154309.0,-0.0829834650336291,-3.93591892431521,-2.6167089860612,0.163310074791927,-1.40095182767067,-0.809419404822953,1.50157983974791,-0.47099958719182,1.51974319879361,-1.13445381068391,0.71387764641859,0.979674835308759,-1.33903126624009,0.984993219111346,-0.382470968292812,-0.934615796103053,-0.0524194348357059,0.51116178431397,0.731998749113651,1.87861160253024,0.70267203994139,-0.182304775613767,-0.921016986180311,0.111635488151138,-0.0716222119619373,-1.12588109590433,-0.170947427341269,0.126221382847378,1096.99,1
120852.0,-0.0160460497451375,0.963452846589692,-0.352929292955068,-0.279477692717192,1.5616448149379,0.314475950842732,0.785100766111812,0.0643822770482352,-0.726414244262778,-0.670626987584066,0.312311879520633,0.288832780100343,0.416074098208788,-0.754797427763546,-0.218970113820298,0.227607928594956,0.268594220645578,0.654958455990272,1.61170327708492,0.131827161946605,-0.242062084275163,-0.643437134925581,-0.0816243181734418,-0.427846915287252,-0.673714866792245,0.309246530954429,0.146985623858452,0.196383024023256,1.98,0
82096.0,-6.75550381490635,0.308036840114711,-0.991693681413625,1.479652717118,0.171638043924609,-0.277927933211477,0.602801156672036,-0.197654736230196,2.5084743587521,3.96107291132596,-0.568606115008713,-0.0604345284015818,-0.0741147290892507,-1.18030358769479,0.929022244706714,-0.930474787700123,0.169351841350656,-0.91887753274495,1.21878993117284,-2.27091636033527,-1.4759429206965,0.623854591325814,1.51065274563763,-0.192738995128431,0.744824864642885,-0.289072531134765,-0.690687434271017,-1.86946725127212,62.7,0
139436.0,-1.47072016480834,-1.74164914762906,-3.12517639190167,-1.47351592798109,-3.23744233159594,1.38380329042661,6.22884822220221,-1.38498371406599,-2.04510681424334,-0.553270501508281,-0.92093282533163,-1.42544514044835,0.145219167583801,0.196008524735131,-0.780773027749087,0.543247330438594,0.168980008123809,-1.43464940500033,0.464910669014687,0.108977039443266,0.51441244723287,1.8934489190403,1.18447465344146,0.718428326497559,0.339597283714987,0.143719345508846,0.575717897061955,-0.158196196812141,1207.7,0
34647.0,-0.818108837544809,0.589414210648185,2.10792162907814,0.879414855379105,0.0926543556198964,0.545468563326014,-0.172549334415196,0.226408352978213,0.217401071133285,-0.223236156273356,-0.937480299273298,0.119764175428278,0.441289354229268,-0.417098809410121,1.0499460905108,-0.28433304906831,-0.0797085348037973,-0.0031965871579576,0.318043632719753,-0.0616201983019518,0.113636026791678,0.482095889258752,-0.122900779551909,-0.416597228542373,-0.324139380899603,-0.325281252170036,-0.0457155180831717,0.17948335520499,1.18,0
134118.0,-0.527943138024616,0.301555973339237,0.990237740073654,-1.38680363074616,0.203499720188536,-1.08912731027719,0.146232543684148,-0.0719558667879622,-1.28958931717489,-0.3736349707324,-0.125931561782329,-0.506287748365321,0.893340464462881,-1.77861314883966,0.132240125308734,1.14863053542535,1.36305483348148,-1.39425510171743,0.980923505706382,0.460977988234776,-0.367383835276745,-1.10480626330249,-0.0389136903769821,-0.15207096338628,0.390843506825563,-0.446465210884886,0.197158464214989,0.0391750229486242,11.0,0
151574.0,-0.0138617361608066,0.84769264602147,0.355187126627747,-0.681667603983644,0.447230599704203,-0.823337444416177,0.984427998704981,-0.104771275477969,-0.408132239278728,-0.26791783415001,0.9614208396205,1.18532786065665,0.532287317874079,0.191277018067491,-1.17848552710252,0.0485929818729416,-0.661712914531505,-0.356823734928405,0.164294568408907,0.0248681343481425,-0.191396839646627,-0.391009863106673,0.0786399818718775,0.0866572752850976,-0.50779235426213,0.112712633872112,0.245016769225969,0.0899797213078146,10.99,0
122889.0,0.143143767232703,1.08037883075021,-0.403134121728077,-0.564363349994082,1.02023658712088,-0.721315852089062,1.00120641117612,-0.120621056140953,-0.147203931432382,-0.861079663800067,-0.556601221952606,0.245134308694011,0.673278049531076,-1.14607969953887,-0.262555172823548,0.251290402287236,0.372514266570891,-0.376159832102832,-0.292270739526075,0.0531326892938892,-0.33120542803577,-0.762690884922972,0.0867692771238074,0.517865928271106,-0.409660760899342,0.117200435522668,0.230334756215901,0.0847884976718892,1.79,0
167475.0,0.191533977734742,0.759391195242488,0.161785650726876,-0.780662890638081,0.873322042968782,-0.70387372771979,1.1830208560388,-0.371946800157563,0.1778592077359,-0.19132027123835,-1.48501026552207,-0.276810477412328,-0.0767465903745147,-0.101911497779075,-0.302927607125907,0.0335139817628648,-0.752986442210493,-0.528927539705031,0.18201098612626,0.0392951697565387,-0.360827901009068,-0.686875748114696,-0.0568379642480731,-0.666234184802523,-0.430414261878517,0.153352550999884,0.082174522930226,-0.133189282133476,1.98,0
161901.0,1.90942287736159,-0.368523209232926,-3.1509229933418,-0.603011067125832,2.51730369538488,3.20995055567909,-0.457625121489008,0.818622395903953,0.869338860456716,-0.899841250437402,0.313039047538633,0.265468888695416,-0.369615961299919,-1.36962540052089,0.315788960166226,-0.0389844453259027,1.11221559464317,-0.0293271167000094,-0.0379943364754142,-0.0056440837235256,-0.226787250490579,-0.620832327071165,0.180180801799744,0.574430706528337,-0.0476354624296548,-0.0728924241432642,0.0044113564437488,-0.0160065829014081,60.0,0
79599.0,1.15700008272387,0.144353645076889,0.080954719906748,1.04248306319587,-0.28305454262825,-0.348284261437482,-0.212423850850432,0.0880151901076633,0.712140868154218,-0.794379743512154,-0.303002917224975,-0.161708128870514,-1.0326319572422,-1.36915554525199,0.109745479152554,-0.148889602247146,1.46127206515923,-0.310296939113595,-0.369869262056335,-0.159021389964124,-0.162576951215801,-0.232178878070261,-0.0551871257585539,0.0030011175098841,0.44655452801918,0.443405317089119,0.0123466441482479,0.037929738352416,12.31,0
2868.0,-2.83657420982942,2.20015099977713,-0.094570927287254,0.0268587961298398,-0.888279769458261,0.992731952289802,-1.07628405313386,2.30622723694585,-0.182799902936574,-0.642318361619165,-0.121837825410682,1.21886938748934,-0.148052234185235,1.03210765551614,0.550685450619072,-1.34274456528477,2.03474359985338,-2.46547966584099,-1.39675846397821,-0.131154698279491,0.0260161792669965,0.15596644042005,0.238396380318139,-0.626135415936622,-0.133953519053433,0.370880542247514,0.218882090810433,0.0733665103092416,15.08,0
139834.0,1.83612274238062,-0.41125917530744,-0.830409351931134,1.45989518754635,-0.0408358378076399,0.330903936470317,-0.239216286276497,0.0472901682870977,0.906667765031714,0.178667228303425,-0.126118953473857,1.41463695027686,0.388105660149916,-0.254777282084626,-2.08246666101676,-0.480674030817658,-0.384782472950822,0.332097955580799,0.253085073322583,-0.129139364046621,0.315226742930029,1.26405917949911,-0.230248828704364,-0.474794787451934,0.492303841635109,-0.238412502025314,0.0380864445318844,-0.0548391607255964,61.45,0
146998.0,-2.0642397521399,2.62973923034009,-0.748406253034646,0.694992040498764,0.418177985610222,1.39251973416781,-1.69780121912626,-6.33306461223925,1.72418428025944,-0.887241636246378,-1.59425779202416,-0.338775118165825,-0.978064513351916,-3.68882599540221,-1.48708342266887,0.526946020771924,2.34702289955703,1.69122000470716,-0.736110693106424,-1.42448619962422,6.21551399149032,-1.27690859567394,0.459861127330875,-1.05168547489323,0.209178360382973,-0.319859444506001,0.0154338685560936,-0.0501165001659193,8.0,1
54317.0,1.20225487738681,-0.0015157565859974,0.581632183946543,0.369559036460667,-0.657253046036599,-0.697865707379722,-0.135055519694922,-0.024728879922925,0.189698248405947,-0.0574750449348966,1.35778780540919,1.02806490072966,-0.374846765759115,0.308257079965698,-0.391383998585757,0.0453042464119525,-0.238325229255504,-0.232243928485277,0.446376931363586,-0.116540408869555,-0.185643789961323,-0.465517782128823,0.0796267032438265,0.560898789280566,0.260459651190594,0.416522876190699,-0.0482061170742593,0.0017694099696758,4.0,0
29093.0,0.960227699467488,-1.41655467522717,1.17237032748707,0.186656839010166,-1.57432250014086,0.884603848987657,-1.21912888291765,0.299012430734064,0.347420859550607,0.317882422493089,-1.45648335036484,0.292780745152231,0.515236418251771,-0.946966057112479,-0.37660218661367,-1.70432965249202,0.421967193594113,0.836425813232424,-0.836261549988703,-0.202197877585546,-0.312529171101594,-0.394331311728101,-0.116847912606053,-0.385347715433381,0.132392397765304,0.626331395991211,0.0423872928102277,0.0498845627258609,163.63,0
136917.0,1.82875802462903,-1.39776110884154,-0.445007131951253,-0.708906324453287,-1.36089506092891,-0.741126771192167,-0.75326075205989,-0.193425139383784,-0.0730792694249934,0.637898241444524,-0.469623968360629,-0.0448769245813474,1.01581281668503,-0.511699394870194,0.549146762164316,1.35885923265522,0.0150898224532184,-1.48008912092469,0.339850490911338,0.350647819299218,0.159406954636172,0.111134526479362,0.217649612701892,-0.0081610795263777,-0.559389071999479,-0.454229992216942,-0.0086037756285209,-0.0084644360774312,177.06,0
146002.0,-1.11063628581733,1.02361122934963,1.38819071542225,-0.691069351491661,-0.0820180005438497,-0.156566912469752,0.416493599171595,-0.163695392301469,0.819397278042841,-0.275502774218754,-0.651591690094751,0.68499699257562,1.02262829543946,-0.763768199546651,0.0260625237915734,-0.204015227175825,-0.593112765410594,0.0951064372774735,-0.417024249074337,-0.102915234023212,0.330482745422002,1.10662182109212,-0.225661830146966,1.19915257663577,-0.29423097102703,-0.429946001379668,-0.958521602832268,-0.298781134872558,11.5,0
76416.0,-0.367245631152869,1.10793860580701,1.42057907026516,0.143844657068552,-0.170468840752069,-1.17692345340168,0.699269645076162,-0.0729126126293449,-0.359832495645826,-0.502319933151894,0.0146086298721597,-0.176921825257604,-0.32434706859845,-0.332864619686945,0.912360991138144,0.305802966701677,0.148947066569977,-0.197135055916127,-0.211872373550596,0.0823311833465773,-0.245723541273366,-0.660796195326122,0.0342152501456242,0.649626478050135,-0.21645736766851,0.0528942867276847,0.242947056957362,0.100897019436579,4.99,0
69780.0,1.33596535101686,-1.12686150024223,-0.21867365085212,-1.46322278751941,-1.04963207585588,-0.761503142275111,-0.442231407360193,-0.248239908609324,-2.45888139115537,1.57428816621149,1.05177745693942,-0.155479360824993,0.547853736813073,0.121163693468335,-0.38432095455265,-0.359641963828097,0.276725821309399,0.0391187964979557,0.413197765061073,-0.107566106753312,-0.414168624319688,-1.1043705583296,0.0113323901341282,-0.0360596553901457,0.323216556956395,-0.458045395086874,-0.0187502887376938,0.0196609663447026,112.91,0
77566.0,1.37167744500777,-1.24530137421662,0.780837950989583,-1.52799312292641,-1.44500688624121,0.452650705952771,-1.54215215190055,0.308096172085925,-1.80309190335213,1.51969924194045,1.567566182926,-0.256057536639208,0.0638558720491542,-0.165415793634313,0.689624813437619,-0.525573234104284,0.708329859346626,-0.0550554801094168,-0.872854037536615,-0.401577573938445,0.0414961008563605,0.553070960424814,0.0541650079947387,-0.293228354818171,0.15020239106844,-0.0603490673985205,0.078987718164307,0.0092227292663299,10.4,0
73607.0,-0.627962876481539,-0.207542329227091,1.74509875369891,0.344112364906222,-1.16694542950271,2.06921828923566,-1.12623486033943,1.28737068828911,1.42832379764687,-0.944253539162926,-1.17907660874515,0.1109993363299,-1.70459518503946,-0.571289625651396,-1.8889370547256,0.0439317710016824,0.166966158843192,0.746922021509745,0.690418478332852,-0.132473803877444,0.227854553272163,0.817264153713888,-0.0003794657798948,-1.11478407667984,-0.315113097182623,0.593016381085713,-0.0307960729834828,-0.0339307356919857,90.0,0
127198.0,-1.13236011313258,1.618011663771,-0.707388322669195,-0.605212018382429,-0.347726696104947,-1.22413929247639,0.293908977432196,0.679995847295763,0.0547849089516104,-0.240110895047272,-1.28465213406109,0.283134933490428,-0.176035725305491,0.665675616841936,-0.404215918441768,0.152043962844368,-0.0951411285278888,-0.644455948696373,-0.129413382370047,-0.0277031710433536,-0.248451492556206,-0.681427631793352,0.177720038869608,-0.0461576506392668,-0.345446123733705,0.156822457490151,0.223214767936367,0.070012689152315,16.99,0
143066.0,1.83597326553823,0.251621629611704,-0.246945613823828,3.4083912802771,0.525222340627885,1.37041063470852,-0.455247649534141,0.326556654809411,-0.78515094737245,1.49779409858492,-0.184418285937167,0.639656220498219,0.961868722808394,-0.131328075483,-1.08343955924739,1.75968355971367,-1.59823408980828,0.369957019846185,-0.968867854632532,-0.0959824558127129,-0.182631552423412,-0.624054852120304,0.315986954639187,-0.219881108679835,-0.448250480478372,-0.386271991365977,-0.0012796061253403,-0.029468701600507,37.83,0
83101.0,1.11253948868592,0.0976945686751256,0.123382260298762,0.707760785822589,-0.246333613515995,-0.865494332328144,0.332033050415315,-0.212666388352453,-0.158285887104847,-0.0924535738344128,0.225038555817076,0.467614409759881,0.113361085009233,0.446177278543409,1.01099281104555,-0.38634068607844,0.102173743309485,-1.04760014535093,-0.611157751858248,-0.0330452054877003,0.0257624848034669,0.0246300485620022,-0.0390964789129794,0.45547313336506,0.438432195548062,0.370253727161212,-0.0443228055095415,0.0157309890642114,58.8,0
81663.0,1.17159986942528,0.276274446982112,0.3035775738997,0.523916838049252,-0.101072953605647,-0.270243000646819,-0.0765629562017037,0.0669977871366738,-0.271202900054745,-0.165562248101195,1.89676997567592,1.15025283436402,0.389718225129752,-0.116178143659116,0.61618998286175,0.370742494706153,0.005936304035392,-0.284721602144479,-0.267779520608556,-0.0851831457955669,-0.205698120842395,-0.581413652239738,0.143279875194752,-0.0149437863759834,0.12280316100982,0.105992060894473,-0.0085669735750616,0.0176922376370591,1.29,0
48087.0,1.11882042467183,0.157400082738104,0.619692589954888,0.952426804896756,-0.287413405937631,-0.0624668694053571,-0.175058451674029,0.180389568984312,-0.0580908745934244,0.108089246765698,1.48414188473546,0.68582814956492,-0.759446468304081,0.667144556506759,0.705419993160404,0.231922987775404,-0.433631870524853,-0.212205943544731,-0.348429337811573,-0.18811242735306,-0.202468561658606,-0.653423169052093,0.165701520289589,-0.0619925604349342,0.15653316890942,-0.678924482332717,0.0362766782114465,0.0190627076047764,12.0,0
154709.0,2.17782726220481,-0.983084598228511,-0.996811177814217,-1.09386225155457,-0.573142937069,0.0024312342574252,-0.99884054175778,0.109241831701198,-0.160006510228045,0.935889853471238,0.455580498229288,-0.375934116797449,-0.697069745411579,-0.0155386491347473,-0.465033539995356,1.31691585870365,-0.0952336280646722,-0.726466320664623,0.95759927183818,-0.0621672826639634,0.214219809183996,0.597433771031537,0.173951476459149,0.289991802182989,-0.141956755873115,-0.200283190553591,-0.0143930881768239,-0.0623530153982632,5.0,0
67594.0,1.07422028211184,-1.44708648260725,0.843845104110978,-1.80776485261336,-1.92214522743362,-0.539661061496936,-0.977170973320787,0.0053247003998537,0.832106062949001,-0.456187663226416,-0.0989181844600268,0.686080317136638,0.398046415321891,-0.331487429241229,1.41151027821389,-2.30293464261033,0.572826060441994,0.995284296843701,-0.607905581288443,-0.267458885146703,-0.122296210696602,0.140005489818348,-0.0645647941362648,0.45368490724387,0.216814064506931,0.111301438563051,0.0653878126639048,0.050204573891657,129.5,0
38956.0,-0.985116740002289,0.838678155729332,0.509250784918575,0.841162630504627,0.43742986492329,-0.521213176095429,0.311155327716498,0.297526695822533,-0.61739049679274,-0.301264008306879,-1.47578660808095,-0.439559994513334,-0.114544001635387,0.639934122113668,1.11222909650758,0.0664228744500102,-0.321996194054844,0.47473001665553,0.785345764927956,-0.186497388152942,0.127771441180573,0.346036798413079,0.153088163450418,-0.45544380277056,-0.0543929594740396,-0.276614613554847,-0.032407393981508,0.0450278804820491,11.72,0
101615.0,0.0181114460754515,0.143581159967389,0.826590551626868,-1.90786844727333,-0.433344965933447,-0.926804241718039,0.464674715959347,-0.307062919840999,2.48502004091542,-1.88106369984166,0.301238884085635,-1.63711535743728,2.78939596702201,1.21559327831318,0.427202093088072,-0.554108608622948,0.281037291963597,0.718195908326582,0.535562766482779,0.0908177447002526,0.278438686243349,1.20813943253379,0.120947311131495,0.0614140379351979,-1.04636876105164,-0.289494152005139,0.251060471827001,0.259860605760223,75.99,0
49238.0,-0.936755687195121,1.11381840461085,1.41651862848984,1.50355216923575,0.850468185441309,-0.3778469480671,0.83660665624263,0.174454269863384,-1.1400168375518,-0.539167928141711,-0.523911928197778,-1.3673329538252,-1.70493565204682,-0.68064616783891,0.33549859935873,1.00176471091717,0.344793809282236,0.143889371781031,-2.23227514857118,-0.15219153739292,0.111850840039002,0.0658766222429283,-0.168711666009012,-0.0743564356248236,0.182267720665429,-0.0563606865826108,0.0432195122352916,0.120661141119177,34.23,0
77484.0,-1.67690654777973,0.518528937460975,-0.0554357328174593,-2.26144620055155,-0.182545978791921,0.83031132977552,0.664480312623472,0.57671800232112,-2.03912257090013,-0.146942118179077,-0.364122814312405,0.1402755093712,0.692172088442916,0.543512491057104,-0.286397500812551,-0.571756460180115,-0.62508773331626,1.03775512054982,-0.528786620362685,-0.683474366191417,-0.762581807898862,-1.96063996673342,-0.206895247233939,-1.73419356390648,0.144603606417335,0.593823287192776,-0.619059576549758,-0.417300592722015,164.85,0
145696.0,0.131080081542609,0.964950813800228,-0.532642243265149,-0.739220328030201,1.12420635292036,-0.321356064896872,0.842307115600558,0.072661304580137,-0.246421088835106,-0.656195045497841,0.651710698839401,0.328215717810842,-0.254723998609355,-0.794594727903087,-0.887926121824134,0.641738409417656,0.0008690999210949,0.423053338381127,0.195828215181503,0.0221417049399616,-0.316996609681134,-0.806699123311509,0.037953464053874,0.170425222383847,-0.412776371561822,0.117474316297963,0.217158004582638,0.0699732806804104,1.29,0
136834.0,0.956294945854733,-1.93107928241973,-0.248426184419779,2.04344251454936,-1.40477199178117,0.181138149623425,-0.147077306245928,0.0105805762019115,1.5852468851623,-0.264422476520213,-1.44430814437611,0.691459880759793,-0.0386151457503614,-0.507517598235436,-0.898958507366147,-0.0770933362008542,-0.180470432712025,-0.145980290584241,-0.269877818219398,0.709147265270513,0.131909533227352,-0.345774801040344,-0.140416779121303,0.0353559159424605,-0.43424312983256,-0.85083990370766,-0.0025778021594339,0.0614663105734589,494.28,0
57031.0,-0.163529330302468,0.178851194875594,1.72104714460396,-0.351201611793626,-0.281572503330828,-0.116068347192254,0.371397898365657,-0.0837088123050599,-1.47149397352868,0.723710170414173,0.646986946346881,-0.260856996997567,-0.601231442077046,0.158432452468912,0.128092423282574,-1.05982428045638,-0.64923306495335,1.84538912828752,-0.479048861830203,-0.368932691882286,-0.578712568409094,-1.22110095876559,0.0843230085545593,-0.121476813505473,-0.285289551086145,-0.75428416961761,-0.104150335052387,-0.191862382114164,36.87,0
129213.0,-1.33251096434845,2.16178734456916,-2.14069481609265,0.719651163549127,0.231734977616085,-0.751473010556451,0.134544094926202,1.21899285292086,-0.950241002642746,0.432132317780694,0.139654484112196,0.107038231940916,-1.65029316450817,2.11832626131102,-0.265648972381127,-0.314595359513357,0.190668750060533,0.59192275017253,0.657222395741442,-0.148638161088451,0.353924600009686,0.871059902408287,0.0893609097495084,0.663213132260187,-0.685924823823813,-0.544216586167062,0.369274641391301,0.232094717166906,7.4,0
49660.0,-1.96670929531107,2.01036555219827,0.750558374875183,-0.580847164847254,0.157393085081489,-0.400538072921876,0.862169311658916,-0.39510430925678,0.711102189255617,2.10752817598841,1.21167236182174,0.571027861492765,0.413039219334399,-0.580253424666579,0.156327940837604,0.0121758567665745,-1.03048543600602,0.33624180952251,0.229328908848481,0.571615646330454,-0.0001998895075805,0.610945466950105,-0.222694370844776,0.0283567493301785,-0.248593343735186,0.140153808216664,-1.23016882118833,-0.867265691228651,0.98,0
169283.0,0.0476473631737661,0.917703909967154,-1.12528450606878,0.0366388949232429,0.0717932106073634,-1.22177920673231,0.882701837126926,0.0940425514608806,-0.214471426182159,-1.21261582227959,-0.582713419708365,-0.0006252680940083,0.172966814467424,-0.533018471767953,0.685442181105364,0.160476653977902,0.629998655558378,0.641271900986091,-0.345842564394696,-0.0504220363886033,0.386745334398712,0.975921219305004,0.119236424201666,-0.0897093841152549,-0.243962778023307,-0.150044866754033,-0.0949486877113919,-0.0406197497903694,97.3,0
165979.0,-0.756580397806331,1.59834397263829,-1.43715037373614,-0.793283837215181,0.627022249193822,-0.105345409308309,0.228104287871666,0.824935504128943,-0.454061759384954,-0.275451891461926,-0.221221822988529,0.910611492102051,0.727776878661383,1.01213572566305,-0.256295253691184,0.235577204611175,-0.769061895071144,0.974190994746043,0.626367548937293,-0.0135947165439611,0.416952000679583,1.23503910726084,-0.103088278083667,-0.101463870232469,-0.567402384995314,-0.211574419291856,0.361467057610223,0.245313361770969,7.99,0
122960.0,0.131676876772813,0.934773629299237,-0.578673364077728,-0.754843372800653,1.13349398570089,-0.273259552981555,0.833601683809673,0.0921582945476512,-0.201758966734779,-0.651159033249021,0.529698846635231,0.158387518883264,-0.503504902657686,-0.746808087095061,-0.852413002527817,0.67989347732782,-0.0155344085945154,0.484822867368141,0.229228973127116,0.0149889438912876,-0.323806071867411,-0.844410991203064,0.0380242451982397,0.0766836625768772,-0.408932823320709,0.123590561532387,0.21420241980228,0.0687661376241572,4.49,0
34292.0,-0.566929778770361,1.56604434303018,1.53308834108998,2.43013160243951,0.292643133288304,0.532409155022588,0.412468213109404,0.271904748374479,-1.35418335253566,1.34523391154738,0.496787499282645,-0.378446781861574,-0.609215119415709,0.505068934081156,0.733369986093728,0.432310539753417,-0.48712343357927,0.695121015740032,1.37499211555161,0.377959117262205,-0.228981564032698,-0.578529085443413,-0.0782778874990357,-0.413243810117378,-0.326010477119356,-0.008235913488517,0.477800818603229,0.244228836529753,5.52,0
78716.0,1.01785999680084,-0.824203454924549,0.672973808441131,-0.0284947960645203,-0.733745997807123,0.880062045641687,-0.808138528839506,0.429024658546036,1.14885772511363,-0.334644836041355,0.208035561609364,0.51953651067964,-1.02632618768518,-0.150390974886732,-0.565149129700317,0.0850472486690834,-0.0649170784612775,-0.176764708273744,0.688053651212631,0.0339686156889611,-0.169284174472837,-0.468516660656497,-0.0677858222329109,-0.75884892208419,0.0763752289073078,1.00073138648614,-0.045074636999926,0.0048997341477213,93.82,0
23795.0,-0.591305552924587,1.2566420384451,1.02082347462088,1.20828281077714,0.713877522980111,-0.479715195832941,0.855666965539225,-0.29806269659165,0.46003794058849,-0.308800160578777,0.711998598492308,-2.62815762833845,1.5171597933307,1.95856552932903,0.536377385180344,-1.04299521613261,1.05788282338353,-0.248119996881906,0.322488726496967,-0.111388552926311,0.0187339338344172,0.327823380302478,-0.201022338121271,0.0291894699003152,-0.0878519043162661,-0.257614495228371,-0.135534991663887,0.148956177604722,11.39,0
75033.0,-0.430330205681344,0.985632693552081,0.645789437298841,0.317131047127407,0.616332206255463,-1.34746245720975,1.0782335690849,-0.161518267508932,-0.492855874580938,-1.03963769713185,-0.39560772252726,-0.664683930228673,-0.985700496668287,-0.660967626671015,0.344105202877093,0.530852433867815,0.278141865207384,0.355529916892446,-1.08122326117298,-0.115281935429531,-0.0163780179250957,-0.207609058231514,-0.164119225784612,0.255280162145255,0.454797817761532,-0.505032215885219,-0.0394559687978208,-0.006357582233934,30.14,1
54442.0,1.16299713979103,-0.749489636633367,0.463478237846154,0.350285054831372,-0.94553408789277,0.212882252005565,-0.789552352223939,0.193711962142619,-0.735017524586212,1.0219234517739,0.0019833319318011,-0.604898815271173,-1.20190468446023,0.462090031713016,0.621788633298648,-0.520980125501324,-0.809802290230579,2.5264635996947,-0.800307949416221,-0.432617680175244,-0.21701699331848,-0.413750770196127,-0.152222223143644,-0.583911127723073,0.381277969497891,-0.268270097190811,0.0381874652721352,0.0296323343978386,90.0,0
132877.0,-0.0858195100735953,0.0834650775741203,0.286533630465697,-2.26592960564942,0.246745151925382,-0.8068965607283,0.614789423926106,-0.121730210045871,-0.925163866398064,-0.153361941343535,-1.37687922030873,-1.51819748342481,-1.44855506321172,-0.0031602901458071,-1.1109011501065,0.880225113907274,0.173731437440267,-1.60100713593838,0.253255416740955,-0.104153012535617,0.0550773191622483,0.0146068161610796,-0.0216993681881527,0.691302747654255,-0.420221367383087,-0.534809516378873,0.119843432381446,0.177330498173826,17.0,0
62746.0,-2.10257503282219,-1.47913610421358,2.39144136366601,1.28990923842782,1.57025257785387,-1.51288033924373,-0.999664685839665,0.278857436336483,-0.197998798294721,-0.392470753938828,-0.0045962208117842,0.509319838010182,-0.0426136618484764,-0.0051367657222227,0.566478509020967,-1.17365110222273,0.938147610136219,-1.00650094686219,0.901056167300421,0.681342667864879,0.0109121016587415,-0.463696620410777,0.375460318331124,0.628637301254775,0.0618571868336035,0.463770757898523,-0.0244186661365283,0.119395892420447,29.95,0
124329.0,0.394871306804467,0.0886934139292263,0.833426657147493,-2.10800271745799,-0.252448141543188,-1.10868932119643,0.49986609048978,-0.353495645936405,1.5565397204451,-1.23417657382893,-0.655413878138069,0.424897380844888,-0.0072377847612495,-0.238886724433304,0.992246350752959,-0.644409605085452,-0.344959202621067,-0.0764029050378265,1.05728773236994,-0.0467962907398776,-0.167543376158544,-0.117860873920324,0.143722505005407,0.0323068459925837,-1.0871517916194,-0.646162155594396,0.011958490053838,-0.101468664920013,2.43,0
156586.0,2.05840421406403,-1.84252902652107,-0.0401660677316293,-1.57609594754652,-1.77289523995955,0.363390776605135,-1.83711532783064,0.194442501909843,-0.951856325953911,1.57389991573581,0.773406371101223,0.404561829284455,1.28152802995072,-0.874147401797447,-0.608924684423429,0.025746449733565,0.0761769726079319,0.624196751235265,-0.138792998460306,-0.207420636298837,-0.0420137097951999,0.262853013397726,0.313984914017163,0.69717564983343,-0.577218774378933,-0.305329935598121,0.0535840808333662,-0.0198004120621236,81.09,0
120644.0,-0.384634215469999,0.505695615036649,0.51472041751008,-2.08448982399547,0.761656056234526,-1.50238505244234,1.61760830311021,-0.77453136984731,-2.07543280279044,0.0939682728108983,-0.532884714264482,-0.885054501897532,0.507437815233391,-0.0642876261340221,-0.397092746128975,0.280493526921709,0.207871992320372,-1.65529830771506,0.631415401397319,0.25387114256922,0.318695505081812,0.968180336121429,-0.690228628437497,0.129850189080195,1.25893749867127,0.168510946522246,-0.222015648269632,-0.200659966562401,30.0,0
79049.0,1.29111346082724,-0.715700518051647,0.0330925378908083,-0.847458751206472,-0.956825779697184,-0.791989762860631,-0.300626127359011,-0.173733371510402,-1.00940061285746,0.719795783350637,0.997631930017241,0.649920968867985,0.087000525282879,0.201973306310778,-0.706064278733571,-1.57145648170701,0.110950611983933,1.01091636706359,-0.0668759614636809,-0.375751820112509,-0.384923820920447,-0.646045528738081,-0.0405059780307864,0.412691335519355,0.304693419873065,1.44993584182663,-0.110352461136261,-0.0100370862317206,52.9,0
120021.0,1.95685724350738,-1.03739717522382,-0.508535529571655,0.112358645351057,-1.1280711798108,-0.545174088376357,-0.666231626787035,-0.211227874229045,-0.0037982817296195,0.752768771065341,-1.20205444007778,0.648411536043229,1.28172357752471,-0.566044979572172,-0.564432297462443,-1.65870112234893,-0.0411034354676,1.05521852692511,-0.912153703301847,-0.409387394189851,-0.133694099521715,0.267417735794009,0.0728493227525923,0.103863147600432,-0.127996739967339,0.475684975934586,-0.000818481031063,-0.0331510957383693,86.0,0
166754.0,0.0955512532229015,0.945748904688823,-0.343333221760182,-0.621273238562665,0.838082116700061,-0.598839658983594,0.83991870561491,0.0633038186583695,-0.219643137348141,-0.648292555045963,1.01459830129445,0.270014249665085,-0.745924863175309,-0.68455219806718,-0.878618777804874,0.520692049236882,0.199451801398834,0.316401444636706,0.0156019547745215,-0.0141810627221459,-0.288512355779435,-0.750900901996148,0.108903142444789,0.642941068744889,-0.489994662322424,0.0887666619881347,0.214237287787164,0.0741149648828811,4.45,0
113638.0,0.623604736531998,0.931387715626947,-0.636543354111103,1.16932850697491,0.822668318862812,-0.41728846921493,1.084264585428,-0.40784528372848,-0.705827672119295,0.280188319111836,-1.40940417367238,0.0486772470786754,0.875383654117239,0.363921187120729,0.579322957920968,-1.52481360972004,0.519718767058997,-0.150217171693293,3.02859060671135,0.23807505272987,0.131183708791052,0.720677052431854,-0.0619057839099966,-0.550245751679332,-1.08679646004697,0.655104967530427,0.272171752926415,0.263082299410007,22.08,0
62694.0,-2.97607103530729,-1.59741445812571,0.2937237649741,-2.36979304795101,-0.0001077806807824,1.06400697029182,-1.10851604306687,1.52232245463243,-0.978995540247761,-0.660645571616381,0.981404862730331,1.03649135962466,7.18078660291548e-06,0.473632348381891,-0.399718734957179,-1.47499788752611,0.697802223261022,-0.416043450706405,-3.26546266026204,-0.650650869570819,-0.10045704095977,-0.172833246427979,-0.182548648631763,-1.28040629855959,-0.769010560016256,1.07178069908358,0.149753296675299,-0.342791502900665,134.89,0
166458.0,2.13488202187695,-0.105218012696692,-1.50792218391112,0.176022531334225,0.32959405159013,-0.627752255817356,0.137743502021779,-0.247539140504502,0.668577631468395,0.0855635971441549,-1.73369029032392,-0.100512401978163,-0.122578163361884,0.286484352562984,0.156493454287529,0.215263060940793,-0.644872977358365,-0.485232734895355,0.5403238294702,-0.213973462651568,-0.361737051562878,-0.920809253880843,0.215985123077268,-1.01375594378128,-0.172205628579592,0.261610310223789,-0.0745407666706069,-0.0712379241990978,1.98,0
148191.0,1.75319577198413,-0.787680294990418,-0.350638913692155,0.853253538311049,-0.765735875853445,0.407054853608833,-0.965758320435123,0.230697858211282,1.92177144458518,-0.774346459366795,-1.23271207100056,0.609372717546464,0.431265759439415,-2.18779622097058,-0.850540154775421,0.404506167638219,0.747138949229754,0.273993702022577,0.0602349616117998,0.0810702015847446,-0.107047216395828,-0.103534064414819,0.175624603597507,0.539647734978529,-0.425144180456506,0.389816114095764,0.0152095438843916,0.0111259386835326,106.0,0
134763.0,-1.0254213896142,-1.03388053610107,0.297044528728362,-2.33035834974763,1.45736506125456,-0.923735760464382,-0.0657911921446084,0.0433634249047932,-1.49383135432581,0.100452994752102,0.303332433154336,-0.625320795824066,-0.243061198578959,0.147489598858949,-0.921250211716012,1.44705674599144,-0.552447679159928,-0.395794271104934,0.233545236412419,0.386022779334662,0.643021642129693,1.29172576929909,-0.154768414305613,0.317378421368649,0.339237691231686,-0.0603536758978726,0.0185379796197755,0.141221532422341,51.8,0
145893.0,-2.56733867364486,0.723362992868312,-0.329132245979649,-1.27970477738161,1.09644246801249,0.318162061078568,-0.181601476847406,-1.9272869146033,-0.411491418139547,-0.937737174722849,-0.194376949476738,0.079969080792596,-1.04965090670387,1.10966104813319,-0.265304090143656,0.647735184050401,-0.813575766496899,0.887356055892156,-0.267403145406132,-1.12408414817769,2.43264697663047,-0.346085970452564,-0.941623315542261,-0.0801954859072079,1.1538929111388,-0.0393482169466091,0.318208773881594,-0.401342764952442,79.0,0
36902.0,1.2827714100649,0.233473082818163,0.0833456190108275,0.412562841711928,-0.137912756411938,-0.878989833230589,0.248898476780524,-0.211630708125187,-0.0094233410789838,-0.0727883464327084,-0.662085626007475,-0.0104385620481751,-0.14357394263231,0.442692089146787,1.0064759576202,0.379772916815241,-0.492028255214333,-0.693886831497583,0.28575701077597,-0.080455856317844,-0.531444717242499,-1.63558024583687,0.196782055739339,-0.163001821668114,0.124133598921458,0.0075018010900827,-0.0563722070034535,0.0132069801758561,16.5,0
128272.0,-0.422096796646408,1.11197051266208,0.855121749943233,1.09012476137497,0.153786038125923,0.495579348276669,0.147766016876639,0.573306432037585,-0.0536257090637315,-0.715536902931899,-1.58033983603023,0.657942831451829,0.381681034831823,-0.0750791533873489,-1.01769200601574,-0.790399134894487,0.401916780537883,-0.618206219703943,1.20363155219933,-0.139393197110841,-0.375046257451683,-0.922798831627304,0.20511010514753,0.545335395548522,-0.755534484995879,-1.03078223700078,0.143713941088342,0.157335938493231,4.98,0
153049.0,-1.42561323417757,-1.81729813719631,-2.72192019491061,-0.933169788651273,2.17001357698999,-2.31154789218573,0.340751056911361,-0.0605236061459467,-1.54052409011455,0.525550540012642,-2.43645479343892,-0.41885269119049,0.453194329326905,0.969781611094641,-1.01233034060476,-1.86448269576718,-0.23092336772897,1.21803865189536,-0.696752795518607,0.235412317021274,0.323359091552273,0.653928778500122,0.155367999173237,-0.924633498527176,-1.14747597272332,0.70961254619958,0.38370458574399,-0.0234640509982063,107.75,0
110015.0,-0.238144426957634,1.14814192691969,0.0719033721597935,0.203226610654772,0.694665187558141,-0.939081053471634,0.721554220878406,-0.378794742950093,1.27771106595516,0.0118254600424883,0.247556450579236,-1.7839981977707,2.89807184461898,1.35174975999621,-0.67532061725902,-0.725028860292133,0.648551593737932,-0.536762265649739,0.7562893355817,0.174819167822627,-0.313370099342445,-0.269138492993561,0.226727477858357,-0.100658850603215,-1.49141647437837,0.125250665183113,0.461231564631283,0.406307844302692,0.89,0
86212.0,1.23903308481781,0.318452397733754,0.097117315602378,1.17727851789849,0.398722942057027,0.325365458351845,0.143798457320611,-0.0469176729152529,0.121174043500161,-0.164173294281913,-1.02923423870859,1.05519314246551,1.52181721820338,-0.286004219559364,-0.199810288948343,-0.55076260595286,-0.127220771366772,-0.891747172661674,-0.0596510317769797,-0.0820878627595192,-0.143993144076363,-0.0824019195574271,-0.177876813903413,-0.718011192298602,0.828530159485908,-0.264430269006007,0.0501243489932624,0.0093559817317034,1.0,0
49769.0,-0.531819785894691,0.221016379779321,0.338436805732821,-1.55741912383886,2.81080969197908,3.48370685149639,-0.150370855419726,-0.618785845630244,0.320322827319648,0.607864895857052,0.150540498409453,-0.460611744236172,-0.0014586087676065,-0.440258849585832,1.64908043672312,0.10081474534148,-0.884379576812972,0.184208847477294,1.23087166907598,0.0586284915166732,0.536674751683685,-0.496170884425398,-0.154704978373401,1.06204570061659,-0.781268504121275,0.814327135994041,-0.546476191102704,-0.554556247748782,0.23,0
32283.0,-1.54428931977926,-1.79329955197081,1.2128869788497,-1.18902430796534,-1.16748434661299,0.206815763879466,-1.05098248451316,0.65154908177621,-2.86163155400638,0.95797232969444,0.955301699445154,-0.185231972842365,1.16311534111819,-0.0128691332514355,0.722187077424728,-0.499488044437214,0.813862402623553,0.850409850544916,0.690756317786707,0.533907791005375,0.352786935984057,0.604456198596354,0.328886970385724,-0.296969627465454,-0.213347402718312,0.0221021221545566,0.0122532591238741,-0.105421882342142,208.0,0
133744.0,2.14412793293625,0.387033875378304,-2.71488999004072,0.338689618769854,1.03590607336379,-1.40939397594654,0.794620382230522,-0.496223370695125,0.258494171012357,-0.443775895336756,-0.966027976818407,-0.360762292895485,-0.371046019343373,-0.408240509223908,0.663196796364421,-0.0174604695913718,0.430363320154377,0.259055870515648,0.0321341081589913,-0.226909423211324,-0.0053280648193994,0.133682106450379,-0.110837506850259,-0.861122056311063,0.496968132316646,-0.114585392752614,-0.0399252054215804,-0.0520943789413198,3.93,0
85103.0,-0.975570481575243,0.216308507034882,3.79099474287993,1.89772205876205,-0.71947156916815,1.57023367959064,-0.212425432172004,0.540353561090493,0.839094361888538,-0.375003801812086,-1.83450001219736,-0.709767480811639,-1.86985353232569,-1.2920355341069,-2.02855308100447,-0.0326629292952027,0.133581083976356,-0.255275953584908,-1.39399637249572,-0.121774878569359,0.100329227922807,0.71312092583832,-0.31003292515311,0.0703005082414865,0.346345488656728,0.170995413595807,-0.0637052768356585,-0.145183401921852,52.2,0
63773.0,-0.64246118249656,0.218414837694043,0.79835087840331,-0.732491711318062,1.59477705629271,0.168493096583244,0.263338601514788,0.233452142855669,-0.577514417517361,-0.452014515131211,0.274806542000337,0.789015410758333,0.90833514015627,0.178659165511939,-0.0923596876398077,0.698844744492367,-1.19381403462008,0.0039313169777457,-0.229699469113464,0.051960587860245,-0.0634584242139828,-0.362308791408845,0.0638336851733925,-1.34638500903743,-0.767682898358682,-0.0847738777163037,0.130594880480556,0.17351370189036,1.98,0
35314.0,-2.07202605898182,2.77294596939331,-0.738602604775452,0.571890229771155,-0.524180494488409,1.58111536817905,-3.11266617115089,-9.46137753876526,0.395657962095648,0.855512878543161,0.347133340110196,1.29718955409449,-0.009290668498844,0.895349607076279,1.33105498329445,-1.00066706915273,1.40332434444966,-1.2277091484002,-0.380864521993102,-1.98653300644301,9.29725378608516,-2.63406270650431,1.31095216148748,-0.0116514974435951,-0.101225987169033,0.496806566891778,0.650213357420609,0.407207871780678,5.54,0
96135.0,-1.95293262584861,3.54138524292281,-1.31056140773257,5.95566359407,-1.00399266347247,0.983049267722507,-4.58723460197373,-4.89218360319852,-2.51675203271071,-2.85032390160027,2.02467408050134,-6.48774641306604,2.37646259977422,-2.24151634571345,-0.566869734947616,-3.93685691797738,-6.12719357199364,-2.32855196140235,1.56212955232854,1.96502978343686,-1.99809122812016,1.13370623369264,-0.041460872197789,-0.215378738296157,-0.865598577097396,0.212544577403768,0.532896738259478,0.357891632792824,18.96,1
164947.0,-0.286076698502376,0.655013346127518,-0.174979988890118,-0.826467193396788,1.47238232790187,-0.375673708994098,1.03609699537189,-0.144875221256507,-0.21627915880779,-0.48776425921338,-1.5527579009419,0.52609839727387,1.3712230712641,-0.169369364501248,-0.764094721566712,-0.128164409352503,-0.676965771446572,-0.596900246578553,0.319221905017287,0.212021622581637,-0.166338223207706,-0.326975177387613,0.0703806205329395,0.076087017625822,-0.646870053529709,0.158983808811616,0.380797582283053,0.280909209173505,23.07,0
53597.0,-0.591231817220045,1.06366330217311,2.97391920076517,2.97285007841719,-0.375351465374655,0.847753222546398,0.0471158002716535,0.146141326802652,-0.464672740270142,0.916338253432606,-0.298772972752294,-0.0468366528161434,0.177586750443054,-0.663819324391554,0.692547741438977,-0.625162625770825,0.500231859074674,-0.441670298741098,0.469181251187322,0.299629929585508,-0.02486073064943,0.395762387359905,-0.0853545950082036,0.408435628485752,-0.387699389081374,0.172295391872445,0.131445070689639,-0.0230105296560859,9.09,0
149655.0,0.358699689816765,0.696096463775502,0.375801183354997,1.13676168832665,0.30014582257456,0.105241391996694,0.392138699790247,-0.0536724193476724,-0.359369040523594,0.188436561104128,-0.937498117029423,-0.308685620425791,0.0536538056880008,0.300679645849122,1.45502621349986,-1.09748409647707,0.544093886373329,0.100445725986287,2.54747233084761,0.24418652974997,0.135719440095399,0.575439952318688,0.085315138679059,0.657892967275162,-1.16094755134469,0.544199885962605,0.25164890575874,0.24767355197271,20.0,0
52582.0,0.77187622634506,-0.831403895736017,0.664239901008324,0.4930439734367,-0.851185217639239,0.361865038252454,-0.46959696903296,0.280837227392609,0.385189850124136,-0.0400497067271462,1.12408174170157,0.341592756921428,-0.814473079305507,0.423097193447817,1.11109941342657,0.729810654155665,-0.600143016836325,0.317625893386922,-0.375903585786101,0.253137820256875,0.163278278117973,-0.0125088323770308,-0.125235996247733,-0.301615428641718,-0.0151131495169008,0.406598283512873,-0.0385128745652732,0.042083632970821,205.35,0
41222.0,-0.798317717078095,0.274478939015295,0.99970499402494,0.745265710963474,1.77961594758014,-0.700819398841004,1.57976712697211,-1.00638972966884,-0.351450120942861,0.677607884177471,-0.820319864719362,-0.31644897737839,0.7625001171422,-0.38308155433152,0.959123843080675,-0.611561919702775,-0.75050055400728,-0.0003687682887315,0.970104375383583,0.0462666190421449,-0.134193293593312,0.433416514387372,0.0773619213577683,-0.430233993265492,0.251328280286423,-0.306781406308313,-0.548793064002555,-0.521128268581339,1.59,0
43767.0,1.28162488266411,-1.31984751334229,0.500906037376623,-1.45476455791665,-1.52334820403509,-0.341995331574822,-0.993008169290497,-0.0811888598562889,-2.11371476751686,1.51056266260566,1.11479899591075,0.1784499903362,1.3475492179968,-0.344589955466372,0.0013300343962891,0.0803851925999631,0.0091880908643759,0.440563406381948,0.137011753258469,-0.0359814602006443,-0.266340535565815,-0.647424319130051,0.024049613239796,-0.0200111027517366,0.135515237621211,-0.421058833901948,0.0244056351613575,0.0363081957309132,117.7,0
162724.0,2.13252793391984,-0.237262307493188,-2.32673007180883,-1.72706142607508,0.444286974156925,-1.57550312177984,0.655198941993046,-0.524350466234738,0.765035976986459,-0.614528654301875,1.15721135843608,1.59239679835916,0.593405113845114,0.867855828324695,0.246704132864586,-0.944918180698421,-0.435413504895997,-0.0198049632102798,1.16360361488496,-0.143526528039145,0.160693866129216,0.664552395028116,-0.0939873963346929,-0.310619543131501,0.465589326841012,-0.0738519831312041,-0.0560372542074598,-0.0875040825643321,13.26,0
